ISO-10303-21;
HEADER;
FILE_DESCRIPTION(('KiCad electronic assembly'),'2;1');
FILE_NAME('sumission-plate2.step','2024-12-19T14:28:37',('Pcbnew'),(
    'Kicad'),'Open CASCADE STEP processor 7.6','KiCad to STEP converter'
  ,'Unknown');
FILE_SCHEMA(('AUTOMOTIVE_DESIGN { 1 0 10303 214 1 1 1 1 }'));
ENDSEC;
DATA;
#1 = APPLICATION_PROTOCOL_DEFINITION('international standard',
  'automotive_design',2000,#2);
#2 = APPLICATION_CONTEXT(
  'core data for automotive mechanical design processes');
#3 = SHAPE_DEFINITION_REPRESENTATION(#4,#10);
#4 = PRODUCT_DEFINITION_SHAPE('','',#5);
#5 = PRODUCT_DEFINITION('design','',#6,#9);
#6 = PRODUCT_DEFINITION_FORMATION('','',#7);
#7 = PRODUCT('sumission-plate2 1','sumission-plate2 1','',(#8));
#8 = PRODUCT_CONTEXT('',#2,'mechanical');
#9 = PRODUCT_DEFINITION_CONTEXT('part definition',#2,'design');
#10 = SHAPE_REPRESENTATION('',(#11,#15),#19);
#11 = AXIS2_PLACEMENT_3D('',#12,#13,#14);
#12 = CARTESIAN_POINT('',(0.,0.,0.));
#13 = DIRECTION('',(0.,0.,1.));
#14 = DIRECTION('',(1.,0.,-0.));
#15 = AXIS2_PLACEMENT_3D('',#16,#17,#18);
#16 = CARTESIAN_POINT('',(0.,0.,0.));
#17 = DIRECTION('',(0.,0.,1.));
#18 = DIRECTION('',(1.,0.,-0.));
#19 = ( GEOMETRIC_REPRESENTATION_CONTEXT(3) 
GLOBAL_UNCERTAINTY_ASSIGNED_CONTEXT((#23)) GLOBAL_UNIT_ASSIGNED_CONTEXT(
(#20,#21,#22)) REPRESENTATION_CONTEXT('Context #1',
  '3D Context with UNIT and UNCERTAINTY') );
#20 = ( LENGTH_UNIT() NAMED_UNIT(*) SI_UNIT(.MILLI.,.METRE.) );
#21 = ( NAMED_UNIT(*) PLANE_ANGLE_UNIT() SI_UNIT($,.RADIAN.) );
#22 = ( NAMED_UNIT(*) SI_UNIT($,.STERADIAN.) SOLID_ANGLE_UNIT() );
#23 = UNCERTAINTY_MEASURE_WITH_UNIT(LENGTH_MEASURE(1.E-07),#20,
  'distance_accuracy_value','confusion accuracy');
#24 = PRODUCT_RELATED_PRODUCT_CATEGORY('part',$,(#7));
#25 = SHAPE_DEFINITION_REPRESENTATION(#26,#32);
#26 = PRODUCT_DEFINITION_SHAPE('','',#27);
#27 = PRODUCT_DEFINITION('design','',#28,#31);
#28 = PRODUCT_DEFINITION_FORMATION('','',#29);
#29 = PRODUCT('sumission-plate2_PCB','sumission-plate2_PCB','',(#30));
#30 = PRODUCT_CONTEXT('',#2,'mechanical');
#31 = PRODUCT_DEFINITION_CONTEXT('part definition',#2,'design');
#32 = ADVANCED_BREP_SHAPE_REPRESENTATION('',(#11,#33),#17722);
#33 = MANIFOLD_SOLID_BREP('',#34);
#34 = CLOSED_SHELL('',(#35,#77,#108,#139,#4530,#8921,#8938,#8955,#8972,
    #8989,#9006,#9023,#9040,#9057,#9074,#9091,#9108,#9125,#9142,#9159,
    #9176,#9193,#9210,#9227,#9244,#9261,#9278,#9295,#9312,#9329,#9346,
    #9363,#9380,#9397,#9414,#9431,#9448,#9465,#9482,#9499,#9516,#9533,
    #9550,#9567,#9584,#9601,#9618,#9635,#9652,#9669,#9686,#9698,#9715,
    #9737,#9754,#9771,#9788,#9805,#9822,#9839,#9856,#9873,#9890,#9907,
    #9924,#9936,#9958,#9975,#9992,#10009,#10026,#10043,#10060,#10077,
    #10094,#10111,#10128,#10145,#10157,#10179,#10196,#10213,#10230,
    #10247,#10264,#10281,#10298,#10315,#10332,#10349,#10366,#10378,
    #10400,#10417,#10434,#10451,#10468,#10485,#10502,#10519,#10536,
    #10553,#10570,#10587,#10599,#10621,#10638,#10655,#10672,#10689,
    #10706,#10723,#10740,#10757,#10774,#10791,#10808,#10820,#10842,
    #10859,#10876,#10893,#10910,#10927,#10944,#10961,#10978,#10995,
    #11012,#11029,#11041,#11063,#11080,#11097,#11114,#11131,#11148,
    #11165,#11182,#11199,#11216,#11233,#11250,#11262,#11284,#11301,
    #11318,#11335,#11352,#11369,#11386,#11403,#11420,#11437,#11454,
    #11471,#11488,#11505,#11522,#11539,#11556,#11573,#11590,#11607,
    #11624,#11641,#11658,#11675,#11692,#11709,#11726,#11743,#11760,
    #11777,#11794,#11811,#11828,#11845,#11862,#11879,#11896,#11913,
    #11930,#11942,#11959,#11981,#11998,#12015,#12032,#12049,#12066,
    #12083,#12100,#12117,#12134,#12151,#12168,#12180,#12202,#12219,
    #12236,#12253,#12270,#12287,#12304,#12321,#12338,#12355,#12372,
    #12389,#12401,#12423,#12440,#12457,#12474,#12491,#12508,#12525,
    #12542,#12559,#12576,#12593,#12610,#12622,#12644,#12661,#12678,
    #12695,#12712,#12729,#12746,#12763,#12780,#12797,#12814,#12831,
    #12843,#12865,#12882,#12899,#12916,#12933,#12950,#12967,#12984,
    #13001,#13018,#13035,#13052,#13064,#13086,#13103,#13120,#13137,
    #13154,#13171,#13188,#13205,#13222,#13239,#13256,#13273,#13285,
    #13307,#13324,#13341,#13358,#13375,#13392,#13409,#13426,#13443,
    #13460,#13477,#13494,#13506,#13528,#13545,#13562,#13579,#13596,
    #13613,#13630,#13647,#13664,#13681,#13698,#13715,#13727,#13749,
    #13766,#13783,#13800,#13817,#13834,#13851,#13868,#13885,#13902,
    #13919,#13936,#13948,#13970,#13987,#14004,#14021,#14038,#14055,
    #14072,#14089,#14106,#14123,#14140,#14157,#14169,#14191,#14208,
    #14225,#14242,#14259,#14276,#14293,#14310,#14327,#14344,#14361,
    #14378,#14390,#14412,#14429,#14446,#14463,#14480,#14497,#14514,
    #14531,#14548,#14565,#14582,#14599,#14611,#14633,#14650,#14667,
    #14684,#14701,#14718,#14735,#14752,#14769,#14786,#14803,#14815,
    #14832,#14854,#14871,#14888,#14905,#14922,#14939,#14956,#14973,
    #14990,#15007,#15024,#15041,#15053,#15075,#15092,#15109,#15126,
    #15143,#15160,#15177,#15194,#15211,#15228,#15245,#15262,#15274,
    #15296,#15313,#15330,#15347,#15364,#15381,#15398,#15415,#15432,
    #15449,#15466,#15483,#15495,#15517,#15534,#15551,#15568,#15585,
    #15602,#15619,#15636,#15653,#15670,#15687,#15704,#15716,#15738,
    #15755,#15772,#15789,#15806,#15823,#15840,#15857,#15874,#15891,
    #15908,#15925,#15937,#15959,#15976,#15993,#16010,#16027,#16044,
    #16061,#16078,#16095,#16112,#16129,#16146,#16158,#16180,#16197,
    #16214,#16231,#16248,#16265,#16282,#16299,#16316,#16333,#16350,
    #16367,#16379,#16401,#16418,#16435,#16452,#16469,#16486,#16503,
    #16520,#16537,#16554,#16571,#16588,#16600,#16622,#16639,#16656,
    #16673,#16690,#16707,#16724,#16741,#16758,#16775,#16792,#16809,
    #16821,#16843,#16860,#16877,#16894,#16911,#16928,#16945,#16962,
    #16979,#16996,#17013,#17030,#17042,#17064,#17081,#17098,#17115,
    #17132,#17149,#17166,#17183,#17200,#17217,#17234,#17251,#17263,
    #17285,#17302,#17319,#17336,#17353,#17370,#17387,#17404,#17421,
    #17438,#17455,#17472,#17484,#17506,#17523,#17540,#17557,#17574,
    #17591,#17608,#17625,#17642,#17659,#17676,#17693,#17705));
#35 = ADVANCED_FACE('',(#36),#72,.T.);
#36 = FACE_BOUND('',#37,.T.);
#37 = EDGE_LOOP('',(#38,#48,#57,#65));
#38 = ORIENTED_EDGE('',*,*,#39,.T.);
#39 = EDGE_CURVE('',#40,#42,#44,.T.);
#40 = VERTEX_POINT('',#41);
#41 = CARTESIAN_POINT('',(194.163043,-34.382421,0.));
#42 = VERTEX_POINT('',#43);
#43 = CARTESIAN_POINT('',(194.163043,-34.382421,1.6));
#44 = LINE('',#45,#46);
#45 = CARTESIAN_POINT('',(194.163043,-34.382421,0.));
#46 = VECTOR('',#47,1.);
#47 = DIRECTION('',(0.,0.,1.));
#48 = ORIENTED_EDGE('',*,*,#49,.T.);
#49 = EDGE_CURVE('',#42,#50,#52,.T.);
#50 = VERTEX_POINT('',#51);
#51 = CARTESIAN_POINT('',(197.646724,-34.275396,1.6));
#52 = CIRCLE('',#53,2.539217992294);
#53 = AXIS2_PLACEMENT_3D('',#54,#55,#56);
#54 = CARTESIAN_POINT('',(195.9615945039,-36.17486081772,1.6));
#55 = DIRECTION('',(0.,0.,-1.));
#56 = DIRECTION('',(-0.708309215422,0.705902298727,0.));
#57 = ORIENTED_EDGE('',*,*,#58,.F.);
#58 = EDGE_CURVE('',#59,#50,#61,.T.);
#59 = VERTEX_POINT('',#60);
#60 = CARTESIAN_POINT('',(197.646724,-34.275396,0.));
#61 = LINE('',#62,#63);
#62 = CARTESIAN_POINT('',(197.646724,-34.275396,0.));
#63 = VECTOR('',#64,1.);
#64 = DIRECTION('',(0.,0.,1.));
#65 = ORIENTED_EDGE('',*,*,#66,.F.);
#66 = EDGE_CURVE('',#40,#59,#67,.T.);
#67 = CIRCLE('',#68,2.539217992294);
#68 = AXIS2_PLACEMENT_3D('',#69,#70,#71);
#69 = CARTESIAN_POINT('',(195.9615945039,-36.17486081772,0.));
#70 = DIRECTION('',(0.,0.,-1.));
#71 = DIRECTION('',(-0.708309215422,0.705902298727,0.));
#72 = CYLINDRICAL_SURFACE('',#73,2.539217992294);
#73 = AXIS2_PLACEMENT_3D('',#74,#75,#76);
#74 = CARTESIAN_POINT('',(195.9615945039,-36.17486081772,0.));
#75 = DIRECTION('',(0.,0.,-1.));
#76 = DIRECTION('',(-0.708309215422,0.705902298727,0.));
#77 = ADVANCED_FACE('',(#78),#103,.T.);
#78 = FACE_BOUND('',#79,.T.);
#79 = EDGE_LOOP('',(#80,#90,#96,#97));
#80 = ORIENTED_EDGE('',*,*,#81,.T.);
#81 = EDGE_CURVE('',#82,#84,#86,.T.);
#82 = VERTEX_POINT('',#83);
#83 = CARTESIAN_POINT('',(191.594345,-36.973098,0.));
#84 = VERTEX_POINT('',#85);
#85 = CARTESIAN_POINT('',(191.594345,-36.973098,1.6));
#86 = LINE('',#87,#88);
#87 = CARTESIAN_POINT('',(191.594345,-36.973098,0.));
#88 = VECTOR('',#89,1.);
#89 = DIRECTION('',(0.,0.,1.));
#90 = ORIENTED_EDGE('',*,*,#91,.T.);
#91 = EDGE_CURVE('',#84,#42,#92,.T.);
#92 = LINE('',#93,#94);
#93 = CARTESIAN_POINT('',(191.594345,-36.973098,1.6));
#94 = VECTOR('',#95,1.);
#95 = DIRECTION('',(0.704088108971,0.710112621213,0.));
#96 = ORIENTED_EDGE('',*,*,#39,.F.);
#97 = ORIENTED_EDGE('',*,*,#98,.F.);
#98 = EDGE_CURVE('',#82,#40,#99,.T.);
#99 = LINE('',#100,#101);
#100 = CARTESIAN_POINT('',(191.594345,-36.973098,0.));
#101 = VECTOR('',#102,1.);
#102 = DIRECTION('',(0.704088108971,0.710112621213,0.));
#103 = PLANE('',#104);
#104 = AXIS2_PLACEMENT_3D('',#105,#106,#107);
#105 = CARTESIAN_POINT('',(191.594345,-36.973098,0.));
#106 = DIRECTION('',(-0.710112621213,0.704088108971,0.));
#107 = DIRECTION('',(0.704088108971,0.710112621213,0.));
#108 = ADVANCED_FACE('',(#109),#134,.T.);
#109 = FACE_BOUND('',#110,.T.);
#110 = EDGE_LOOP('',(#111,#112,#120,#128));
#111 = ORIENTED_EDGE('',*,*,#58,.T.);
#112 = ORIENTED_EDGE('',*,*,#113,.T.);
#113 = EDGE_CURVE('',#50,#114,#116,.T.);
#114 = VERTEX_POINT('',#115);
#115 = CARTESIAN_POINT('',(197.756897,-34.382421,1.6));
#116 = LINE('',#117,#118);
#117 = CARTESIAN_POINT('',(197.646724,-34.275396,1.6));
#118 = VECTOR('',#119,1.);
#119 = DIRECTION('',(0.717280031634,-0.696785014347,0.));
#120 = ORIENTED_EDGE('',*,*,#121,.F.);
#121 = EDGE_CURVE('',#122,#114,#124,.T.);
#122 = VERTEX_POINT('',#123);
#123 = CARTESIAN_POINT('',(197.756897,-34.382421,0.));
#124 = LINE('',#125,#126);
#125 = CARTESIAN_POINT('',(197.756897,-34.382421,0.));
#126 = VECTOR('',#127,1.);
#127 = DIRECTION('',(0.,0.,1.));
#128 = ORIENTED_EDGE('',*,*,#129,.F.);
#129 = EDGE_CURVE('',#59,#122,#130,.T.);
#130 = LINE('',#131,#132);
#131 = CARTESIAN_POINT('',(197.646724,-34.275396,0.));
#132 = VECTOR('',#133,1.);
#133 = DIRECTION('',(0.717280031634,-0.696785014347,0.));
#134 = PLANE('',#135);
#135 = AXIS2_PLACEMENT_3D('',#136,#137,#138);
#136 = CARTESIAN_POINT('',(197.646724,-34.275396,0.));
#137 = DIRECTION('',(0.696785014347,0.717280031634,-0.));
#138 = DIRECTION('',(0.717280031634,-0.696785014347,0.));
#139 = ADVANCED_FACE('',(#140,#526,#537,#647,#757,#867,#977,#1087,#1197,
    #1307,#1640,#1651,#1761,#1871,#1981,#2091,#2201,#2311,#2421,#2531,
    #2641,#2751,#2861,#2971,#3073,#3084,#3194,#3304,#3414,#3524,#3634,
    #3744,#3854,#3964,#4074,#4184,#4294,#4404,#4514),#4525,.F.);
#140 = FACE_BOUND('',#141,.F.);
#141 = EDGE_LOOP('',(#142,#143,#144,#152,#161,#169,#177,#186,#194,#202,
    #211,#219,#227,#236,#244,#252,#260,#269,#277,#285,#294,#302,#310,
    #319,#327,#335,#344,#352,#360,#369,#377,#385,#394,#402,#410,#419,
    #427,#435,#444,#452,#460,#469,#477,#485,#494,#502,#510,#519,#525));
#142 = ORIENTED_EDGE('',*,*,#66,.F.);
#143 = ORIENTED_EDGE('',*,*,#98,.F.);
#144 = ORIENTED_EDGE('',*,*,#145,.F.);
#145 = EDGE_CURVE('',#146,#82,#148,.T.);
#146 = VERTEX_POINT('',#147);
#147 = CARTESIAN_POINT('',(191.442019,-37.143118,0.));
#148 = LINE('',#149,#150);
#149 = CARTESIAN_POINT('',(191.442019,-37.143118,0.));
#150 = VECTOR('',#151,1.);
#151 = DIRECTION('',(0.66728821806,0.744799593205,0.));
#152 = ORIENTED_EDGE('',*,*,#153,.F.);
#153 = EDGE_CURVE('',#154,#146,#156,.T.);
#154 = VERTEX_POINT('',#155);
#155 = CARTESIAN_POINT('',(188.02247,-38.797484,0.));
#156 = CIRCLE('',#157,5.412647198864);
#157 = AXIS2_PLACEMENT_3D('',#158,#159,#160);
#158 = CARTESIAN_POINT('',(187.52490068686,-33.40775539106,0.));
#159 = DIRECTION('',(0.,0.,1.));
#160 = DIRECTION('',(9.192716518507E-02,-0.995765733645,0.));
#161 = ORIENTED_EDGE('',*,*,#162,.F.);
#162 = EDGE_CURVE('',#163,#154,#165,.T.);
#163 = VERTEX_POINT('',#164);
#164 = CARTESIAN_POINT('',(99.122595,-38.797484,0.));
#165 = LINE('',#166,#167);
#166 = CARTESIAN_POINT('',(99.122595,-38.797484,0.));
#167 = VECTOR('',#168,1.);
#168 = DIRECTION('',(1.,0.,0.));
#169 = ORIENTED_EDGE('',*,*,#170,.F.);
#170 = EDGE_CURVE('',#171,#163,#173,.T.);
#171 = VERTEX_POINT('',#172);
#172 = CARTESIAN_POINT('',(98.895558,-38.773735,0.));
#173 = LINE('',#174,#175);
#174 = CARTESIAN_POINT('',(98.895558,-38.773735,0.));
#175 = VECTOR('',#176,1.);
#176 = DIRECTION('',(0.994573484002,-0.104036459571,0.));
#177 = ORIENTED_EDGE('',*,*,#178,.F.);
#178 = EDGE_CURVE('',#179,#171,#181,.T.);
#179 = VERTEX_POINT('',#180);
#180 = CARTESIAN_POINT('',(95.55072,-36.973098,0.));
#181 = CIRCLE('',#182,5.412912842608);
#182 = AXIS2_PLACEMENT_3D('',#183,#184,#185);
#183 = CARTESIAN_POINT('',(99.625780592365,-33.41030322479,0.));
#184 = DIRECTION('',(0.,0.,1.));
#185 = DIRECTION('',(-0.752840607425,-0.658202871319,0.));
#186 = ORIENTED_EDGE('',*,*,#187,.F.);
#187 = EDGE_CURVE('',#188,#179,#190,.T.);
#188 = VERTEX_POINT('',#189);
#189 = CARTESIAN_POINT('',(92.982022,-34.382421,0.));
#190 = LINE('',#191,#192);
#191 = CARTESIAN_POINT('',(92.982022,-34.382421,0.));
#192 = VECTOR('',#193,1.);
#193 = DIRECTION('',(0.704088108971,-0.710112621213,0.));
#194 = ORIENTED_EDGE('',*,*,#195,.F.);
#195 = EDGE_CURVE('',#196,#188,#198,.T.);
#196 = VERTEX_POINT('',#197);
#197 = CARTESIAN_POINT('',(92.871849,-34.275396,0.));
#198 = LINE('',#199,#200);
#199 = CARTESIAN_POINT('',(92.871849,-34.275396,0.));
#200 = VECTOR('',#201,1.);
#201 = DIRECTION('',(0.717280031634,-0.696785014347,0.));
#202 = ORIENTED_EDGE('',*,*,#203,.F.);
#203 = EDGE_CURVE('',#204,#196,#206,.T.);
#204 = VERTEX_POINT('',#205);
#205 = CARTESIAN_POINT('',(89.388168,-34.382421,0.));
#206 = CIRCLE('',#207,2.539217992294);
#207 = AXIS2_PLACEMENT_3D('',#208,#209,#210);
#208 = CARTESIAN_POINT('',(91.186719503908,-36.17486081772,0.));
#209 = DIRECTION('',(0.,0.,-1.));
#210 = DIRECTION('',(-0.708309215422,0.705902298727,0.));
#211 = ORIENTED_EDGE('',*,*,#212,.F.);
#212 = EDGE_CURVE('',#213,#204,#215,.T.);
#213 = VERTEX_POINT('',#214);
#214 = CARTESIAN_POINT('',(86.81947,-36.973098,0.));
#215 = LINE('',#216,#217);
#216 = CARTESIAN_POINT('',(86.81947,-36.973098,0.));
#217 = VECTOR('',#218,1.);
#218 = DIRECTION('',(0.704088108971,0.710112621213,0.));
#219 = ORIENTED_EDGE('',*,*,#220,.F.);
#220 = EDGE_CURVE('',#221,#213,#223,.T.);
#221 = VERTEX_POINT('',#222);
#222 = CARTESIAN_POINT('',(86.66714,-37.143113,0.));
#223 = LINE('',#224,#225);
#224 = CARTESIAN_POINT('',(86.66714,-37.143113,0.));
#225 = VECTOR('',#226,1.);
#226 = DIRECTION('',(0.667308824018,0.744781131198,0.));
#227 = ORIENTED_EDGE('',*,*,#228,.F.);
#228 = EDGE_CURVE('',#229,#221,#231,.T.);
#229 = VERTEX_POINT('',#230);
#230 = CARTESIAN_POINT('',(83.247595,-38.797484,0.));
#231 = CIRCLE('',#232,5.413091647998);
#232 = AXIS2_PLACEMENT_3D('',#233,#234,#235);
#233 = CARTESIAN_POINT('',(82.74980936778,-33.40732902505,0.));
#234 = DIRECTION('',(0.,0.,1.));
#235 = DIRECTION('',(9.195957958783E-02,-0.995762740678,0.));
#236 = ORIENTED_EDGE('',*,*,#237,.F.);
#237 = EDGE_CURVE('',#238,#229,#240,.T.);
#238 = VERTEX_POINT('',#239);
#239 = CARTESIAN_POINT('',(46.73522,-38.797484,0.));
#240 = LINE('',#241,#242);
#241 = CARTESIAN_POINT('',(46.73522,-38.797484,0.));
#242 = VECTOR('',#243,1.);
#243 = DIRECTION('',(1.,0.,0.));
#244 = ORIENTED_EDGE('',*,*,#245,.F.);
#245 = EDGE_CURVE('',#246,#238,#248,.T.);
#246 = VERTEX_POINT('',#247);
#247 = CARTESIAN_POINT('',(46.73497,-38.797484,0.));
#248 = LINE('',#249,#250);
#249 = CARTESIAN_POINT('',(46.73497,-38.797484,0.));
#250 = VECTOR('',#251,1.);
#251 = DIRECTION('',(1.,0.,0.));
#252 = ORIENTED_EDGE('',*,*,#253,.F.);
#253 = EDGE_CURVE('',#254,#246,#256,.T.);
#254 = VERTEX_POINT('',#255);
#255 = CARTESIAN_POINT('',(46.579052,-38.799919,0.));
#256 = LINE('',#257,#258);
#257 = CARTESIAN_POINT('',(46.579052,-38.799919,0.));
#258 = VECTOR('',#259,1.);
#259 = DIRECTION('',(0.999878074094,1.561527925207E-02,0.));
#260 = ORIENTED_EDGE('',*,*,#261,.F.);
#261 = EDGE_CURVE('',#262,#254,#264,.T.);
#262 = VERTEX_POINT('',#263);
#263 = CARTESIAN_POINT('',(44.35372,-41.178734,0.));
#264 = CIRCLE('',#265,2.378891018556);
#265 = AXIS2_PLACEMENT_3D('',#266,#267,#268);
#266 = CARTESIAN_POINT('',(46.732606002932,-41.1738490003,0.));
#267 = DIRECTION('',(0.,0.,-1.));
#268 = DIRECTION('',(-0.999997891612,-2.053477715511E-03,-0.));
#269 = ORIENTED_EDGE('',*,*,#270,.F.);
#270 = EDGE_CURVE('',#271,#262,#273,.T.);
#271 = VERTEX_POINT('',#272);
#272 = CARTESIAN_POINT('',(44.35372,-120.553734,0.));
#273 = LINE('',#274,#275);
#274 = CARTESIAN_POINT('',(44.35372,-120.553734,0.));
#275 = VECTOR('',#276,1.);
#276 = DIRECTION('',(0.,1.,0.));
#277 = ORIENTED_EDGE('',*,*,#278,.F.);
#278 = EDGE_CURVE('',#279,#271,#281,.T.);
#279 = VERTEX_POINT('',#280);
#280 = CARTESIAN_POINT('',(44.356274,-120.709641,0.));
#281 = LINE('',#282,#283);
#282 = CARTESIAN_POINT('',(44.356274,-120.709641,0.));
#283 = VECTOR('',#284,1.);
#284 = DIRECTION('',(-1.637936320329E-02,0.999865849232,0.));
#285 = ORIENTED_EDGE('',*,*,#286,.F.);
#286 = EDGE_CURVE('',#287,#279,#289,.T.);
#287 = VERTEX_POINT('',#288);
#288 = CARTESIAN_POINT('',(46.73497,-122.934984,0.));
#289 = CIRCLE('',#290,2.379162012161);
#290 = AXIS2_PLACEMENT_3D('',#291,#292,#293);
#291 = CARTESIAN_POINT('',(46.730458682665,-120.5558262649,0.));
#292 = DIRECTION('',(0.,0.,-1.));
#293 = DIRECTION('',(1.896179121982E-03,-0.999998202251,0.));
#294 = ORIENTED_EDGE('',*,*,#295,.F.);
#295 = EDGE_CURVE('',#296,#287,#298,.T.);
#296 = VERTEX_POINT('',#297);
#297 = CARTESIAN_POINT('',(83.247345,-122.934984,0.));
#298 = LINE('',#299,#300);
#299 = CARTESIAN_POINT('',(83.247345,-122.934984,0.));
#300 = VECTOR('',#301,1.);
#301 = DIRECTION('',(-1.,0.,0.));
#302 = ORIENTED_EDGE('',*,*,#303,.F.);
#303 = EDGE_CURVE('',#304,#296,#306,.T.);
#304 = VERTEX_POINT('',#305);
#305 = CARTESIAN_POINT('',(83.474381,-122.958735,0.));
#306 = LINE('',#307,#308);
#307 = CARTESIAN_POINT('',(83.474381,-122.958735,0.));
#308 = VECTOR('',#309,1.);
#309 = DIRECTION('',(-0.994572529991,0.104045579379,0.));
#310 = ORIENTED_EDGE('',*,*,#311,.F.);
#311 = EDGE_CURVE('',#312,#304,#314,.T.);
#312 = VERTEX_POINT('',#313);
#313 = CARTESIAN_POINT('',(86.81922,-124.75937,0.));
#314 = CIRCLE('',#315,5.413074746455);
#315 = AXIS2_PLACEMENT_3D('',#316,#317,#318);
#316 = CARTESIAN_POINT('',(82.744079572353,-128.3223194391,0.));
#317 = DIRECTION('',(0.,0.,1.));
#318 = DIRECTION('',(0.752832838733,0.658211756903,-0.));
#319 = ORIENTED_EDGE('',*,*,#320,.F.);
#320 = EDGE_CURVE('',#321,#312,#323,.T.);
#321 = VERTEX_POINT('',#322);
#322 = CARTESIAN_POINT('',(89.387918,-127.350047,0.));
#323 = LINE('',#324,#325);
#324 = CARTESIAN_POINT('',(89.387918,-127.350047,0.));
#325 = VECTOR('',#326,1.);
#326 = DIRECTION('',(-0.704088108971,0.710112621213,0.));
#327 = ORIENTED_EDGE('',*,*,#328,.F.);
#328 = EDGE_CURVE('',#329,#321,#331,.T.);
#329 = VERTEX_POINT('',#330);
#330 = CARTESIAN_POINT('',(89.498091,-127.457072,0.));
#331 = LINE('',#332,#333);
#332 = CARTESIAN_POINT('',(89.498091,-127.457072,0.));
#333 = VECTOR('',#334,1.);
#334 = DIRECTION('',(-0.717280031634,0.696785014347,0.));
#335 = ORIENTED_EDGE('',*,*,#336,.F.);
#336 = EDGE_CURVE('',#337,#329,#339,.T.);
#337 = VERTEX_POINT('',#338);
#338 = CARTESIAN_POINT('',(92.981772,-127.350047,0.));
#339 = CIRCLE('',#340,2.539217992294);
#340 = AXIS2_PLACEMENT_3D('',#341,#342,#343);
#341 = CARTESIAN_POINT('',(91.183220496092,-125.5576071822,0.));
#342 = DIRECTION('',(-0.,0.,-1.));
#343 = DIRECTION('',(0.708309215422,-0.705902298727,-0.));
#344 = ORIENTED_EDGE('',*,*,#345,.F.);
#345 = EDGE_CURVE('',#346,#337,#348,.T.);
#346 = VERTEX_POINT('',#347);
#347 = CARTESIAN_POINT('',(95.55047,-124.75937,0.));
#348 = LINE('',#349,#350);
#349 = CARTESIAN_POINT('',(95.55047,-124.75937,0.));
#350 = VECTOR('',#351,1.);
#351 = DIRECTION('',(-0.704088108971,-0.710112621213,0.));
#352 = ORIENTED_EDGE('',*,*,#353,.F.);
#353 = EDGE_CURVE('',#354,#346,#356,.T.);
#354 = VERTEX_POINT('',#355);
#355 = CARTESIAN_POINT('',(95.702801,-124.589357,0.));
#356 = LINE('',#357,#358);
#357 = CARTESIAN_POINT('',(95.702801,-124.589357,0.));
#358 = VECTOR('',#359,1.);
#359 = DIRECTION('',(-0.667315608359,-0.74477505251,0.));
#360 = ORIENTED_EDGE('',*,*,#361,.F.);
#361 = EDGE_CURVE('',#362,#354,#364,.T.);
#362 = VERTEX_POINT('',#363);
#363 = CARTESIAN_POINT('',(99.122345,-122.934984,0.));
#364 = CIRCLE('',#365,5.41337876892);
#365 = AXIS2_PLACEMENT_3D('',#366,#367,#368);
#366 = CARTESIAN_POINT('',(99.620267353585,-128.3254146901,0.));
#367 = DIRECTION('',(0.,0.,1.));
#368 = DIRECTION('',(-9.197995832908E-02,0.995760858472,0.));
#369 = ORIENTED_EDGE('',*,*,#370,.F.);
#370 = EDGE_CURVE('',#371,#362,#373,.T.);
#371 = VERTEX_POINT('',#372);
#372 = CARTESIAN_POINT('',(188.022194,-122.934984,0.));
#373 = LINE('',#374,#375);
#374 = CARTESIAN_POINT('',(188.022194,-122.934984,0.));
#375 = VECTOR('',#376,1.);
#376 = DIRECTION('',(-1.,0.,0.));
#377 = ORIENTED_EDGE('',*,*,#378,.F.);
#378 = EDGE_CURVE('',#379,#371,#381,.T.);
#379 = VERTEX_POINT('',#380);
#380 = CARTESIAN_POINT('',(188.249232,-122.95873,0.));
#381 = LINE('',#382,#383);
#382 = CARTESIAN_POINT('',(188.249232,-122.95873,0.));
#383 = VECTOR('',#384,1.);
#384 = DIRECTION('',(-0.994574891149,0.104023006568,0.));
#385 = ORIENTED_EDGE('',*,*,#386,.F.);
#386 = EDGE_CURVE('',#387,#379,#389,.T.);
#387 = VERTEX_POINT('',#388);
#388 = CARTESIAN_POINT('',(191.594069,-124.75937,0.));
#389 = CIRCLE('',#390,5.412607143049);
#390 = AXIS2_PLACEMENT_3D('',#391,#392,#393);
#391 = CARTESIAN_POINT('',(187.5191600408,-128.3218737627,0.));
#392 = DIRECTION('',(0.,0.,1.));
#393 = DIRECTION('',(0.752855112426,0.658186280391,-0.));
#394 = ORIENTED_EDGE('',*,*,#395,.F.);
#395 = EDGE_CURVE('',#396,#387,#398,.T.);
#396 = VERTEX_POINT('',#397);
#397 = CARTESIAN_POINT('',(194.162767,-127.350047,0.));
#398 = LINE('',#399,#400);
#399 = CARTESIAN_POINT('',(194.162767,-127.350047,0.));
#400 = VECTOR('',#401,1.);
#401 = DIRECTION('',(-0.704088108971,0.710112621213,0.));
#402 = ORIENTED_EDGE('',*,*,#403,.F.);
#403 = EDGE_CURVE('',#404,#396,#406,.T.);
#404 = VERTEX_POINT('',#405);
#405 = CARTESIAN_POINT('',(194.27294,-127.457072,0.));
#406 = LINE('',#407,#408);
#407 = CARTESIAN_POINT('',(194.27294,-127.457072,0.));
#408 = VECTOR('',#409,1.);
#409 = DIRECTION('',(-0.717280031634,0.696785014347,0.));
#410 = ORIENTED_EDGE('',*,*,#411,.F.);
#411 = EDGE_CURVE('',#412,#404,#414,.T.);
#412 = VERTEX_POINT('',#413);
#413 = CARTESIAN_POINT('',(197.756621,-127.350047,0.));
#414 = CIRCLE('',#415,2.539217992294);
#415 = AXIS2_PLACEMENT_3D('',#416,#417,#418);
#416 = CARTESIAN_POINT('',(195.95806949609,-125.5576071822,0.));
#417 = DIRECTION('',(-0.,0.,-1.));
#418 = DIRECTION('',(0.708309215422,-0.705902298727,-0.));
#419 = ORIENTED_EDGE('',*,*,#420,.F.);
#420 = EDGE_CURVE('',#421,#412,#423,.T.);
#421 = VERTEX_POINT('',#422);
#422 = CARTESIAN_POINT('',(200.325319,-124.75937,0.));
#423 = LINE('',#424,#425);
#424 = CARTESIAN_POINT('',(200.325319,-124.75937,0.));
#425 = VECTOR('',#426,1.);
#426 = DIRECTION('',(-0.704088108971,-0.710112621213,0.));
#427 = ORIENTED_EDGE('',*,*,#428,.F.);
#428 = EDGE_CURVE('',#429,#421,#431,.T.);
#429 = VERTEX_POINT('',#430);
#430 = CARTESIAN_POINT('',(200.477647,-124.589353,0.));
#431 = LINE('',#432,#433);
#432 = CARTESIAN_POINT('',(200.477647,-124.589353,0.));
#433 = VECTOR('',#434,1.);
#434 = DIRECTION('',(-0.667299609671,-0.744789386964,0.));
#435 = ORIENTED_EDGE('',*,*,#436,.F.);
#436 = EDGE_CURVE('',#437,#429,#439,.T.);
#437 = VERTEX_POINT('',#438);
#438 = CARTESIAN_POINT('',(203.897194,-122.934984,0.));
#439 = CIRCLE('',#440,5.412935977638);
#440 = AXIS2_PLACEMENT_3D('',#441,#442,#443);
#441 = CARTESIAN_POINT('',(204.39490294865,-128.3249897235,0.));
#442 = DIRECTION('',(0.,0.,1.));
#443 = DIRECTION('',(-9.194805752645E-02,0.995763804683,0.));
#444 = ORIENTED_EDGE('',*,*,#445,.F.);
#445 = EDGE_CURVE('',#446,#437,#448,.T.);
#446 = VERTEX_POINT('',#447);
#447 = CARTESIAN_POINT('',(240.40997,-122.934984,0.));
#448 = LINE('',#449,#450);
#449 = CARTESIAN_POINT('',(240.40997,-122.934984,0.));
#450 = VECTOR('',#451,1.);
#451 = DIRECTION('',(-1.,0.,0.));
#452 = ORIENTED_EDGE('',*,*,#453,.F.);
#453 = EDGE_CURVE('',#454,#446,#456,.T.);
#454 = VERTEX_POINT('',#455);
#455 = CARTESIAN_POINT('',(240.565874,-122.932425,0.));
#456 = LINE('',#457,#458);
#457 = CARTESIAN_POINT('',(240.565874,-122.932425,0.));
#458 = VECTOR('',#459,1.);
#459 = DIRECTION('',(-0.999865318385,-1.641173638747E-02,0.));
#460 = ORIENTED_EDGE('',*,*,#461,.F.);
#461 = EDGE_CURVE('',#462,#454,#464,.T.);
#462 = VERTEX_POINT('',#463);
#463 = CARTESIAN_POINT('',(242.79122,-120.553734,0.));
#464 = CIRCLE('',#465,2.379282599652);
#465 = AXIS2_PLACEMENT_3D('',#466,#467,#468);
#466 = CARTESIAN_POINT('',(240.41194145607,-120.558127112,0.));
#467 = DIRECTION('',(0.,0.,-1.));
#468 = DIRECTION('',(0.999998295398,1.846401939455E-03,0.));
#469 = ORIENTED_EDGE('',*,*,#470,.F.);
#470 = EDGE_CURVE('',#471,#462,#473,.T.);
#471 = VERTEX_POINT('',#472);
#472 = CARTESIAN_POINT('',(242.79122,-41.178734,0.));
#473 = LINE('',#474,#475);
#474 = CARTESIAN_POINT('',(242.79122,-41.178734,0.));
#475 = VECTOR('',#476,1.);
#476 = DIRECTION('',(0.,-1.,0.));
#477 = ORIENTED_EDGE('',*,*,#478,.F.);
#478 = EDGE_CURVE('',#479,#471,#481,.T.);
#479 = VERTEX_POINT('',#480);
#480 = CARTESIAN_POINT('',(242.788789,-41.022816,0.));
#481 = LINE('',#482,#483);
#482 = CARTESIAN_POINT('',(242.788789,-41.022816,0.));
#483 = VECTOR('',#484,1.);
#484 = DIRECTION('',(1.558963410864E-02,-0.99987847427,0.));
#485 = ORIENTED_EDGE('',*,*,#486,.F.);
#486 = EDGE_CURVE('',#487,#479,#489,.T.);
#487 = VERTEX_POINT('',#488);
#488 = CARTESIAN_POINT('',(240.40997,-38.797484,0.));
#489 = CIRCLE('',#490,2.37885525707);
#490 = AXIS2_PLACEMENT_3D('',#491,#492,#493);
#491 = CARTESIAN_POINT('',(240.41489251796,-41.17633416403,0.));
#492 = DIRECTION('',(0.,0.,-1.));
#493 = DIRECTION('',(-2.06928015205E-03,0.999997859038,0.));
#494 = ORIENTED_EDGE('',*,*,#495,.F.);
#495 = EDGE_CURVE('',#496,#487,#498,.T.);
#496 = VERTEX_POINT('',#497);
#497 = CARTESIAN_POINT('',(203.897595,-38.797484,0.));
#498 = LINE('',#499,#500);
#499 = CARTESIAN_POINT('',(203.897595,-38.797484,0.));
#500 = VECTOR('',#501,1.);
#501 = DIRECTION('',(1.,0.,0.));
#502 = ORIENTED_EDGE('',*,*,#503,.F.);
#503 = EDGE_CURVE('',#504,#496,#506,.T.);
#504 = VERTEX_POINT('',#505);
#505 = CARTESIAN_POINT('',(203.670435,-38.77373,0.));
#506 = LINE('',#507,#508);
#507 = CARTESIAN_POINT('',(203.670435,-38.77373,0.));
#508 = VECTOR('',#509,1.);
#509 = DIRECTION('',(0.994577047107,-0.104002391165,0.));
#510 = ORIENTED_EDGE('',*,*,#511,.F.);
#511 = EDGE_CURVE('',#512,#504,#514,.T.);
#512 = VERTEX_POINT('',#513);
#513 = CARTESIAN_POINT('',(200.325595,-36.973098,0.));
#514 = CIRCLE('',#515,5.413407439589);
#515 = AXIS2_PLACEMENT_3D('',#516,#517,#518);
#516 = CARTESIAN_POINT('',(204.40090072206,-33.40983216951,0.));
#517 = DIRECTION('',(0.,0.,1.));
#518 = DIRECTION('',(-0.752817105962,-0.658229750901,0.));
#519 = ORIENTED_EDGE('',*,*,#520,.F.);
#520 = EDGE_CURVE('',#122,#512,#521,.T.);
#521 = LINE('',#522,#523);
#522 = CARTESIAN_POINT('',(197.756897,-34.382421,0.));
#523 = VECTOR('',#524,1.);
#524 = DIRECTION('',(0.704088108971,-0.710112621213,0.));
#525 = ORIENTED_EDGE('',*,*,#129,.F.);
#526 = FACE_BOUND('',#527,.F.);
#527 = EDGE_LOOP('',(#528));
#528 = ORIENTED_EDGE('',*,*,#529,.T.);
#529 = EDGE_CURVE('',#530,#530,#532,.T.);
#530 = VERTEX_POINT('',#531);
#531 = CARTESIAN_POINT('',(91.18497,-126.813109,0.));
#532 = CIRCLE('',#533,1.1);
#533 = AXIS2_PLACEMENT_3D('',#534,#535,#536);
#534 = CARTESIAN_POINT('',(91.18497,-125.713109,0.));
#535 = DIRECTION('',(-0.,0.,-1.));
#536 = DIRECTION('',(1.2918958832E-14,-1.,-0.));
#537 = FACE_BOUND('',#538,.F.);
#538 = EDGE_LOOP('',(#539,#550,#558,#566,#575,#583,#591,#600,#608,#616,
    #625,#633,#641));
#539 = ORIENTED_EDGE('',*,*,#540,.F.);
#540 = EDGE_CURVE('',#541,#543,#545,.T.);
#541 = VERTEX_POINT('',#542);
#542 = CARTESIAN_POINT('',(48.96622,-107.203734,0.));
#543 = VERTEX_POINT('',#544);
#544 = CARTESIAN_POINT('',(48.468163,-107.638162,0.));
#545 = CIRCLE('',#546,0.49760436513);
#546 = AXIS2_PLACEMENT_3D('',#547,#548,#549);
#547 = CARTESIAN_POINT('',(48.961743181199,-107.7013182263,0.));
#548 = DIRECTION('',(0.,0.,1.));
#549 = DIRECTION('',(8.996743425823E-03,0.999959528485,-0.));
#550 = ORIENTED_EDGE('',*,*,#551,.F.);
#551 = EDGE_CURVE('',#552,#541,#554,.T.);
#552 = VERTEX_POINT('',#553);
#553 = CARTESIAN_POINT('',(61.96622,-107.203734,0.));
#554 = LINE('',#555,#556);
#555 = CARTESIAN_POINT('',(61.96622,-107.203734,0.));
#556 = VECTOR('',#557,1.);
#557 = DIRECTION('',(-1.,0.,0.));
#558 = ORIENTED_EDGE('',*,*,#559,.F.);
#559 = EDGE_CURVE('',#560,#552,#562,.T.);
#560 = VERTEX_POINT('',#561);
#561 = CARTESIAN_POINT('',(62.031786,-107.205684,0.));
#562 = LINE('',#563,#564);
#563 = CARTESIAN_POINT('',(62.031786,-107.205684,0.));
#564 = VECTOR('',#565,1.);
#565 = DIRECTION('',(-0.999558028917,2.972787963877E-02,0.));
#566 = ORIENTED_EDGE('',*,*,#567,.F.);
#567 = EDGE_CURVE('',#568,#560,#570,.T.);
#568 = VERTEX_POINT('',#569);
#569 = CARTESIAN_POINT('',(62.46622,-107.703734,0.));
#570 = CIRCLE('',#571,0.497726394619);
#571 = AXIS2_PLACEMENT_3D('',#572,#573,#574);
#572 = CARTESIAN_POINT('',(61.968512717805,-107.699372217,0.));
#573 = DIRECTION('',(0.,0.,1.));
#574 = DIRECTION('',(0.999961600542,-8.763414981357E-03,0.));
#575 = ORIENTED_EDGE('',*,*,#576,.F.);
#576 = EDGE_CURVE('',#577,#568,#579,.T.);
#577 = VERTEX_POINT('',#578);
#578 = CARTESIAN_POINT('',(62.46622,-120.703734,0.));
#579 = LINE('',#580,#581);
#580 = CARTESIAN_POINT('',(62.46622,-120.703734,0.));
#581 = VECTOR('',#582,1.);
#582 = DIRECTION('',(0.,1.,0.));
#583 = ORIENTED_EDGE('',*,*,#584,.F.);
#584 = EDGE_CURVE('',#585,#577,#587,.T.);
#585 = VERTEX_POINT('',#586);
#586 = CARTESIAN_POINT('',(62.464077,-120.769277,0.));
#587 = LINE('',#588,#589);
#588 = CARTESIAN_POINT('',(62.464077,-120.769277,0.));
#589 = VECTOR('',#590,1.);
#590 = DIRECTION('',(3.267863001618E-02,0.999465910945,0.));
#591 = ORIENTED_EDGE('',*,*,#592,.F.);
#592 = EDGE_CURVE('',#593,#585,#595,.T.);
#593 = VERTEX_POINT('',#594);
#594 = CARTESIAN_POINT('',(61.96622,-121.203734,0.));
#595 = CIRCLE('',#596,0.49788830137);
#596 = AXIS2_PLACEMENT_3D('',#597,#598,#599);
#597 = CARTESIAN_POINT('',(61.970243735536,-120.705861958,0.));
#598 = DIRECTION('',(0.,0.,1.));
#599 = DIRECTION('',(-8.081602892037E-03,-0.999967343314,0.));
#600 = ORIENTED_EDGE('',*,*,#601,.F.);
#601 = EDGE_CURVE('',#602,#593,#604,.T.);
#602 = VERTEX_POINT('',#603);
#603 = CARTESIAN_POINT('',(48.96622,-121.203734,0.));
#604 = LINE('',#605,#606);
#605 = CARTESIAN_POINT('',(48.96622,-121.203734,0.));
#606 = VECTOR('',#607,1.);
#607 = DIRECTION('',(1.,0.,0.));
#608 = ORIENTED_EDGE('',*,*,#609,.F.);
#609 = EDGE_CURVE('',#610,#602,#612,.T.);
#610 = VERTEX_POINT('',#611);
#611 = CARTESIAN_POINT('',(48.90344,-121.200478,0.));
#612 = LINE('',#613,#614);
#613 = CARTESIAN_POINT('',(48.90344,-121.200478,0.));
#614 = VECTOR('',#615,1.);
#615 = DIRECTION('',(0.998657788004,-5.179403882981E-02,0.));
#616 = ORIENTED_EDGE('',*,*,#617,.F.);
#617 = EDGE_CURVE('',#618,#610,#620,.T.);
#618 = VERTEX_POINT('',#619);
#619 = CARTESIAN_POINT('',(48.468984,-120.702618,0.));
#620 = CIRCLE('',#621,0.497855880261);
#621 = AXIS2_PLACEMENT_3D('',#622,#623,#624);
#622 = CARTESIAN_POINT('',(48.96682336325,-120.7066733556,0.));
#623 = DIRECTION('',(0.,0.,1.));
#624 = DIRECTION('',(-0.99996682371,8.145641778927E-03,0.));
#625 = ORIENTED_EDGE('',*,*,#626,.F.);
#626 = EDGE_CURVE('',#627,#618,#629,.T.);
#627 = VERTEX_POINT('',#628);
#628 = CARTESIAN_POINT('',(48.46622,-120.703734,0.));
#629 = LINE('',#630,#631);
#630 = CARTESIAN_POINT('',(48.46622,-120.703734,0.));
#631 = VECTOR('',#632,1.);
#632 = DIRECTION('',(0.927268715845,0.374396485847,0.));
#633 = ORIENTED_EDGE('',*,*,#634,.F.);
#634 = EDGE_CURVE('',#635,#627,#637,.T.);
#635 = VERTEX_POINT('',#636);
#636 = CARTESIAN_POINT('',(48.46622,-107.703734,0.));
#637 = LINE('',#638,#639);
#638 = CARTESIAN_POINT('',(48.46622,-107.703734,0.));
#639 = VECTOR('',#640,1.);
#640 = DIRECTION('',(0.,-1.,0.));
#641 = ORIENTED_EDGE('',*,*,#642,.F.);
#642 = EDGE_CURVE('',#543,#635,#643,.T.);
#643 = LINE('',#644,#645);
#644 = CARTESIAN_POINT('',(48.468163,-107.638162,0.));
#645 = VECTOR('',#646,1.);
#646 = DIRECTION('',(-2.961854993549E-02,-0.99956127451,0.));
#647 = FACE_BOUND('',#648,.F.);
#648 = EDGE_LOOP('',(#649,#660,#668,#676,#685,#693,#701,#710,#718,#726,
    #735,#743,#751));
#649 = ORIENTED_EDGE('',*,*,#650,.F.);
#650 = EDGE_CURVE('',#651,#653,#655,.T.);
#651 = VERTEX_POINT('',#652);
#652 = CARTESIAN_POINT('',(87.06622,-107.203734,0.));
#653 = VERTEX_POINT('',#654);
#654 = CARTESIAN_POINT('',(86.568163,-107.638162,0.));
#655 = CIRCLE('',#656,0.49760436513);
#656 = AXIS2_PLACEMENT_3D('',#657,#658,#659);
#657 = CARTESIAN_POINT('',(87.061743181199,-107.7013182263,0.));
#658 = DIRECTION('',(0.,0.,1.));
#659 = DIRECTION('',(8.996743425809E-03,0.999959528485,-0.));
#660 = ORIENTED_EDGE('',*,*,#661,.F.);
#661 = EDGE_CURVE('',#662,#651,#664,.T.);
#662 = VERTEX_POINT('',#663);
#663 = CARTESIAN_POINT('',(100.06622,-107.203734,0.));
#664 = LINE('',#665,#666);
#665 = CARTESIAN_POINT('',(100.06622,-107.203734,0.));
#666 = VECTOR('',#667,1.);
#667 = DIRECTION('',(-1.,0.,0.));
#668 = ORIENTED_EDGE('',*,*,#669,.F.);
#669 = EDGE_CURVE('',#670,#662,#672,.T.);
#670 = VERTEX_POINT('',#671);
#671 = CARTESIAN_POINT('',(100.131786,-107.205684,0.));
#672 = LINE('',#673,#674);
#673 = CARTESIAN_POINT('',(100.131786,-107.205684,0.));
#674 = VECTOR('',#675,1.);
#675 = DIRECTION('',(-0.999558028917,2.972787963877E-02,0.));
#676 = ORIENTED_EDGE('',*,*,#677,.F.);
#677 = EDGE_CURVE('',#678,#670,#680,.T.);
#678 = VERTEX_POINT('',#679);
#679 = CARTESIAN_POINT('',(100.56622,-107.703734,0.));
#680 = CIRCLE('',#681,0.497726394619);
#681 = AXIS2_PLACEMENT_3D('',#682,#683,#684);
#682 = CARTESIAN_POINT('',(100.0685127178,-107.699372217,0.));
#683 = DIRECTION('',(0.,0.,1.));
#684 = DIRECTION('',(0.999961600542,-8.763414981328E-03,0.));
#685 = ORIENTED_EDGE('',*,*,#686,.F.);
#686 = EDGE_CURVE('',#687,#678,#689,.T.);
#687 = VERTEX_POINT('',#688);
#688 = CARTESIAN_POINT('',(100.56622,-120.703734,0.));
#689 = LINE('',#690,#691);
#690 = CARTESIAN_POINT('',(100.56622,-120.703734,0.));
#691 = VECTOR('',#692,1.);
#692 = DIRECTION('',(0.,1.,0.));
#693 = ORIENTED_EDGE('',*,*,#694,.F.);
#694 = EDGE_CURVE('',#695,#687,#697,.T.);
#695 = VERTEX_POINT('',#696);
#696 = CARTESIAN_POINT('',(100.564077,-120.769277,0.));
#697 = LINE('',#698,#699);
#698 = CARTESIAN_POINT('',(100.564077,-120.769277,0.));
#699 = VECTOR('',#700,1.);
#700 = DIRECTION('',(3.267863001629E-02,0.999465910945,0.));
#701 = ORIENTED_EDGE('',*,*,#702,.F.);
#702 = EDGE_CURVE('',#703,#695,#705,.T.);
#703 = VERTEX_POINT('',#704);
#704 = CARTESIAN_POINT('',(100.06622,-121.203734,0.));
#705 = CIRCLE('',#706,0.49788830137);
#706 = AXIS2_PLACEMENT_3D('',#707,#708,#709);
#707 = CARTESIAN_POINT('',(100.07024373553,-120.705861958,0.));
#708 = DIRECTION('',(0.,0.,1.));
#709 = DIRECTION('',(-8.081602892037E-03,-0.999967343314,0.));
#710 = ORIENTED_EDGE('',*,*,#711,.F.);
#711 = EDGE_CURVE('',#712,#703,#714,.T.);
#712 = VERTEX_POINT('',#713);
#713 = CARTESIAN_POINT('',(87.06622,-121.203734,0.));
#714 = LINE('',#715,#716);
#715 = CARTESIAN_POINT('',(87.06622,-121.203734,0.));
#716 = VECTOR('',#717,1.);
#717 = DIRECTION('',(1.,0.,0.));
#718 = ORIENTED_EDGE('',*,*,#719,.F.);
#719 = EDGE_CURVE('',#720,#712,#722,.T.);
#720 = VERTEX_POINT('',#721);
#721 = CARTESIAN_POINT('',(87.00344,-121.200478,0.));
#722 = LINE('',#723,#724);
#723 = CARTESIAN_POINT('',(87.00344,-121.200478,0.));
#724 = VECTOR('',#725,1.);
#725 = DIRECTION('',(0.998657788004,-5.179403882981E-02,0.));
#726 = ORIENTED_EDGE('',*,*,#727,.F.);
#727 = EDGE_CURVE('',#728,#720,#730,.T.);
#728 = VERTEX_POINT('',#729);
#729 = CARTESIAN_POINT('',(86.568984,-120.702618,0.));
#730 = CIRCLE('',#731,0.497855880261);
#731 = AXIS2_PLACEMENT_3D('',#732,#733,#734);
#732 = CARTESIAN_POINT('',(87.06682336325,-120.7066733556,0.));
#733 = DIRECTION('',(0.,0.,1.));
#734 = DIRECTION('',(-0.99996682371,8.145641778927E-03,0.));
#735 = ORIENTED_EDGE('',*,*,#736,.F.);
#736 = EDGE_CURVE('',#737,#728,#739,.T.);
#737 = VERTEX_POINT('',#738);
#738 = CARTESIAN_POINT('',(86.56622,-120.703734,0.));
#739 = LINE('',#740,#741);
#740 = CARTESIAN_POINT('',(86.56622,-120.703734,0.));
#741 = VECTOR('',#742,1.);
#742 = DIRECTION('',(0.927268715845,0.374396485847,0.));
#743 = ORIENTED_EDGE('',*,*,#744,.F.);
#744 = EDGE_CURVE('',#745,#737,#747,.T.);
#745 = VERTEX_POINT('',#746);
#746 = CARTESIAN_POINT('',(86.56622,-107.703734,0.));
#747 = LINE('',#748,#749);
#748 = CARTESIAN_POINT('',(86.56622,-107.703734,0.));
#749 = VECTOR('',#750,1.);
#750 = DIRECTION('',(0.,-1.,0.));
#751 = ORIENTED_EDGE('',*,*,#752,.F.);
#752 = EDGE_CURVE('',#653,#745,#753,.T.);
#753 = LINE('',#754,#755);
#754 = CARTESIAN_POINT('',(86.568163,-107.638162,0.));
#755 = VECTOR('',#756,1.);
#756 = DIRECTION('',(-2.961854993549E-02,-0.99956127451,0.));
#757 = FACE_BOUND('',#758,.F.);
#758 = EDGE_LOOP('',(#759,#770,#778,#786,#795,#803,#811,#820,#828,#836,
    #845,#853,#861));
#759 = ORIENTED_EDGE('',*,*,#760,.F.);
#760 = EDGE_CURVE('',#761,#763,#765,.T.);
#761 = VERTEX_POINT('',#762);
#762 = CARTESIAN_POINT('',(48.96622,-83.391234,0.));
#763 = VERTEX_POINT('',#764);
#764 = CARTESIAN_POINT('',(48.468163,-83.825662,0.));
#765 = CIRCLE('',#766,0.49760436513);
#766 = AXIS2_PLACEMENT_3D('',#767,#768,#769);
#767 = CARTESIAN_POINT('',(48.961743181199,-83.88881822632,0.));
#768 = DIRECTION('',(0.,0.,1.));
#769 = DIRECTION('',(8.996743425823E-03,0.999959528485,-0.));
#770 = ORIENTED_EDGE('',*,*,#771,.F.);
#771 = EDGE_CURVE('',#772,#761,#774,.T.);
#772 = VERTEX_POINT('',#773);
#773 = CARTESIAN_POINT('',(61.96622,-83.391234,0.));
#774 = LINE('',#775,#776);
#775 = CARTESIAN_POINT('',(61.96622,-83.391234,0.));
#776 = VECTOR('',#777,1.);
#777 = DIRECTION('',(-1.,0.,0.));
#778 = ORIENTED_EDGE('',*,*,#779,.F.);
#779 = EDGE_CURVE('',#780,#772,#782,.T.);
#780 = VERTEX_POINT('',#781);
#781 = CARTESIAN_POINT('',(62.031786,-83.393184,0.));
#782 = LINE('',#783,#784);
#783 = CARTESIAN_POINT('',(62.031786,-83.393184,0.));
#784 = VECTOR('',#785,1.);
#785 = DIRECTION('',(-0.999558028917,2.972787963877E-02,0.));
#786 = ORIENTED_EDGE('',*,*,#787,.F.);
#787 = EDGE_CURVE('',#788,#780,#790,.T.);
#788 = VERTEX_POINT('',#789);
#789 = CARTESIAN_POINT('',(62.46622,-83.891234,0.));
#790 = CIRCLE('',#791,0.497726394619);
#791 = AXIS2_PLACEMENT_3D('',#792,#793,#794);
#792 = CARTESIAN_POINT('',(61.968512717805,-83.88687221705,0.));
#793 = DIRECTION('',(0.,0.,1.));
#794 = DIRECTION('',(0.999961600542,-8.763414981357E-03,0.));
#795 = ORIENTED_EDGE('',*,*,#796,.F.);
#796 = EDGE_CURVE('',#797,#788,#799,.T.);
#797 = VERTEX_POINT('',#798);
#798 = CARTESIAN_POINT('',(62.46622,-96.891234,0.));
#799 = LINE('',#800,#801);
#800 = CARTESIAN_POINT('',(62.46622,-96.891234,0.));
#801 = VECTOR('',#802,1.);
#802 = DIRECTION('',(0.,1.,0.));
#803 = ORIENTED_EDGE('',*,*,#804,.F.);
#804 = EDGE_CURVE('',#805,#797,#807,.T.);
#805 = VERTEX_POINT('',#806);
#806 = CARTESIAN_POINT('',(62.464077,-96.956777,0.));
#807 = LINE('',#808,#809);
#808 = CARTESIAN_POINT('',(62.464077,-96.956777,0.));
#809 = VECTOR('',#810,1.);
#810 = DIRECTION('',(3.267863001618E-02,0.999465910945,0.));
#811 = ORIENTED_EDGE('',*,*,#812,.F.);
#812 = EDGE_CURVE('',#813,#805,#815,.T.);
#813 = VERTEX_POINT('',#814);
#814 = CARTESIAN_POINT('',(61.96622,-97.391234,0.));
#815 = CIRCLE('',#816,0.49788830137);
#816 = AXIS2_PLACEMENT_3D('',#817,#818,#819);
#817 = CARTESIAN_POINT('',(61.970243735536,-96.89336195801,0.));
#818 = DIRECTION('',(0.,0.,1.));
#819 = DIRECTION('',(-8.081602892037E-03,-0.999967343314,0.));
#820 = ORIENTED_EDGE('',*,*,#821,.F.);
#821 = EDGE_CURVE('',#822,#813,#824,.T.);
#822 = VERTEX_POINT('',#823);
#823 = CARTESIAN_POINT('',(48.96622,-97.391234,0.));
#824 = LINE('',#825,#826);
#825 = CARTESIAN_POINT('',(48.96622,-97.391234,0.));
#826 = VECTOR('',#827,1.);
#827 = DIRECTION('',(1.,0.,0.));
#828 = ORIENTED_EDGE('',*,*,#829,.F.);
#829 = EDGE_CURVE('',#830,#822,#832,.T.);
#830 = VERTEX_POINT('',#831);
#831 = CARTESIAN_POINT('',(48.90344,-97.387978,0.));
#832 = LINE('',#833,#834);
#833 = CARTESIAN_POINT('',(48.90344,-97.387978,0.));
#834 = VECTOR('',#835,1.);
#835 = DIRECTION('',(0.998657788004,-5.179403882981E-02,0.));
#836 = ORIENTED_EDGE('',*,*,#837,.F.);
#837 = EDGE_CURVE('',#838,#830,#840,.T.);
#838 = VERTEX_POINT('',#839);
#839 = CARTESIAN_POINT('',(48.468984,-96.890118,0.));
#840 = CIRCLE('',#841,0.497855880261);
#841 = AXIS2_PLACEMENT_3D('',#842,#843,#844);
#842 = CARTESIAN_POINT('',(48.96682336325,-96.89417335565,0.));
#843 = DIRECTION('',(0.,0.,1.));
#844 = DIRECTION('',(-0.99996682371,8.145641778927E-03,0.));
#845 = ORIENTED_EDGE('',*,*,#846,.F.);
#846 = EDGE_CURVE('',#847,#838,#849,.T.);
#847 = VERTEX_POINT('',#848);
#848 = CARTESIAN_POINT('',(48.46622,-96.891234,0.));
#849 = LINE('',#850,#851);
#850 = CARTESIAN_POINT('',(48.46622,-96.891234,0.));
#851 = VECTOR('',#852,1.);
#852 = DIRECTION('',(0.927268715845,0.374396485847,0.));
#853 = ORIENTED_EDGE('',*,*,#854,.F.);
#854 = EDGE_CURVE('',#855,#847,#857,.T.);
#855 = VERTEX_POINT('',#856);
#856 = CARTESIAN_POINT('',(48.46622,-83.891234,0.));
#857 = LINE('',#858,#859);
#858 = CARTESIAN_POINT('',(48.46622,-83.891234,0.));
#859 = VECTOR('',#860,1.);
#860 = DIRECTION('',(0.,-1.,0.));
#861 = ORIENTED_EDGE('',*,*,#862,.F.);
#862 = EDGE_CURVE('',#763,#855,#863,.T.);
#863 = LINE('',#864,#865);
#864 = CARTESIAN_POINT('',(48.468163,-83.825662,0.));
#865 = VECTOR('',#866,1.);
#866 = DIRECTION('',(-2.961854993549E-02,-0.99956127451,0.));
#867 = FACE_BOUND('',#868,.F.);
#868 = EDGE_LOOP('',(#869,#880,#888,#896,#905,#913,#921,#930,#938,#946,
    #955,#963,#971));
#869 = ORIENTED_EDGE('',*,*,#870,.F.);
#870 = EDGE_CURVE('',#871,#873,#875,.T.);
#871 = VERTEX_POINT('',#872);
#872 = CARTESIAN_POINT('',(70.39747,-83.391234,0.));
#873 = VERTEX_POINT('',#874);
#874 = CARTESIAN_POINT('',(69.899413,-83.82566,0.));
#875 = CIRCLE('',#876,0.497554635006);
#876 = AXIS2_PLACEMENT_3D('',#877,#878,#879);
#877 = CARTESIAN_POINT('',(70.392949202288,-83.88876809652,0.));
#878 = DIRECTION('',(0.,0.,1.));
#879 = DIRECTION('',(9.086032757149E-03,0.999958721152,-0.));
#880 = ORIENTED_EDGE('',*,*,#881,.F.);
#881 = EDGE_CURVE('',#882,#871,#884,.T.);
#882 = VERTEX_POINT('',#883);
#883 = CARTESIAN_POINT('',(83.39747,-83.391234,0.));
#884 = LINE('',#885,#886);
#885 = CARTESIAN_POINT('',(83.39747,-83.391234,0.));
#886 = VECTOR('',#887,1.);
#887 = DIRECTION('',(-1.,0.,0.));
#888 = ORIENTED_EDGE('',*,*,#889,.F.);
#889 = EDGE_CURVE('',#890,#882,#892,.T.);
#890 = VERTEX_POINT('',#891);
#891 = CARTESIAN_POINT('',(83.463041,-83.393178,0.));
#892 = LINE('',#893,#894);
#893 = CARTESIAN_POINT('',(83.463041,-83.393178,0.));
#894 = VECTOR('',#895,1.);
#895 = DIRECTION('',(-0.999560809708,2.963423181104E-02,0.));
#896 = ORIENTED_EDGE('',*,*,#897,.F.);
#897 = EDGE_CURVE('',#898,#890,#900,.T.);
#898 = VERTEX_POINT('',#899);
#899 = CARTESIAN_POINT('',(83.89747,-83.891234,0.));
#900 = CIRCLE('',#901,0.49762810037);
#901 = AXIS2_PLACEMENT_3D('',#902,#903,#904);
#902 = CARTESIAN_POINT('',(83.399861840086,-83.88677917507,0.));
#903 = DIRECTION('',(0.,0.,1.));
#904 = DIRECTION('',(0.999959928999,-8.952116905856E-03,0.));
#905 = ORIENTED_EDGE('',*,*,#906,.F.);
#906 = EDGE_CURVE('',#907,#898,#909,.T.);
#907 = VERTEX_POINT('',#908);
#908 = CARTESIAN_POINT('',(83.89747,-96.891234,0.));
#909 = LINE('',#910,#911);
#910 = CARTESIAN_POINT('',(83.89747,-96.891234,0.));
#911 = VECTOR('',#912,1.);
#912 = DIRECTION('',(0.,1.,0.));
#913 = ORIENTED_EDGE('',*,*,#914,.F.);
#914 = EDGE_CURVE('',#915,#907,#917,.T.);
#915 = VERTEX_POINT('',#916);
#916 = CARTESIAN_POINT('',(83.895327,-96.956774,0.));
#917 = LINE('',#918,#919);
#918 = CARTESIAN_POINT('',(83.895327,-96.956774,0.));
#919 = VECTOR('',#920,1.);
#920 = DIRECTION('',(3.268012423648E-02,0.999465862088,0.));
#921 = ORIENTED_EDGE('',*,*,#922,.F.);
#922 = EDGE_CURVE('',#923,#915,#925,.T.);
#923 = VERTEX_POINT('',#924);
#924 = CARTESIAN_POINT('',(83.39747,-97.391234,0.));
#925 = CIRCLE('',#926,0.497940142437);
#926 = AXIS2_PLACEMENT_3D('',#927,#928,#929);
#927 = CARTESIAN_POINT('',(83.401447790147,-96.89330974608,0.));
#928 = DIRECTION('',(0.,0.,1.));
#929 = DIRECTION('',(-7.988490599025E-03,-0.9999680915,0.));
#930 = ORIENTED_EDGE('',*,*,#931,.F.);
#931 = EDGE_CURVE('',#932,#923,#934,.T.);
#932 = VERTEX_POINT('',#933);
#933 = CARTESIAN_POINT('',(70.39747,-97.391234,0.));
#934 = LINE('',#935,#936);
#935 = CARTESIAN_POINT('',(70.39747,-97.391234,0.));
#936 = VECTOR('',#937,1.);
#937 = DIRECTION('',(1.,0.,0.));
#938 = ORIENTED_EDGE('',*,*,#939,.F.);
#939 = EDGE_CURVE('',#940,#932,#942,.T.);
#940 = VERTEX_POINT('',#941);
#941 = CARTESIAN_POINT('',(70.33466,-97.388175,0.));
#942 = LINE('',#943,#944);
#943 = CARTESIAN_POINT('',(70.33466,-97.388175,0.));
#944 = VECTOR('',#945,1.);
#945 = DIRECTION('',(0.998816141971,-4.864477914794E-02,0.));
#946 = ORIENTED_EDGE('',*,*,#947,.F.);
#947 = EDGE_CURVE('',#948,#940,#950,.T.);
#948 = VERTEX_POINT('',#949);
#949 = CARTESIAN_POINT('',(69.900234,-96.890118,0.));
#950 = CIRCLE('',#951,0.497565516144);
#951 = AXIS2_PLACEMENT_3D('',#952,#953,#954);
#952 = CARTESIAN_POINT('',(70.397779064948,-96.89462923059,0.));
#953 = DIRECTION('',(0.,0.,1.));
#954 = DIRECTION('',(-0.999958897481,9.066606207062E-03,0.));
#955 = ORIENTED_EDGE('',*,*,#956,.F.);
#956 = EDGE_CURVE('',#957,#948,#959,.T.);
#957 = VERTEX_POINT('',#958);
#958 = CARTESIAN_POINT('',(69.89747,-96.891234,0.));
#959 = LINE('',#960,#961);
#960 = CARTESIAN_POINT('',(69.89747,-96.891234,0.));
#961 = VECTOR('',#962,1.);
#962 = DIRECTION('',(0.927268715845,0.374396485847,0.));
#963 = ORIENTED_EDGE('',*,*,#964,.F.);
#964 = EDGE_CURVE('',#965,#957,#967,.T.);
#965 = VERTEX_POINT('',#966);
#966 = CARTESIAN_POINT('',(69.89747,-83.891234,0.));
#967 = LINE('',#968,#969);
#968 = CARTESIAN_POINT('',(69.89747,-83.891234,0.));
#969 = VECTOR('',#970,1.);
#970 = DIRECTION('',(0.,-1.,0.));
#971 = ORIENTED_EDGE('',*,*,#972,.F.);
#972 = EDGE_CURVE('',#873,#965,#973,.T.);
#973 = LINE('',#974,#975);
#974 = CARTESIAN_POINT('',(69.899413,-83.82566,0.));
#975 = VECTOR('',#976,1.);
#976 = DIRECTION('',(-2.961764736532E-02,-0.999561301254,0.));
#977 = FACE_BOUND('',#978,.F.);
#978 = EDGE_LOOP('',(#979,#990,#998,#1006,#1015,#1023,#1031,#1040,#1048,
    #1056,#1065,#1073,#1081));
#979 = ORIENTED_EDGE('',*,*,#980,.F.);
#980 = EDGE_CURVE('',#981,#983,#985,.T.);
#981 = VERTEX_POINT('',#982);
#982 = CARTESIAN_POINT('',(89.44747,-83.391234,0.));
#983 = VERTEX_POINT('',#984);
#984 = CARTESIAN_POINT('',(88.949413,-83.82566,0.));
#985 = CIRCLE('',#986,0.497554635006);
#986 = AXIS2_PLACEMENT_3D('',#987,#988,#989);
#987 = CARTESIAN_POINT('',(89.442949202288,-83.88876809652,0.));
#988 = DIRECTION('',(0.,0.,1.));
#989 = DIRECTION('',(9.086032757207E-03,0.999958721152,-0.));
#990 = ORIENTED_EDGE('',*,*,#991,.F.);
#991 = EDGE_CURVE('',#992,#981,#994,.T.);
#992 = VERTEX_POINT('',#993);
#993 = CARTESIAN_POINT('',(102.44747,-83.391234,0.));
#994 = LINE('',#995,#996);
#995 = CARTESIAN_POINT('',(102.44747,-83.391234,0.));
#996 = VECTOR('',#997,1.);
#997 = DIRECTION('',(-1.,0.,0.));
#998 = ORIENTED_EDGE('',*,*,#999,.F.);
#999 = EDGE_CURVE('',#1000,#992,#1002,.T.);
#1000 = VERTEX_POINT('',#1001);
#1001 = CARTESIAN_POINT('',(102.513041,-83.393178,0.));
#1002 = LINE('',#1003,#1004);
#1003 = CARTESIAN_POINT('',(102.513041,-83.393178,0.));
#1004 = VECTOR('',#1005,1.);
#1005 = DIRECTION('',(-0.999560809708,2.963423181104E-02,0.));
#1006 = ORIENTED_EDGE('',*,*,#1007,.F.);
#1007 = EDGE_CURVE('',#1008,#1000,#1010,.T.);
#1008 = VERTEX_POINT('',#1009);
#1009 = CARTESIAN_POINT('',(102.94747,-83.891234,0.));
#1010 = CIRCLE('',#1011,0.49762810037);
#1011 = AXIS2_PLACEMENT_3D('',#1012,#1013,#1014);
#1012 = CARTESIAN_POINT('',(102.44986184008,-83.88677917507,0.));
#1013 = DIRECTION('',(0.,0.,1.));
#1014 = DIRECTION('',(0.999959928999,-8.952116905885E-03,0.));
#1015 = ORIENTED_EDGE('',*,*,#1016,.F.);
#1016 = EDGE_CURVE('',#1017,#1008,#1019,.T.);
#1017 = VERTEX_POINT('',#1018);
#1018 = CARTESIAN_POINT('',(102.94747,-96.891234,0.));
#1019 = LINE('',#1020,#1021);
#1020 = CARTESIAN_POINT('',(102.94747,-96.891234,0.));
#1021 = VECTOR('',#1022,1.);
#1022 = DIRECTION('',(0.,1.,0.));
#1023 = ORIENTED_EDGE('',*,*,#1024,.F.);
#1024 = EDGE_CURVE('',#1025,#1017,#1027,.T.);
#1025 = VERTEX_POINT('',#1026);
#1026 = CARTESIAN_POINT('',(102.945327,-96.956774,0.));
#1027 = LINE('',#1028,#1029);
#1028 = CARTESIAN_POINT('',(102.945327,-96.956774,0.));
#1029 = VECTOR('',#1030,1.);
#1030 = DIRECTION('',(3.268012423627E-02,0.999465862088,0.));
#1031 = ORIENTED_EDGE('',*,*,#1032,.F.);
#1032 = EDGE_CURVE('',#1033,#1025,#1035,.T.);
#1033 = VERTEX_POINT('',#1034);
#1034 = CARTESIAN_POINT('',(102.44747,-97.391234,0.));
#1035 = CIRCLE('',#1036,0.497940142437);
#1036 = AXIS2_PLACEMENT_3D('',#1037,#1038,#1039);
#1037 = CARTESIAN_POINT('',(102.45144779014,-96.89330974608,0.));
#1038 = DIRECTION('',(0.,0.,1.));
#1039 = DIRECTION('',(-7.988490599053E-03,-0.9999680915,0.));
#1040 = ORIENTED_EDGE('',*,*,#1041,.F.);
#1041 = EDGE_CURVE('',#1042,#1033,#1044,.T.);
#1042 = VERTEX_POINT('',#1043);
#1043 = CARTESIAN_POINT('',(89.44747,-97.391234,0.));
#1044 = LINE('',#1045,#1046);
#1045 = CARTESIAN_POINT('',(89.44747,-97.391234,0.));
#1046 = VECTOR('',#1047,1.);
#1047 = DIRECTION('',(1.,0.,0.));
#1048 = ORIENTED_EDGE('',*,*,#1049,.F.);
#1049 = EDGE_CURVE('',#1050,#1042,#1052,.T.);
#1050 = VERTEX_POINT('',#1051);
#1051 = CARTESIAN_POINT('',(89.38466,-97.388175,0.));
#1052 = LINE('',#1053,#1054);
#1053 = CARTESIAN_POINT('',(89.38466,-97.388175,0.));
#1054 = VECTOR('',#1055,1.);
#1055 = DIRECTION('',(0.998816141971,-4.864477914794E-02,0.));
#1056 = ORIENTED_EDGE('',*,*,#1057,.F.);
#1057 = EDGE_CURVE('',#1058,#1050,#1060,.T.);
#1058 = VERTEX_POINT('',#1059);
#1059 = CARTESIAN_POINT('',(88.950234,-96.890118,0.));
#1060 = CIRCLE('',#1061,0.497565516144);
#1061 = AXIS2_PLACEMENT_3D('',#1062,#1063,#1064);
#1062 = CARTESIAN_POINT('',(89.447779064948,-96.89462923059,0.));
#1063 = DIRECTION('',(0.,0.,1.));
#1064 = DIRECTION('',(-0.999958897481,9.066606207033E-03,0.));
#1065 = ORIENTED_EDGE('',*,*,#1066,.F.);
#1066 = EDGE_CURVE('',#1067,#1058,#1069,.T.);
#1067 = VERTEX_POINT('',#1068);
#1068 = CARTESIAN_POINT('',(88.94747,-96.891234,0.));
#1069 = LINE('',#1070,#1071);
#1070 = CARTESIAN_POINT('',(88.94747,-96.891234,0.));
#1071 = VECTOR('',#1072,1.);
#1072 = DIRECTION('',(0.927268715845,0.374396485847,0.));
#1073 = ORIENTED_EDGE('',*,*,#1074,.F.);
#1074 = EDGE_CURVE('',#1075,#1067,#1077,.T.);
#1075 = VERTEX_POINT('',#1076);
#1076 = CARTESIAN_POINT('',(88.94747,-83.891234,0.));
#1077 = LINE('',#1078,#1079);
#1078 = CARTESIAN_POINT('',(88.94747,-83.891234,0.));
#1079 = VECTOR('',#1080,1.);
#1080 = DIRECTION('',(0.,-1.,0.));
#1081 = ORIENTED_EDGE('',*,*,#1082,.F.);
#1082 = EDGE_CURVE('',#983,#1075,#1083,.T.);
#1083 = LINE('',#1084,#1085);
#1084 = CARTESIAN_POINT('',(88.949413,-83.82566,0.));
#1085 = VECTOR('',#1086,1.);
#1086 = DIRECTION('',(-2.961764736554E-02,-0.999561301254,0.));
#1087 = FACE_BOUND('',#1088,.F.);
#1088 = EDGE_LOOP('',(#1089,#1100,#1108,#1116,#1125,#1133,#1141,#1150,
    #1158,#1166,#1175,#1183,#1191));
#1089 = ORIENTED_EDGE('',*,*,#1090,.F.);
#1090 = EDGE_CURVE('',#1091,#1093,#1095,.T.);
#1091 = VERTEX_POINT('',#1092);
#1092 = CARTESIAN_POINT('',(108.49747,-83.391234,0.));
#1093 = VERTEX_POINT('',#1094);
#1094 = CARTESIAN_POINT('',(107.999413,-83.82566,0.));
#1095 = CIRCLE('',#1096,0.497554635006);
#1096 = AXIS2_PLACEMENT_3D('',#1097,#1098,#1099);
#1097 = CARTESIAN_POINT('',(108.49294920228,-83.88876809652,0.));
#1098 = DIRECTION('',(0.,0.,1.));
#1099 = DIRECTION('',(9.086032757178E-03,0.999958721152,-0.));
#1100 = ORIENTED_EDGE('',*,*,#1101,.F.);
#1101 = EDGE_CURVE('',#1102,#1091,#1104,.T.);
#1102 = VERTEX_POINT('',#1103);
#1103 = CARTESIAN_POINT('',(121.49747,-83.391234,0.));
#1104 = LINE('',#1105,#1106);
#1105 = CARTESIAN_POINT('',(121.49747,-83.391234,0.));
#1106 = VECTOR('',#1107,1.);
#1107 = DIRECTION('',(-1.,0.,0.));
#1108 = ORIENTED_EDGE('',*,*,#1109,.F.);
#1109 = EDGE_CURVE('',#1110,#1102,#1112,.T.);
#1110 = VERTEX_POINT('',#1111);
#1111 = CARTESIAN_POINT('',(121.563041,-83.393178,0.));
#1112 = LINE('',#1113,#1114);
#1113 = CARTESIAN_POINT('',(121.563041,-83.393178,0.));
#1114 = VECTOR('',#1115,1.);
#1115 = DIRECTION('',(-0.999560809708,2.963423181105E-02,0.));
#1116 = ORIENTED_EDGE('',*,*,#1117,.F.);
#1117 = EDGE_CURVE('',#1118,#1110,#1120,.T.);
#1118 = VERTEX_POINT('',#1119);
#1119 = CARTESIAN_POINT('',(121.99747,-83.891234,0.));
#1120 = CIRCLE('',#1121,0.49762810037);
#1121 = AXIS2_PLACEMENT_3D('',#1122,#1123,#1124);
#1122 = CARTESIAN_POINT('',(121.49986184008,-83.88677917507,0.));
#1123 = DIRECTION('',(0.,0.,1.));
#1124 = DIRECTION('',(0.999959928999,-8.952116905798E-03,0.));
#1125 = ORIENTED_EDGE('',*,*,#1126,.F.);
#1126 = EDGE_CURVE('',#1127,#1118,#1129,.T.);
#1127 = VERTEX_POINT('',#1128);
#1128 = CARTESIAN_POINT('',(121.99747,-96.891234,0.));
#1129 = LINE('',#1130,#1131);
#1130 = CARTESIAN_POINT('',(121.99747,-96.891234,0.));
#1131 = VECTOR('',#1132,1.);
#1132 = DIRECTION('',(0.,1.,0.));
#1133 = ORIENTED_EDGE('',*,*,#1134,.F.);
#1134 = EDGE_CURVE('',#1135,#1127,#1137,.T.);
#1135 = VERTEX_POINT('',#1136);
#1136 = CARTESIAN_POINT('',(121.995327,-96.956774,0.));
#1137 = LINE('',#1138,#1139);
#1138 = CARTESIAN_POINT('',(121.995327,-96.956774,0.));
#1139 = VECTOR('',#1140,1.);
#1140 = DIRECTION('',(3.268012423648E-02,0.999465862088,0.));
#1141 = ORIENTED_EDGE('',*,*,#1142,.F.);
#1142 = EDGE_CURVE('',#1143,#1135,#1145,.T.);
#1143 = VERTEX_POINT('',#1144);
#1144 = CARTESIAN_POINT('',(121.49747,-97.391234,0.));
#1145 = CIRCLE('',#1146,0.497940142437);
#1146 = AXIS2_PLACEMENT_3D('',#1147,#1148,#1149);
#1147 = CARTESIAN_POINT('',(121.50144779014,-96.89330974608,0.));
#1148 = DIRECTION('',(0.,0.,1.));
#1149 = DIRECTION('',(-7.988490599082E-03,-0.9999680915,0.));
#1150 = ORIENTED_EDGE('',*,*,#1151,.F.);
#1151 = EDGE_CURVE('',#1152,#1143,#1154,.T.);
#1152 = VERTEX_POINT('',#1153);
#1153 = CARTESIAN_POINT('',(108.49747,-97.391234,0.));
#1154 = LINE('',#1155,#1156);
#1155 = CARTESIAN_POINT('',(108.49747,-97.391234,0.));
#1156 = VECTOR('',#1157,1.);
#1157 = DIRECTION('',(1.,0.,0.));
#1158 = ORIENTED_EDGE('',*,*,#1159,.F.);
#1159 = EDGE_CURVE('',#1160,#1152,#1162,.T.);
#1160 = VERTEX_POINT('',#1161);
#1161 = CARTESIAN_POINT('',(108.43466,-97.388175,0.));
#1162 = LINE('',#1163,#1164);
#1163 = CARTESIAN_POINT('',(108.43466,-97.388175,0.));
#1164 = VECTOR('',#1165,1.);
#1165 = DIRECTION('',(0.998816141971,-4.864477914793E-02,0.));
#1166 = ORIENTED_EDGE('',*,*,#1167,.F.);
#1167 = EDGE_CURVE('',#1168,#1160,#1170,.T.);
#1168 = VERTEX_POINT('',#1169);
#1169 = CARTESIAN_POINT('',(108.000234,-96.890118,0.));
#1170 = CIRCLE('',#1171,0.497565516144);
#1171 = AXIS2_PLACEMENT_3D('',#1172,#1173,#1174);
#1172 = CARTESIAN_POINT('',(108.49777906494,-96.89462923059,0.));
#1173 = DIRECTION('',(0.,0.,1.));
#1174 = DIRECTION('',(-0.999958897481,9.066606207033E-03,0.));
#1175 = ORIENTED_EDGE('',*,*,#1176,.F.);
#1176 = EDGE_CURVE('',#1177,#1168,#1179,.T.);
#1177 = VERTEX_POINT('',#1178);
#1178 = CARTESIAN_POINT('',(107.99747,-96.891234,0.));
#1179 = LINE('',#1180,#1181);
#1180 = CARTESIAN_POINT('',(107.99747,-96.891234,0.));
#1181 = VECTOR('',#1182,1.);
#1182 = DIRECTION('',(0.927268715845,0.374396485847,0.));
#1183 = ORIENTED_EDGE('',*,*,#1184,.F.);
#1184 = EDGE_CURVE('',#1185,#1177,#1187,.T.);
#1185 = VERTEX_POINT('',#1186);
#1186 = CARTESIAN_POINT('',(107.99747,-83.891234,0.));
#1187 = LINE('',#1188,#1189);
#1188 = CARTESIAN_POINT('',(107.99747,-83.891234,0.));
#1189 = VECTOR('',#1190,1.);
#1190 = DIRECTION('',(0.,-1.,0.));
#1191 = ORIENTED_EDGE('',*,*,#1192,.F.);
#1192 = EDGE_CURVE('',#1093,#1185,#1193,.T.);
#1193 = LINE('',#1194,#1195);
#1194 = CARTESIAN_POINT('',(107.999413,-83.82566,0.));
#1195 = VECTOR('',#1196,1.);
#1196 = DIRECTION('',(-2.961764736532E-02,-0.999561301254,0.));
#1197 = FACE_BOUND('',#1198,.F.);
#1198 = EDGE_LOOP('',(#1199,#1210,#1218,#1226,#1235,#1243,#1251,#1260,
    #1268,#1276,#1285,#1293,#1301));
#1199 = ORIENTED_EDGE('',*,*,#1200,.F.);
#1200 = EDGE_CURVE('',#1201,#1203,#1205,.T.);
#1201 = VERTEX_POINT('',#1202);
#1202 = CARTESIAN_POINT('',(127.54747,-83.391234,0.));
#1203 = VERTEX_POINT('',#1204);
#1204 = CARTESIAN_POINT('',(127.049413,-83.82566,0.));
#1205 = CIRCLE('',#1206,0.497554635006);
#1206 = AXIS2_PLACEMENT_3D('',#1207,#1208,#1209);
#1207 = CARTESIAN_POINT('',(127.54294920228,-83.88876809652,0.));
#1208 = DIRECTION('',(0.,0.,1.));
#1209 = DIRECTION('',(9.086032757149E-03,0.999958721152,-0.));
#1210 = ORIENTED_EDGE('',*,*,#1211,.F.);
#1211 = EDGE_CURVE('',#1212,#1201,#1214,.T.);
#1212 = VERTEX_POINT('',#1213);
#1213 = CARTESIAN_POINT('',(140.54747,-83.391234,0.));
#1214 = LINE('',#1215,#1216);
#1215 = CARTESIAN_POINT('',(140.54747,-83.391234,0.));
#1216 = VECTOR('',#1217,1.);
#1217 = DIRECTION('',(-1.,0.,0.));
#1218 = ORIENTED_EDGE('',*,*,#1219,.F.);
#1219 = EDGE_CURVE('',#1220,#1212,#1222,.T.);
#1220 = VERTEX_POINT('',#1221);
#1221 = CARTESIAN_POINT('',(140.613041,-83.393178,0.));
#1222 = LINE('',#1223,#1224);
#1223 = CARTESIAN_POINT('',(140.613041,-83.393178,0.));
#1224 = VECTOR('',#1225,1.);
#1225 = DIRECTION('',(-0.999560809708,2.963423181104E-02,0.));
#1226 = ORIENTED_EDGE('',*,*,#1227,.F.);
#1227 = EDGE_CURVE('',#1228,#1220,#1230,.T.);
#1228 = VERTEX_POINT('',#1229);
#1229 = CARTESIAN_POINT('',(141.04747,-83.891234,0.));
#1230 = CIRCLE('',#1231,0.49762810037);
#1231 = AXIS2_PLACEMENT_3D('',#1232,#1233,#1234);
#1232 = CARTESIAN_POINT('',(140.54986184008,-83.88677917507,0.));
#1233 = DIRECTION('',(0.,0.,1.));
#1234 = DIRECTION('',(0.999959928999,-8.952116905827E-03,0.));
#1235 = ORIENTED_EDGE('',*,*,#1236,.F.);
#1236 = EDGE_CURVE('',#1237,#1228,#1239,.T.);
#1237 = VERTEX_POINT('',#1238);
#1238 = CARTESIAN_POINT('',(141.04747,-96.891234,0.));
#1239 = LINE('',#1240,#1241);
#1240 = CARTESIAN_POINT('',(141.04747,-96.891234,0.));
#1241 = VECTOR('',#1242,1.);
#1242 = DIRECTION('',(0.,1.,0.));
#1243 = ORIENTED_EDGE('',*,*,#1244,.F.);
#1244 = EDGE_CURVE('',#1245,#1237,#1247,.T.);
#1245 = VERTEX_POINT('',#1246);
#1246 = CARTESIAN_POINT('',(141.045327,-96.956774,0.));
#1247 = LINE('',#1248,#1249);
#1248 = CARTESIAN_POINT('',(141.045327,-96.956774,0.));
#1249 = VECTOR('',#1250,1.);
#1250 = DIRECTION('',(3.26801242367E-02,0.999465862088,0.));
#1251 = ORIENTED_EDGE('',*,*,#1252,.F.);
#1252 = EDGE_CURVE('',#1253,#1245,#1255,.T.);
#1253 = VERTEX_POINT('',#1254);
#1254 = CARTESIAN_POINT('',(140.54747,-97.391234,0.));
#1255 = CIRCLE('',#1256,0.497940142437);
#1256 = AXIS2_PLACEMENT_3D('',#1257,#1258,#1259);
#1257 = CARTESIAN_POINT('',(140.55144779014,-96.89330974608,0.));
#1258 = DIRECTION('',(0.,0.,1.));
#1259 = DIRECTION('',(-7.988490599025E-03,-0.9999680915,0.));
#1260 = ORIENTED_EDGE('',*,*,#1261,.F.);
#1261 = EDGE_CURVE('',#1262,#1253,#1264,.T.);
#1262 = VERTEX_POINT('',#1263);
#1263 = CARTESIAN_POINT('',(127.54747,-97.391234,0.));
#1264 = LINE('',#1265,#1266);
#1265 = CARTESIAN_POINT('',(127.54747,-97.391234,0.));
#1266 = VECTOR('',#1267,1.);
#1267 = DIRECTION('',(1.,0.,0.));
#1268 = ORIENTED_EDGE('',*,*,#1269,.F.);
#1269 = EDGE_CURVE('',#1270,#1262,#1272,.T.);
#1270 = VERTEX_POINT('',#1271);
#1271 = CARTESIAN_POINT('',(127.48466,-97.388175,0.));
#1272 = LINE('',#1273,#1274);
#1273 = CARTESIAN_POINT('',(127.48466,-97.388175,0.));
#1274 = VECTOR('',#1275,1.);
#1275 = DIRECTION('',(0.998816141971,-4.864477914794E-02,0.));
#1276 = ORIENTED_EDGE('',*,*,#1277,.F.);
#1277 = EDGE_CURVE('',#1278,#1270,#1280,.T.);
#1278 = VERTEX_POINT('',#1279);
#1279 = CARTESIAN_POINT('',(127.050234,-96.890118,0.));
#1280 = CIRCLE('',#1281,0.497565516144);
#1281 = AXIS2_PLACEMENT_3D('',#1282,#1283,#1284);
#1282 = CARTESIAN_POINT('',(127.54777906494,-96.89462923059,0.));
#1283 = DIRECTION('',(0.,0.,1.));
#1284 = DIRECTION('',(-0.999958897481,9.066606207062E-03,0.));
#1285 = ORIENTED_EDGE('',*,*,#1286,.F.);
#1286 = EDGE_CURVE('',#1287,#1278,#1289,.T.);
#1287 = VERTEX_POINT('',#1288);
#1288 = CARTESIAN_POINT('',(127.04747,-96.891234,0.));
#1289 = LINE('',#1290,#1291);
#1290 = CARTESIAN_POINT('',(127.04747,-96.891234,0.));
#1291 = VECTOR('',#1292,1.);
#1292 = DIRECTION('',(0.927268715845,0.374396485847,0.));
#1293 = ORIENTED_EDGE('',*,*,#1294,.F.);
#1294 = EDGE_CURVE('',#1295,#1287,#1297,.T.);
#1295 = VERTEX_POINT('',#1296);
#1296 = CARTESIAN_POINT('',(127.04747,-83.891234,0.));
#1297 = LINE('',#1298,#1299);
#1298 = CARTESIAN_POINT('',(127.04747,-83.891234,0.));
#1299 = VECTOR('',#1300,1.);
#1300 = DIRECTION('',(0.,-1.,0.));
#1301 = ORIENTED_EDGE('',*,*,#1302,.F.);
#1302 = EDGE_CURVE('',#1203,#1295,#1303,.T.);
#1303 = LINE('',#1304,#1305);
#1304 = CARTESIAN_POINT('',(127.049413,-83.82566,0.));
#1305 = VECTOR('',#1306,1.);
#1306 = DIRECTION('',(-2.961764736532E-02,-0.999561301254,0.));
#1307 = FACE_BOUND('',#1308,.F.);
#1308 = EDGE_LOOP('',(#1309,#1320,#1328,#1336,#1345,#1353,#1361,#1369,
    #1377,#1386,#1394,#1402,#1411,#1419,#1427,#1435,#1443,#1452,#1460,
    #1468,#1477,#1485,#1493,#1501,#1510,#1518,#1526,#1535,#1543,#1551,
    #1560,#1568,#1576,#1585,#1593,#1601,#1610,#1618,#1626,#1634));
#1309 = ORIENTED_EDGE('',*,*,#1310,.F.);
#1310 = EDGE_CURVE('',#1311,#1313,#1315,.T.);
#1311 = VERTEX_POINT('',#1312);
#1312 = CARTESIAN_POINT('',(133.48815,-106.205678,0.));
#1313 = VERTEX_POINT('',#1314);
#1314 = CARTESIAN_POINT('',(133.05372,-106.703733,0.));
#1315 = CIRCLE('',#1316,0.497645133506);
#1316 = AXIS2_PLACEMENT_3D('',#1317,#1318,#1319);
#1317 = CARTESIAN_POINT('',(133.55134533761,-106.6992942762,0.));
#1318 = DIRECTION('',(0.,0.,1.));
#1319 = DIRECTION('',(-0.126988758369,0.991904156281,0.));
#1320 = ORIENTED_EDGE('',*,*,#1321,.F.);
#1321 = EDGE_CURVE('',#1322,#1311,#1324,.T.);
#1322 = VERTEX_POINT('',#1323);
#1323 = CARTESIAN_POINT('',(133.55372,-106.203733,0.));
#1324 = LINE('',#1325,#1326);
#1325 = CARTESIAN_POINT('',(133.55372,-106.203733,0.));
#1326 = VECTOR('',#1327,1.);
#1327 = DIRECTION('',(-0.999560344647,-2.964991414282E-02,0.));
#1328 = ORIENTED_EDGE('',*,*,#1329,.F.);
#1329 = EDGE_CURVE('',#1330,#1322,#1332,.T.);
#1330 = VERTEX_POINT('',#1331);
#1331 = CARTESIAN_POINT('',(139.30372,-106.203733,0.));
#1332 = LINE('',#1333,#1334);
#1333 = CARTESIAN_POINT('',(139.30372,-106.203733,0.));
#1334 = VECTOR('',#1335,1.);
#1335 = DIRECTION('',(-1.,0.,0.));
#1336 = ORIENTED_EDGE('',*,*,#1337,.F.);
#1337 = EDGE_CURVE('',#1338,#1330,#1340,.T.);
#1338 = VERTEX_POINT('',#1339);
#1339 = CARTESIAN_POINT('',(139.801777,-106.638159,0.));
#1340 = CIRCLE('',#1341,0.497565516144);
#1341 = AXIS2_PLACEMENT_3D('',#1342,#1343,#1344);
#1342 = CARTESIAN_POINT('',(139.30823123059,-106.7012780649,0.));
#1343 = DIRECTION('',(0.,0.,1.));
#1344 = DIRECTION('',(0.991921170961,0.126855786625,-0.));
#1345 = ORIENTED_EDGE('',*,*,#1346,.F.);
#1346 = EDGE_CURVE('',#1347,#1338,#1349,.T.);
#1347 = VERTEX_POINT('',#1348);
#1348 = CARTESIAN_POINT('',(139.80372,-106.703733,0.));
#1349 = LINE('',#1350,#1351);
#1350 = CARTESIAN_POINT('',(139.80372,-106.703733,0.));
#1351 = VECTOR('',#1352,1.);
#1352 = DIRECTION('',(-2.961764736554E-02,0.999561301254,0.));
#1353 = ORIENTED_EDGE('',*,*,#1354,.F.);
#1354 = EDGE_CURVE('',#1355,#1347,#1357,.T.);
#1355 = VERTEX_POINT('',#1356);
#1356 = CARTESIAN_POINT('',(139.80372,-107.203734,0.));
#1357 = LINE('',#1358,#1359);
#1358 = CARTESIAN_POINT('',(139.80372,-107.203734,0.));
#1359 = VECTOR('',#1360,1.);
#1360 = DIRECTION('',(0.,1.,0.));
#1361 = ORIENTED_EDGE('',*,*,#1362,.F.);
#1362 = EDGE_CURVE('',#1363,#1355,#1365,.T.);
#1363 = VERTEX_POINT('',#1364);
#1364 = CARTESIAN_POINT('',(147.33497,-107.203734,0.));
#1365 = LINE('',#1366,#1367);
#1366 = CARTESIAN_POINT('',(147.33497,-107.203734,0.));
#1367 = VECTOR('',#1368,1.);
#1368 = DIRECTION('',(-1.,0.,0.));
#1369 = ORIENTED_EDGE('',*,*,#1370,.F.);
#1370 = EDGE_CURVE('',#1371,#1363,#1373,.T.);
#1371 = VERTEX_POINT('',#1372);
#1372 = CARTESIAN_POINT('',(147.341169,-106.703733,0.));
#1373 = LINE('',#1374,#1375);
#1374 = CARTESIAN_POINT('',(147.341169,-106.703733,0.));
#1375 = VECTOR('',#1376,1.);
#1376 = DIRECTION('',(-1.239702246882E-02,-0.999923153964,0.));
#1377 = ORIENTED_EDGE('',*,*,#1378,.F.);
#1378 = EDGE_CURVE('',#1379,#1371,#1381,.T.);
#1379 = VERTEX_POINT('',#1380);
#1380 = CARTESIAN_POINT('',(147.775641,-106.205666,0.));
#1381 = CIRCLE('',#1382,0.497547607076);
#1382 = AXIS2_PLACEMENT_3D('',#1383,#1384,#1385);
#1383 = CARTESIAN_POINT('',(147.83869597464,-106.6992019069,0.));
#1384 = DIRECTION('',(0.,0.,1.));
#1385 = DIRECTION('',(-0.126731540363,0.99193705278,0.));
#1386 = ORIENTED_EDGE('',*,*,#1387,.F.);
#1387 = EDGE_CURVE('',#1388,#1379,#1390,.T.);
#1388 = VERTEX_POINT('',#1389);
#1389 = CARTESIAN_POINT('',(147.84122,-106.203733,0.));
#1390 = LINE('',#1391,#1392);
#1391 = CARTESIAN_POINT('',(147.84122,-106.203733,0.));
#1392 = VECTOR('',#1393,1.);
#1393 = DIRECTION('',(-0.999565868549,-2.946310288202E-02,0.));
#1394 = ORIENTED_EDGE('',*,*,#1395,.F.);
#1395 = EDGE_CURVE('',#1396,#1388,#1398,.T.);
#1396 = VERTEX_POINT('',#1397);
#1397 = CARTESIAN_POINT('',(155.97247,-106.203733,0.));
#1398 = LINE('',#1399,#1400);
#1399 = CARTESIAN_POINT('',(155.97247,-106.203733,0.));
#1400 = VECTOR('',#1401,1.);
#1401 = DIRECTION('',(-1.,0.,0.));
#1402 = ORIENTED_EDGE('',*,*,#1403,.F.);
#1403 = EDGE_CURVE('',#1404,#1396,#1406,.T.);
#1404 = VERTEX_POINT('',#1405);
#1405 = CARTESIAN_POINT('',(156.470324,-106.638191,0.));
#1406 = CIRCLE('',#1407,0.497904474708);
#1407 = AXIS2_PLACEMENT_3D('',#1408,#1409,#1410);
#1408 = CARTESIAN_POINT('',(155.97647639606,-106.7016213556,0.));
#1409 = DIRECTION('',(0.,0.,1.));
#1410 = DIRECTION('',(0.991852110235,0.1273946287,-0.));
#1411 = ORIENTED_EDGE('',*,*,#1412,.F.);
#1412 = EDGE_CURVE('',#1413,#1404,#1415,.T.);
#1413 = VERTEX_POINT('',#1414);
#1414 = CARTESIAN_POINT('',(156.47247,-106.703733,0.));
#1415 = LINE('',#1416,#1417);
#1416 = CARTESIAN_POINT('',(156.47247,-106.703733,0.));
#1417 = VECTOR('',#1418,1.);
#1418 = DIRECTION('',(-3.272482684595E-02,0.99946439942,0.));
#1419 = ORIENTED_EDGE('',*,*,#1420,.F.);
#1420 = EDGE_CURVE('',#1421,#1413,#1423,.T.);
#1421 = VERTEX_POINT('',#1422);
#1422 = CARTESIAN_POINT('',(156.48497,-107.203734,0.));
#1423 = LINE('',#1424,#1425);
#1424 = CARTESIAN_POINT('',(156.48497,-107.203734,0.));
#1425 = VECTOR('',#1426,1.);
#1426 = DIRECTION('',(-2.499214120718E-02,0.999687647657,0.));
#1427 = ORIENTED_EDGE('',*,*,#1428,.F.);
#1428 = EDGE_CURVE('',#1429,#1421,#1431,.T.);
#1429 = VERTEX_POINT('',#1430);
#1430 = CARTESIAN_POINT('',(171.15372,-107.203734,0.));
#1431 = LINE('',#1432,#1433);
#1432 = CARTESIAN_POINT('',(171.15372,-107.203734,0.));
#1433 = VECTOR('',#1434,1.);
#1434 = DIRECTION('',(-1.,0.,0.));
#1435 = ORIENTED_EDGE('',*,*,#1436,.F.);
#1436 = EDGE_CURVE('',#1437,#1429,#1439,.T.);
#1437 = VERTEX_POINT('',#1438);
#1438 = CARTESIAN_POINT('',(171.15372,-106.703733,0.));
#1439 = LINE('',#1440,#1441);
#1440 = CARTESIAN_POINT('',(171.15372,-106.703733,0.));
#1441 = VECTOR('',#1442,1.);
#1442 = DIRECTION('',(0.,-1.,0.));
#1443 = ORIENTED_EDGE('',*,*,#1444,.F.);
#1444 = EDGE_CURVE('',#1445,#1437,#1447,.T.);
#1445 = VERTEX_POINT('',#1446);
#1446 = CARTESIAN_POINT('',(171.58815,-106.205678,0.));
#1447 = CIRCLE('',#1448,0.497645133506);
#1448 = AXIS2_PLACEMENT_3D('',#1449,#1450,#1451);
#1449 = CARTESIAN_POINT('',(171.65134533761,-106.6992942762,0.));
#1450 = DIRECTION('',(0.,0.,1.));
#1451 = DIRECTION('',(-0.126988758368,0.991904156281,0.));
#1452 = ORIENTED_EDGE('',*,*,#1453,.F.);
#1453 = EDGE_CURVE('',#1454,#1445,#1456,.T.);
#1454 = VERTEX_POINT('',#1455);
#1455 = CARTESIAN_POINT('',(171.65372,-106.203733,0.));
#1456 = LINE('',#1457,#1458);
#1457 = CARTESIAN_POINT('',(171.65372,-106.203733,0.));
#1458 = VECTOR('',#1459,1.);
#1459 = DIRECTION('',(-0.999560344647,-2.964991414284E-02,0.));
#1460 = ORIENTED_EDGE('',*,*,#1461,.F.);
#1461 = EDGE_CURVE('',#1462,#1454,#1464,.T.);
#1462 = VERTEX_POINT('',#1463);
#1463 = CARTESIAN_POINT('',(177.40372,-106.203733,0.));
#1464 = LINE('',#1465,#1466);
#1465 = CARTESIAN_POINT('',(177.40372,-106.203733,0.));
#1466 = VECTOR('',#1467,1.);
#1467 = DIRECTION('',(-1.,0.,0.));
#1468 = ORIENTED_EDGE('',*,*,#1469,.F.);
#1469 = EDGE_CURVE('',#1470,#1462,#1472,.T.);
#1470 = VERTEX_POINT('',#1471);
#1471 = CARTESIAN_POINT('',(177.901777,-106.638159,0.));
#1472 = CIRCLE('',#1473,0.497565516144);
#1473 = AXIS2_PLACEMENT_3D('',#1474,#1475,#1476);
#1474 = CARTESIAN_POINT('',(177.40823123059,-106.7012780649,0.));
#1475 = DIRECTION('',(0.,0.,1.));
#1476 = DIRECTION('',(0.991921170961,0.126855786625,-0.));
#1477 = ORIENTED_EDGE('',*,*,#1478,.F.);
#1478 = EDGE_CURVE('',#1479,#1470,#1481,.T.);
#1479 = VERTEX_POINT('',#1480);
#1480 = CARTESIAN_POINT('',(177.90372,-106.703733,0.));
#1481 = LINE('',#1482,#1483);
#1482 = CARTESIAN_POINT('',(177.90372,-106.703733,0.));
#1483 = VECTOR('',#1484,1.);
#1484 = DIRECTION('',(-2.961764736511E-02,0.999561301254,0.));
#1485 = ORIENTED_EDGE('',*,*,#1486,.F.);
#1486 = EDGE_CURVE('',#1487,#1479,#1489,.T.);
#1487 = VERTEX_POINT('',#1488);
#1488 = CARTESIAN_POINT('',(177.90997,-107.203734,0.));
#1489 = LINE('',#1490,#1491);
#1490 = CARTESIAN_POINT('',(177.90997,-107.203734,0.));
#1491 = VECTOR('',#1492,1.);
#1492 = DIRECTION('',(-1.249899855782E-02,0.999921884467,0.));
#1493 = ORIENTED_EDGE('',*,*,#1494,.F.);
#1494 = EDGE_CURVE('',#1495,#1487,#1497,.T.);
#1495 = VERTEX_POINT('',#1496);
#1496 = CARTESIAN_POINT('',(178.64747,-107.203734,0.));
#1497 = LINE('',#1498,#1499);
#1498 = CARTESIAN_POINT('',(178.64747,-107.203734,0.));
#1499 = VECTOR('',#1500,1.);
#1500 = DIRECTION('',(-1.,0.,0.));
#1501 = ORIENTED_EDGE('',*,*,#1502,.F.);
#1502 = EDGE_CURVE('',#1503,#1495,#1505,.T.);
#1503 = VERTEX_POINT('',#1504);
#1504 = CARTESIAN_POINT('',(179.145324,-107.638192,0.));
#1505 = CIRCLE('',#1506,0.497900283934);
#1506 = AXIS2_PLACEMENT_3D('',#1507,#1508,#1509);
#1507 = CARTESIAN_POINT('',(178.65148007918,-107.7016181351,0.));
#1508 = DIRECTION('',(0.,0.,1.));
#1509 = DIRECTION('',(0.991853061244,0.127387224247,-0.));
#1510 = ORIENTED_EDGE('',*,*,#1511,.F.);
#1511 = EDGE_CURVE('',#1512,#1503,#1514,.T.);
#1512 = VERTEX_POINT('',#1513);
#1513 = CARTESIAN_POINT('',(179.14747,-107.703734,0.));
#1514 = LINE('',#1515,#1516);
#1515 = CARTESIAN_POINT('',(179.14747,-107.703734,0.));
#1516 = VECTOR('',#1517,1.);
#1517 = DIRECTION('',(-3.272482684639E-02,0.99946439942,0.));
#1518 = ORIENTED_EDGE('',*,*,#1519,.F.);
#1519 = EDGE_CURVE('',#1520,#1512,#1522,.T.);
#1520 = VERTEX_POINT('',#1521);
#1521 = CARTESIAN_POINT('',(179.14747,-120.703734,0.));
#1522 = LINE('',#1523,#1524);
#1523 = CARTESIAN_POINT('',(179.14747,-120.703734,0.));
#1524 = VECTOR('',#1525,1.);
#1525 = DIRECTION('',(0.,1.,0.));
#1526 = ORIENTED_EDGE('',*,*,#1527,.F.);
#1527 = EDGE_CURVE('',#1528,#1520,#1530,.T.);
#1528 = VERTEX_POINT('',#1529);
#1529 = CARTESIAN_POINT('',(178.713039,-121.20179,0.));
#1530 = CIRCLE('',#1531,0.497658311037);
#1531 = AXIS2_PLACEMENT_3D('',#1532,#1533,#1534);
#1532 = CARTESIAN_POINT('',(178.64983138888,-120.70816201,0.));
#1533 = DIRECTION('',(0.,0.,1.));
#1534 = DIRECTION('',(0.12701005833,-0.991901429116,0.));
#1535 = ORIENTED_EDGE('',*,*,#1536,.F.);
#1536 = EDGE_CURVE('',#1537,#1528,#1539,.T.);
#1537 = VERTEX_POINT('',#1538);
#1538 = CARTESIAN_POINT('',(178.64747,-121.203734,0.));
#1539 = LINE('',#1540,#1541);
#1540 = CARTESIAN_POINT('',(178.64747,-121.203734,0.));
#1541 = VECTOR('',#1542,1.);
#1542 = DIRECTION('',(0.999560782933,2.963513492681E-02,0.));
#1543 = ORIENTED_EDGE('',*,*,#1544,.F.);
#1544 = EDGE_CURVE('',#1545,#1537,#1547,.T.);
#1545 = VERTEX_POINT('',#1546);
#1546 = CARTESIAN_POINT('',(109.738491,-121.200171,0.));
#1547 = LINE('',#1548,#1549);
#1548 = CARTESIAN_POINT('',(109.738491,-121.200171,0.));
#1549 = VECTOR('',#1550,1.);
#1550 = DIRECTION('',(0.999999998663,-5.170588865113E-05,0.));
#1551 = ORIENTED_EDGE('',*,*,#1552,.F.);
#1552 = EDGE_CURVE('',#1553,#1545,#1555,.T.);
#1553 = VERTEX_POINT('',#1554);
#1554 = CARTESIAN_POINT('',(109.240645,-120.765765,0.));
#1555 = CIRCLE('',#1556,0.497970555706);
#1556 = AXIS2_PLACEMENT_3D('',#1557,#1558,#1559);
#1557 = CARTESIAN_POINT('',(109.73454398764,-120.7022160869,0.));
#1558 = DIRECTION('',(0.,0.,1.));
#1559 = DIRECTION('',(-0.991823677098,-0.127615804459,0.));
#1560 = ORIENTED_EDGE('',*,*,#1561,.F.);
#1561 = EDGE_CURVE('',#1562,#1553,#1564,.T.);
#1562 = VERTEX_POINT('',#1563);
#1563 = CARTESIAN_POINT('',(109.238491,-120.700231,0.));
#1564 = LINE('',#1565,#1566);
#1565 = CARTESIAN_POINT('',(109.238491,-120.700231,0.));
#1566 = VECTOR('',#1567,1.);
#1567 = DIRECTION('',(3.285069463456E-02,-0.999460270277,0.));
#1568 = ORIENTED_EDGE('',*,*,#1569,.F.);
#1569 = EDGE_CURVE('',#1570,#1562,#1572,.T.);
#1570 = VERTEX_POINT('',#1571);
#1571 = CARTESIAN_POINT('',(109.24122,-106.703733,0.));
#1572 = LINE('',#1573,#1574);
#1573 = CARTESIAN_POINT('',(109.24122,-106.703733,0.));
#1574 = VECTOR('',#1575,1.);
#1575 = DIRECTION('',(-1.949773399124E-04,-0.999999980992,0.));
#1576 = ORIENTED_EDGE('',*,*,#1577,.F.);
#1577 = EDGE_CURVE('',#1578,#1570,#1580,.T.);
#1578 = VERTEX_POINT('',#1579);
#1579 = CARTESIAN_POINT('',(109.675648,-106.205717,0.));
#1580 = CIRCLE('',#1581,0.497497860179);
#1581 = AXIS2_PLACEMENT_3D('',#1582,#1583,#1584);
#1582 = CARTESIAN_POINT('',(109.73869724009,-106.6992034883,0.));
#1583 = DIRECTION('',(0.,0.,1.));
#1584 = DIRECTION('',(-0.12673268598,0.991936906413,0.));
#1585 = ORIENTED_EDGE('',*,*,#1586,.F.);
#1586 = EDGE_CURVE('',#1587,#1578,#1589,.T.);
#1587 = VERTEX_POINT('',#1588);
#1588 = CARTESIAN_POINT('',(109.74122,-106.203733,0.));
#1589 = LINE('',#1590,#1591);
#1590 = CARTESIAN_POINT('',(109.74122,-106.203733,0.));
#1591 = VECTOR('',#1592,1.);
#1592 = DIRECTION('',(-0.99954257656,-3.024297675689E-02,0.));
#1593 = ORIENTED_EDGE('',*,*,#1594,.F.);
#1594 = EDGE_CURVE('',#1595,#1587,#1597,.T.);
#1595 = VERTEX_POINT('',#1596);
#1596 = CARTESIAN_POINT('',(117.871865,-106.203739,0.));
#1597 = LINE('',#1598,#1599);
#1598 = CARTESIAN_POINT('',(117.871865,-106.203739,0.));
#1599 = VECTOR('',#1600,1.);
#1600 = DIRECTION('',(-1.,7.37948834202E-07,0.));
#1601 = ORIENTED_EDGE('',*,*,#1602,.F.);
#1602 = EDGE_CURVE('',#1603,#1595,#1605,.T.);
#1603 = VERTEX_POINT('',#1604);
#1604 = CARTESIAN_POINT('',(118.369707,-106.638195,0.));
#1605 = CIRCLE('',#1606,0.497994267446);
#1606 = AXIS2_PLACEMENT_3D('',#1607,#1608,#1609);
#1607 = CARTESIAN_POINT('',(117.8757807554,-106.7017178723,0.));
#1608 = DIRECTION('',(0.,0.,1.));
#1609 = DIRECTION('',(0.991831185389,0.12755743683,-0.));
#1610 = ORIENTED_EDGE('',*,*,#1611,.F.);
#1611 = EDGE_CURVE('',#1612,#1603,#1614,.T.);
#1612 = VERTEX_POINT('',#1613);
#1613 = CARTESIAN_POINT('',(118.371865,-106.703733,0.));
#1614 = LINE('',#1615,#1616);
#1615 = CARTESIAN_POINT('',(118.371865,-106.703733,0.));
#1616 = VECTOR('',#1617,1.);
#1617 = DIRECTION('',(-3.290962616315E-02,0.999458331551,0.));
#1618 = ORIENTED_EDGE('',*,*,#1619,.F.);
#1619 = EDGE_CURVE('',#1620,#1612,#1622,.T.);
#1620 = VERTEX_POINT('',#1621);
#1621 = CARTESIAN_POINT('',(118.37197,-107.203734,0.));
#1622 = LINE('',#1623,#1624);
#1623 = CARTESIAN_POINT('',(118.37197,-107.203734,0.));
#1624 = VECTOR('',#1625,1.);
#1625 = DIRECTION('',(-2.099995753802E-04,0.99999997795,0.));
#1626 = ORIENTED_EDGE('',*,*,#1627,.F.);
#1627 = EDGE_CURVE('',#1628,#1620,#1630,.T.);
#1628 = VERTEX_POINT('',#1629);
#1629 = CARTESIAN_POINT('',(133.03497,-107.208734,0.));
#1630 = LINE('',#1631,#1632);
#1631 = CARTESIAN_POINT('',(133.03497,-107.208734,0.));
#1632 = VECTOR('',#1633,1.);
#1633 = DIRECTION('',(-0.999999941861,3.409943196697E-04,0.));
#1634 = ORIENTED_EDGE('',*,*,#1635,.F.);
#1635 = EDGE_CURVE('',#1313,#1628,#1636,.T.);
#1636 = LINE('',#1637,#1638);
#1637 = CARTESIAN_POINT('',(133.05372,-106.703733,0.));
#1638 = VECTOR('',#1639,1.);
#1639 = DIRECTION('',(-3.710307419769E-02,-0.999311443888,0.));
#1640 = FACE_BOUND('',#1641,.F.);
#1641 = EDGE_LOOP('',(#1642));
#1642 = ORIENTED_EDGE('',*,*,#1643,.T.);
#1643 = EDGE_CURVE('',#1644,#1644,#1646,.T.);
#1644 = VERTEX_POINT('',#1645);
#1645 = CARTESIAN_POINT('',(195.95997,-126.813109,0.));
#1646 = CIRCLE('',#1647,1.1);
#1647 = AXIS2_PLACEMENT_3D('',#1648,#1649,#1650);
#1648 = CARTESIAN_POINT('',(195.95997,-125.713109,0.));
#1649 = DIRECTION('',(-0.,0.,-1.));
#1650 = DIRECTION('',(-0.,-1.,0.));
#1651 = FACE_BOUND('',#1652,.F.);
#1652 = EDGE_LOOP('',(#1653,#1664,#1672,#1680,#1689,#1697,#1705,#1714,
    #1722,#1730,#1739,#1747,#1755));
#1653 = ORIENTED_EDGE('',*,*,#1654,.F.);
#1654 = EDGE_CURVE('',#1655,#1657,#1659,.T.);
#1655 = VERTEX_POINT('',#1656);
#1656 = CARTESIAN_POINT('',(189.45997,-107.203734,0.));
#1657 = VERTEX_POINT('',#1658);
#1658 = CARTESIAN_POINT('',(188.961913,-107.63816,0.));
#1659 = CIRCLE('',#1660,0.497554635006);
#1660 = AXIS2_PLACEMENT_3D('',#1661,#1662,#1663);
#1661 = CARTESIAN_POINT('',(189.45544920228,-107.7012680965,0.));
#1662 = DIRECTION('',(0.,0.,1.));
#1663 = DIRECTION('',(9.086032757149E-03,0.999958721152,-0.));
#1664 = ORIENTED_EDGE('',*,*,#1665,.F.);
#1665 = EDGE_CURVE('',#1666,#1655,#1668,.T.);
#1666 = VERTEX_POINT('',#1667);
#1667 = CARTESIAN_POINT('',(202.45997,-107.203734,0.));
#1668 = LINE('',#1669,#1670);
#1669 = CARTESIAN_POINT('',(202.45997,-107.203734,0.));
#1670 = VECTOR('',#1671,1.);
#1671 = DIRECTION('',(-1.,0.,0.));
#1672 = ORIENTED_EDGE('',*,*,#1673,.F.);
#1673 = EDGE_CURVE('',#1674,#1666,#1676,.T.);
#1674 = VERTEX_POINT('',#1675);
#1675 = CARTESIAN_POINT('',(202.525541,-107.205678,0.));
#1676 = LINE('',#1677,#1678);
#1677 = CARTESIAN_POINT('',(202.525541,-107.205678,0.));
#1678 = VECTOR('',#1679,1.);
#1679 = DIRECTION('',(-0.999560809708,2.963423181104E-02,0.));
#1680 = ORIENTED_EDGE('',*,*,#1681,.F.);
#1681 = EDGE_CURVE('',#1682,#1674,#1684,.T.);
#1682 = VERTEX_POINT('',#1683);
#1683 = CARTESIAN_POINT('',(202.95997,-107.703734,0.));
#1684 = CIRCLE('',#1685,0.49762810037);
#1685 = AXIS2_PLACEMENT_3D('',#1686,#1687,#1688);
#1686 = CARTESIAN_POINT('',(202.46236184008,-107.699279175,0.));
#1687 = DIRECTION('',(0.,0.,1.));
#1688 = DIRECTION('',(0.999959928999,-8.952116905798E-03,0.));
#1689 = ORIENTED_EDGE('',*,*,#1690,.F.);
#1690 = EDGE_CURVE('',#1691,#1682,#1693,.T.);
#1691 = VERTEX_POINT('',#1692);
#1692 = CARTESIAN_POINT('',(202.95997,-120.703734,0.));
#1693 = LINE('',#1694,#1695);
#1694 = CARTESIAN_POINT('',(202.95997,-120.703734,0.));
#1695 = VECTOR('',#1696,1.);
#1696 = DIRECTION('',(0.,1.,0.));
#1697 = ORIENTED_EDGE('',*,*,#1698,.F.);
#1698 = EDGE_CURVE('',#1699,#1691,#1701,.T.);
#1699 = VERTEX_POINT('',#1700);
#1700 = CARTESIAN_POINT('',(202.957827,-120.769274,0.));
#1701 = LINE('',#1702,#1703);
#1702 = CARTESIAN_POINT('',(202.957827,-120.769274,0.));
#1703 = VECTOR('',#1704,1.);
#1704 = DIRECTION('',(3.268012423627E-02,0.999465862088,0.));
#1705 = ORIENTED_EDGE('',*,*,#1706,.F.);
#1706 = EDGE_CURVE('',#1707,#1699,#1709,.T.);
#1707 = VERTEX_POINT('',#1708);
#1708 = CARTESIAN_POINT('',(202.45997,-121.203734,0.));
#1709 = CIRCLE('',#1710,0.497940142437);
#1710 = AXIS2_PLACEMENT_3D('',#1711,#1712,#1713);
#1711 = CARTESIAN_POINT('',(202.46394779014,-120.705809746,0.));
#1712 = DIRECTION('',(0.,0.,1.));
#1713 = DIRECTION('',(-7.988490599139E-03,-0.9999680915,0.));
#1714 = ORIENTED_EDGE('',*,*,#1715,.F.);
#1715 = EDGE_CURVE('',#1716,#1707,#1718,.T.);
#1716 = VERTEX_POINT('',#1717);
#1717 = CARTESIAN_POINT('',(189.45997,-121.203734,0.));
#1718 = LINE('',#1719,#1720);
#1719 = CARTESIAN_POINT('',(189.45997,-121.203734,0.));
#1720 = VECTOR('',#1721,1.);
#1721 = DIRECTION('',(1.,0.,0.));
#1722 = ORIENTED_EDGE('',*,*,#1723,.F.);
#1723 = EDGE_CURVE('',#1724,#1716,#1726,.T.);
#1724 = VERTEX_POINT('',#1725);
#1725 = CARTESIAN_POINT('',(189.39716,-121.200675,0.));
#1726 = LINE('',#1727,#1728);
#1727 = CARTESIAN_POINT('',(189.39716,-121.200675,0.));
#1728 = VECTOR('',#1729,1.);
#1729 = DIRECTION('',(0.998816141971,-4.864477914795E-02,0.));
#1730 = ORIENTED_EDGE('',*,*,#1731,.F.);
#1731 = EDGE_CURVE('',#1732,#1724,#1734,.T.);
#1732 = VERTEX_POINT('',#1733);
#1733 = CARTESIAN_POINT('',(188.962734,-120.702618,0.));
#1734 = CIRCLE('',#1735,0.497565516144);
#1735 = AXIS2_PLACEMENT_3D('',#1736,#1737,#1738);
#1736 = CARTESIAN_POINT('',(189.46027906494,-120.7071292305,0.));
#1737 = DIRECTION('',(0.,0.,1.));
#1738 = DIRECTION('',(-0.999958897481,9.06660620712E-03,0.));
#1739 = ORIENTED_EDGE('',*,*,#1740,.F.);
#1740 = EDGE_CURVE('',#1741,#1732,#1743,.T.);
#1741 = VERTEX_POINT('',#1742);
#1742 = CARTESIAN_POINT('',(188.95997,-120.703734,0.));
#1743 = LINE('',#1744,#1745);
#1744 = CARTESIAN_POINT('',(188.95997,-120.703734,0.));
#1745 = VECTOR('',#1746,1.);
#1746 = DIRECTION('',(0.927268715846,0.374396485845,0.));
#1747 = ORIENTED_EDGE('',*,*,#1748,.F.);
#1748 = EDGE_CURVE('',#1749,#1741,#1751,.T.);
#1749 = VERTEX_POINT('',#1750);
#1750 = CARTESIAN_POINT('',(188.95997,-107.703734,0.));
#1751 = LINE('',#1752,#1753);
#1752 = CARTESIAN_POINT('',(188.95997,-107.703734,0.));
#1753 = VECTOR('',#1754,1.);
#1754 = DIRECTION('',(0.,-1.,0.));
#1755 = ORIENTED_EDGE('',*,*,#1756,.F.);
#1756 = EDGE_CURVE('',#1657,#1749,#1757,.T.);
#1757 = LINE('',#1758,#1759);
#1758 = CARTESIAN_POINT('',(188.961913,-107.63816,0.));
#1759 = VECTOR('',#1760,1.);
#1760 = DIRECTION('',(-2.961764736554E-02,-0.999561301254,0.));
#1761 = FACE_BOUND('',#1762,.F.);
#1762 = EDGE_LOOP('',(#1763,#1774,#1782,#1790,#1799,#1807,#1815,#1824,
    #1832,#1840,#1849,#1857,#1865));
#1763 = ORIENTED_EDGE('',*,*,#1764,.F.);
#1764 = EDGE_CURVE('',#1765,#1767,#1769,.T.);
#1765 = VERTEX_POINT('',#1766);
#1766 = CARTESIAN_POINT('',(208.50997,-107.203734,0.));
#1767 = VERTEX_POINT('',#1768);
#1768 = CARTESIAN_POINT('',(208.011913,-107.63816,0.));
#1769 = CIRCLE('',#1770,0.497554635006);
#1770 = AXIS2_PLACEMENT_3D('',#1771,#1772,#1773);
#1771 = CARTESIAN_POINT('',(208.50544920228,-107.7012680965,0.));
#1772 = DIRECTION('',(0.,0.,1.));
#1773 = DIRECTION('',(9.086032757149E-03,0.999958721152,-0.));
#1774 = ORIENTED_EDGE('',*,*,#1775,.F.);
#1775 = EDGE_CURVE('',#1776,#1765,#1778,.T.);
#1776 = VERTEX_POINT('',#1777);
#1777 = CARTESIAN_POINT('',(221.50997,-107.203734,0.));
#1778 = LINE('',#1779,#1780);
#1779 = CARTESIAN_POINT('',(221.50997,-107.203734,0.));
#1780 = VECTOR('',#1781,1.);
#1781 = DIRECTION('',(-1.,0.,0.));
#1782 = ORIENTED_EDGE('',*,*,#1783,.F.);
#1783 = EDGE_CURVE('',#1784,#1776,#1786,.T.);
#1784 = VERTEX_POINT('',#1785);
#1785 = CARTESIAN_POINT('',(221.575541,-107.205678,0.));
#1786 = LINE('',#1787,#1788);
#1787 = CARTESIAN_POINT('',(221.575541,-107.205678,0.));
#1788 = VECTOR('',#1789,1.);
#1789 = DIRECTION('',(-0.999560809708,2.963423181105E-02,0.));
#1790 = ORIENTED_EDGE('',*,*,#1791,.F.);
#1791 = EDGE_CURVE('',#1792,#1784,#1794,.T.);
#1792 = VERTEX_POINT('',#1793);
#1793 = CARTESIAN_POINT('',(222.00997,-107.703734,0.));
#1794 = CIRCLE('',#1795,0.49762810037);
#1795 = AXIS2_PLACEMENT_3D('',#1796,#1797,#1798);
#1796 = CARTESIAN_POINT('',(221.51236184008,-107.699279175,0.));
#1797 = DIRECTION('',(0.,0.,1.));
#1798 = DIRECTION('',(0.999959928999,-8.952116905798E-03,0.));
#1799 = ORIENTED_EDGE('',*,*,#1800,.F.);
#1800 = EDGE_CURVE('',#1801,#1792,#1803,.T.);
#1801 = VERTEX_POINT('',#1802);
#1802 = CARTESIAN_POINT('',(222.00997,-120.703734,0.));
#1803 = LINE('',#1804,#1805);
#1804 = CARTESIAN_POINT('',(222.00997,-120.703734,0.));
#1805 = VECTOR('',#1806,1.);
#1806 = DIRECTION('',(0.,1.,0.));
#1807 = ORIENTED_EDGE('',*,*,#1808,.F.);
#1808 = EDGE_CURVE('',#1809,#1801,#1811,.T.);
#1809 = VERTEX_POINT('',#1810);
#1810 = CARTESIAN_POINT('',(222.007827,-120.769274,0.));
#1811 = LINE('',#1812,#1813);
#1812 = CARTESIAN_POINT('',(222.007827,-120.769274,0.));
#1813 = VECTOR('',#1814,1.);
#1814 = DIRECTION('',(3.26801242367E-02,0.999465862088,0.));
#1815 = ORIENTED_EDGE('',*,*,#1816,.F.);
#1816 = EDGE_CURVE('',#1817,#1809,#1819,.T.);
#1817 = VERTEX_POINT('',#1818);
#1818 = CARTESIAN_POINT('',(221.50997,-121.203734,0.));
#1819 = CIRCLE('',#1820,0.497940142437);
#1820 = AXIS2_PLACEMENT_3D('',#1821,#1822,#1823);
#1821 = CARTESIAN_POINT('',(221.51394779014,-120.705809746,0.));
#1822 = DIRECTION('',(0.,0.,1.));
#1823 = DIRECTION('',(-7.988490599025E-03,-0.9999680915,0.));
#1824 = ORIENTED_EDGE('',*,*,#1825,.F.);
#1825 = EDGE_CURVE('',#1826,#1817,#1828,.T.);
#1826 = VERTEX_POINT('',#1827);
#1827 = CARTESIAN_POINT('',(208.50997,-121.203734,0.));
#1828 = LINE('',#1829,#1830);
#1829 = CARTESIAN_POINT('',(208.50997,-121.203734,0.));
#1830 = VECTOR('',#1831,1.);
#1831 = DIRECTION('',(1.,0.,0.));
#1832 = ORIENTED_EDGE('',*,*,#1833,.F.);
#1833 = EDGE_CURVE('',#1834,#1826,#1836,.T.);
#1834 = VERTEX_POINT('',#1835);
#1835 = CARTESIAN_POINT('',(208.44716,-121.200675,0.));
#1836 = LINE('',#1837,#1838);
#1837 = CARTESIAN_POINT('',(208.44716,-121.200675,0.));
#1838 = VECTOR('',#1839,1.);
#1839 = DIRECTION('',(0.998816141971,-4.864477914793E-02,0.));
#1840 = ORIENTED_EDGE('',*,*,#1841,.F.);
#1841 = EDGE_CURVE('',#1842,#1834,#1844,.T.);
#1842 = VERTEX_POINT('',#1843);
#1843 = CARTESIAN_POINT('',(208.012734,-120.702618,0.));
#1844 = CIRCLE('',#1845,0.497565516144);
#1845 = AXIS2_PLACEMENT_3D('',#1846,#1847,#1848);
#1846 = CARTESIAN_POINT('',(208.51027906494,-120.7071292305,0.));
#1847 = DIRECTION('',(0.,0.,1.));
#1848 = DIRECTION('',(-0.999958897481,9.066606206975E-03,0.));
#1849 = ORIENTED_EDGE('',*,*,#1850,.F.);
#1850 = EDGE_CURVE('',#1851,#1842,#1853,.T.);
#1851 = VERTEX_POINT('',#1852);
#1852 = CARTESIAN_POINT('',(208.00997,-120.703734,0.));
#1853 = LINE('',#1854,#1855);
#1854 = CARTESIAN_POINT('',(208.00997,-120.703734,0.));
#1855 = VECTOR('',#1856,1.);
#1856 = DIRECTION('',(0.927268715845,0.374396485848,0.));
#1857 = ORIENTED_EDGE('',*,*,#1858,.F.);
#1858 = EDGE_CURVE('',#1859,#1851,#1861,.T.);
#1859 = VERTEX_POINT('',#1860);
#1860 = CARTESIAN_POINT('',(208.00997,-107.703734,0.));
#1861 = LINE('',#1862,#1863);
#1862 = CARTESIAN_POINT('',(208.00997,-107.703734,0.));
#1863 = VECTOR('',#1864,1.);
#1864 = DIRECTION('',(0.,-1.,0.));
#1865 = ORIENTED_EDGE('',*,*,#1866,.F.);
#1866 = EDGE_CURVE('',#1767,#1859,#1867,.T.);
#1867 = LINE('',#1868,#1869);
#1868 = CARTESIAN_POINT('',(208.011913,-107.63816,0.));
#1869 = VECTOR('',#1870,1.);
#1870 = DIRECTION('',(-2.961764736511E-02,-0.999561301254,0.));
#1871 = FACE_BOUND('',#1872,.F.);
#1872 = EDGE_LOOP('',(#1873,#1884,#1892,#1900,#1909,#1917,#1925,#1934,
    #1942,#1950,#1959,#1967,#1975));
#1873 = ORIENTED_EDGE('',*,*,#1874,.F.);
#1874 = EDGE_CURVE('',#1875,#1877,#1879,.T.);
#1875 = VERTEX_POINT('',#1876);
#1876 = CARTESIAN_POINT('',(227.55997,-107.203734,0.));
#1877 = VERTEX_POINT('',#1878);
#1878 = CARTESIAN_POINT('',(227.061913,-107.63816,0.));
#1879 = CIRCLE('',#1880,0.497554635006);
#1880 = AXIS2_PLACEMENT_3D('',#1881,#1882,#1883);
#1881 = CARTESIAN_POINT('',(227.55544920228,-107.7012680965,0.));
#1882 = DIRECTION('',(0.,0.,1.));
#1883 = DIRECTION('',(9.086032757149E-03,0.999958721152,-0.));
#1884 = ORIENTED_EDGE('',*,*,#1885,.F.);
#1885 = EDGE_CURVE('',#1886,#1875,#1888,.T.);
#1886 = VERTEX_POINT('',#1887);
#1887 = CARTESIAN_POINT('',(240.55997,-107.203734,0.));
#1888 = LINE('',#1889,#1890);
#1889 = CARTESIAN_POINT('',(240.55997,-107.203734,0.));
#1890 = VECTOR('',#1891,1.);
#1891 = DIRECTION('',(-1.,0.,0.));
#1892 = ORIENTED_EDGE('',*,*,#1893,.F.);
#1893 = EDGE_CURVE('',#1894,#1886,#1896,.T.);
#1894 = VERTEX_POINT('',#1895);
#1895 = CARTESIAN_POINT('',(240.625541,-107.205678,0.));
#1896 = LINE('',#1897,#1898);
#1897 = CARTESIAN_POINT('',(240.625541,-107.205678,0.));
#1898 = VECTOR('',#1899,1.);
#1899 = DIRECTION('',(-0.999560809708,2.963423181104E-02,0.));
#1900 = ORIENTED_EDGE('',*,*,#1901,.F.);
#1901 = EDGE_CURVE('',#1902,#1894,#1904,.T.);
#1902 = VERTEX_POINT('',#1903);
#1903 = CARTESIAN_POINT('',(241.05997,-107.703734,0.));
#1904 = CIRCLE('',#1905,0.49762810037);
#1905 = AXIS2_PLACEMENT_3D('',#1906,#1907,#1908);
#1906 = CARTESIAN_POINT('',(240.56236184008,-107.699279175,0.));
#1907 = DIRECTION('',(0.,0.,1.));
#1908 = DIRECTION('',(0.999959928999,-8.952116905942E-03,0.));
#1909 = ORIENTED_EDGE('',*,*,#1910,.F.);
#1910 = EDGE_CURVE('',#1911,#1902,#1913,.T.);
#1911 = VERTEX_POINT('',#1912);
#1912 = CARTESIAN_POINT('',(241.05997,-120.703734,0.));
#1913 = LINE('',#1914,#1915);
#1914 = CARTESIAN_POINT('',(241.05997,-120.703734,0.));
#1915 = VECTOR('',#1916,1.);
#1916 = DIRECTION('',(0.,1.,0.));
#1917 = ORIENTED_EDGE('',*,*,#1918,.F.);
#1918 = EDGE_CURVE('',#1919,#1911,#1921,.T.);
#1919 = VERTEX_POINT('',#1920);
#1920 = CARTESIAN_POINT('',(241.057827,-120.769274,0.));
#1921 = LINE('',#1922,#1923);
#1922 = CARTESIAN_POINT('',(241.057827,-120.769274,0.));
#1923 = VECTOR('',#1924,1.);
#1924 = DIRECTION('',(3.268012423627E-02,0.999465862088,0.));
#1925 = ORIENTED_EDGE('',*,*,#1926,.F.);
#1926 = EDGE_CURVE('',#1927,#1919,#1929,.T.);
#1927 = VERTEX_POINT('',#1928);
#1928 = CARTESIAN_POINT('',(240.55997,-121.203734,0.));
#1929 = CIRCLE('',#1930,0.497940142437);
#1930 = AXIS2_PLACEMENT_3D('',#1931,#1932,#1933);
#1931 = CARTESIAN_POINT('',(240.56394779014,-120.705809746,0.));
#1932 = DIRECTION('',(0.,0.,1.));
#1933 = DIRECTION('',(-7.988490599025E-03,-0.9999680915,0.));
#1934 = ORIENTED_EDGE('',*,*,#1935,.F.);
#1935 = EDGE_CURVE('',#1936,#1927,#1938,.T.);
#1936 = VERTEX_POINT('',#1937);
#1937 = CARTESIAN_POINT('',(227.55997,-121.203734,0.));
#1938 = LINE('',#1939,#1940);
#1939 = CARTESIAN_POINT('',(227.55997,-121.203734,0.));
#1940 = VECTOR('',#1941,1.);
#1941 = DIRECTION('',(1.,0.,0.));
#1942 = ORIENTED_EDGE('',*,*,#1943,.F.);
#1943 = EDGE_CURVE('',#1944,#1936,#1946,.T.);
#1944 = VERTEX_POINT('',#1945);
#1945 = CARTESIAN_POINT('',(227.49716,-121.200675,0.));
#1946 = LINE('',#1947,#1948);
#1947 = CARTESIAN_POINT('',(227.49716,-121.200675,0.));
#1948 = VECTOR('',#1949,1.);
#1949 = DIRECTION('',(0.998816141971,-4.864477914795E-02,0.));
#1950 = ORIENTED_EDGE('',*,*,#1951,.F.);
#1951 = EDGE_CURVE('',#1952,#1944,#1954,.T.);
#1952 = VERTEX_POINT('',#1953);
#1953 = CARTESIAN_POINT('',(227.062734,-120.702618,0.));
#1954 = CIRCLE('',#1955,0.497565516144);
#1955 = AXIS2_PLACEMENT_3D('',#1956,#1957,#1958);
#1956 = CARTESIAN_POINT('',(227.56027906494,-120.7071292305,0.));
#1957 = DIRECTION('',(0.,0.,1.));
#1958 = DIRECTION('',(-0.999958897481,9.066606207091E-03,0.));
#1959 = ORIENTED_EDGE('',*,*,#1960,.F.);
#1960 = EDGE_CURVE('',#1961,#1952,#1963,.T.);
#1961 = VERTEX_POINT('',#1962);
#1962 = CARTESIAN_POINT('',(227.05997,-120.703734,0.));
#1963 = LINE('',#1964,#1965);
#1964 = CARTESIAN_POINT('',(227.05997,-120.703734,0.));
#1965 = VECTOR('',#1966,1.);
#1966 = DIRECTION('',(0.927268715846,0.374396485845,0.));
#1967 = ORIENTED_EDGE('',*,*,#1968,.F.);
#1968 = EDGE_CURVE('',#1969,#1961,#1971,.T.);
#1969 = VERTEX_POINT('',#1970);
#1970 = CARTESIAN_POINT('',(227.05997,-107.703734,0.));
#1971 = LINE('',#1972,#1973);
#1972 = CARTESIAN_POINT('',(227.05997,-107.703734,0.));
#1973 = VECTOR('',#1974,1.);
#1974 = DIRECTION('',(0.,-1.,0.));
#1975 = ORIENTED_EDGE('',*,*,#1976,.F.);
#1976 = EDGE_CURVE('',#1877,#1969,#1977,.T.);
#1977 = LINE('',#1978,#1979);
#1978 = CARTESIAN_POINT('',(227.061913,-107.63816,0.));
#1979 = VECTOR('',#1980,1.);
#1980 = DIRECTION('',(-2.961764736554E-02,-0.999561301254,0.));
#1981 = FACE_BOUND('',#1982,.F.);
#1982 = EDGE_LOOP('',(#1983,#1994,#2002,#2010,#2019,#2027,#2035,#2044,
    #2052,#2060,#2069,#2077,#2085));
#1983 = ORIENTED_EDGE('',*,*,#1984,.F.);
#1984 = EDGE_CURVE('',#1985,#1987,#1989,.T.);
#1985 = VERTEX_POINT('',#1986);
#1986 = CARTESIAN_POINT('',(146.59747,-83.391234,0.));
#1987 = VERTEX_POINT('',#1988);
#1988 = CARTESIAN_POINT('',(146.099413,-83.82566,0.));
#1989 = CIRCLE('',#1990,0.497554635006);
#1990 = AXIS2_PLACEMENT_3D('',#1991,#1992,#1993);
#1991 = CARTESIAN_POINT('',(146.59294920228,-83.88876809652,0.));
#1992 = DIRECTION('',(0.,0.,1.));
#1993 = DIRECTION('',(9.086032757149E-03,0.999958721152,-0.));
#1994 = ORIENTED_EDGE('',*,*,#1995,.F.);
#1995 = EDGE_CURVE('',#1996,#1985,#1998,.T.);
#1996 = VERTEX_POINT('',#1997);
#1997 = CARTESIAN_POINT('',(159.59747,-83.391234,0.));
#1998 = LINE('',#1999,#2000);
#1999 = CARTESIAN_POINT('',(159.59747,-83.391234,0.));
#2000 = VECTOR('',#2001,1.);
#2001 = DIRECTION('',(-1.,0.,0.));
#2002 = ORIENTED_EDGE('',*,*,#2003,.F.);
#2003 = EDGE_CURVE('',#2004,#1996,#2006,.T.);
#2004 = VERTEX_POINT('',#2005);
#2005 = CARTESIAN_POINT('',(159.663041,-83.393178,0.));
#2006 = LINE('',#2007,#2008);
#2007 = CARTESIAN_POINT('',(159.663041,-83.393178,0.));
#2008 = VECTOR('',#2009,1.);
#2009 = DIRECTION('',(-0.999560809708,2.963423181104E-02,0.));
#2010 = ORIENTED_EDGE('',*,*,#2011,.F.);
#2011 = EDGE_CURVE('',#2012,#2004,#2014,.T.);
#2012 = VERTEX_POINT('',#2013);
#2013 = CARTESIAN_POINT('',(160.09747,-83.891234,0.));
#2014 = CIRCLE('',#2015,0.49762810037);
#2015 = AXIS2_PLACEMENT_3D('',#2016,#2017,#2018);
#2016 = CARTESIAN_POINT('',(159.59986184008,-83.88677917507,0.));
#2017 = DIRECTION('',(0.,0.,1.));
#2018 = DIRECTION('',(0.999959928999,-8.952116905913E-03,0.));
#2019 = ORIENTED_EDGE('',*,*,#2020,.F.);
#2020 = EDGE_CURVE('',#2021,#2012,#2023,.T.);
#2021 = VERTEX_POINT('',#2022);
#2022 = CARTESIAN_POINT('',(160.09747,-96.891234,0.));
#2023 = LINE('',#2024,#2025);
#2024 = CARTESIAN_POINT('',(160.09747,-96.891234,0.));
#2025 = VECTOR('',#2026,1.);
#2026 = DIRECTION('',(0.,1.,0.));
#2027 = ORIENTED_EDGE('',*,*,#2028,.F.);
#2028 = EDGE_CURVE('',#2029,#2021,#2031,.T.);
#2029 = VERTEX_POINT('',#2030);
#2030 = CARTESIAN_POINT('',(160.095327,-96.956774,0.));
#2031 = LINE('',#2032,#2033);
#2032 = CARTESIAN_POINT('',(160.095327,-96.956774,0.));
#2033 = VECTOR('',#2034,1.);
#2034 = DIRECTION('',(3.268012423627E-02,0.999465862088,0.));
#2035 = ORIENTED_EDGE('',*,*,#2036,.F.);
#2036 = EDGE_CURVE('',#2037,#2029,#2039,.T.);
#2037 = VERTEX_POINT('',#2038);
#2038 = CARTESIAN_POINT('',(159.59747,-97.391234,0.));
#2039 = CIRCLE('',#2040,0.497940142437);
#2040 = AXIS2_PLACEMENT_3D('',#2041,#2042,#2043);
#2041 = CARTESIAN_POINT('',(159.60144779014,-96.89330974608,0.));
#2042 = DIRECTION('',(0.,0.,1.));
#2043 = DIRECTION('',(-7.988490599139E-03,-0.9999680915,0.));
#2044 = ORIENTED_EDGE('',*,*,#2045,.F.);
#2045 = EDGE_CURVE('',#2046,#2037,#2048,.T.);
#2046 = VERTEX_POINT('',#2047);
#2047 = CARTESIAN_POINT('',(146.59747,-97.391234,0.));
#2048 = LINE('',#2049,#2050);
#2049 = CARTESIAN_POINT('',(146.59747,-97.391234,0.));
#2050 = VECTOR('',#2051,1.);
#2051 = DIRECTION('',(1.,0.,0.));
#2052 = ORIENTED_EDGE('',*,*,#2053,.F.);
#2053 = EDGE_CURVE('',#2054,#2046,#2056,.T.);
#2054 = VERTEX_POINT('',#2055);
#2055 = CARTESIAN_POINT('',(146.53466,-97.388175,0.));
#2056 = LINE('',#2057,#2058);
#2057 = CARTESIAN_POINT('',(146.53466,-97.388175,0.));
#2058 = VECTOR('',#2059,1.);
#2059 = DIRECTION('',(0.998816141971,-4.864477914795E-02,0.));
#2060 = ORIENTED_EDGE('',*,*,#2061,.F.);
#2061 = EDGE_CURVE('',#2062,#2054,#2064,.T.);
#2062 = VERTEX_POINT('',#2063);
#2063 = CARTESIAN_POINT('',(146.100234,-96.890118,0.));
#2064 = CIRCLE('',#2065,0.497565516144);
#2065 = AXIS2_PLACEMENT_3D('',#2066,#2067,#2068);
#2066 = CARTESIAN_POINT('',(146.59777906494,-96.89462923059,0.));
#2067 = DIRECTION('',(0.,0.,1.));
#2068 = DIRECTION('',(-0.999958897481,9.066606207004E-03,0.));
#2069 = ORIENTED_EDGE('',*,*,#2070,.F.);
#2070 = EDGE_CURVE('',#2071,#2062,#2073,.T.);
#2071 = VERTEX_POINT('',#2072);
#2072 = CARTESIAN_POINT('',(146.09747,-96.891234,0.));
#2073 = LINE('',#2074,#2075);
#2074 = CARTESIAN_POINT('',(146.09747,-96.891234,0.));
#2075 = VECTOR('',#2076,1.);
#2076 = DIRECTION('',(0.927268715846,0.374396485845,0.));
#2077 = ORIENTED_EDGE('',*,*,#2078,.F.);
#2078 = EDGE_CURVE('',#2079,#2071,#2081,.T.);
#2079 = VERTEX_POINT('',#2080);
#2080 = CARTESIAN_POINT('',(146.09747,-83.891234,0.));
#2081 = LINE('',#2082,#2083);
#2082 = CARTESIAN_POINT('',(146.09747,-83.891234,0.));
#2083 = VECTOR('',#2084,1.);
#2084 = DIRECTION('',(0.,-1.,0.));
#2085 = ORIENTED_EDGE('',*,*,#2086,.F.);
#2086 = EDGE_CURVE('',#1987,#2079,#2087,.T.);
#2087 = LINE('',#2088,#2089);
#2088 = CARTESIAN_POINT('',(146.099413,-83.82566,0.));
#2089 = VECTOR('',#2090,1.);
#2090 = DIRECTION('',(-2.961764736554E-02,-0.999561301254,0.));
#2091 = FACE_BOUND('',#2092,.F.);
#2092 = EDGE_LOOP('',(#2093,#2104,#2112,#2120,#2129,#2137,#2145,#2154,
    #2162,#2170,#2179,#2187,#2195));
#2093 = ORIENTED_EDGE('',*,*,#2094,.F.);
#2094 = EDGE_CURVE('',#2095,#2097,#2099,.T.);
#2095 = VERTEX_POINT('',#2096);
#2096 = CARTESIAN_POINT('',(165.64747,-83.391234,0.));
#2097 = VERTEX_POINT('',#2098);
#2098 = CARTESIAN_POINT('',(165.149413,-83.82566,0.));
#2099 = CIRCLE('',#2100,0.497554635006);
#2100 = AXIS2_PLACEMENT_3D('',#2101,#2102,#2103);
#2101 = CARTESIAN_POINT('',(165.64294920228,-83.88876809652,0.));
#2102 = DIRECTION('',(0.,0.,1.));
#2103 = DIRECTION('',(9.086032757149E-03,0.999958721152,-0.));
#2104 = ORIENTED_EDGE('',*,*,#2105,.F.);
#2105 = EDGE_CURVE('',#2106,#2095,#2108,.T.);
#2106 = VERTEX_POINT('',#2107);
#2107 = CARTESIAN_POINT('',(178.64747,-83.391234,0.));
#2108 = LINE('',#2109,#2110);
#2109 = CARTESIAN_POINT('',(178.64747,-83.391234,0.));
#2110 = VECTOR('',#2111,1.);
#2111 = DIRECTION('',(-1.,0.,0.));
#2112 = ORIENTED_EDGE('',*,*,#2113,.F.);
#2113 = EDGE_CURVE('',#2114,#2106,#2116,.T.);
#2114 = VERTEX_POINT('',#2115);
#2115 = CARTESIAN_POINT('',(178.713041,-83.393178,0.));
#2116 = LINE('',#2117,#2118);
#2117 = CARTESIAN_POINT('',(178.713041,-83.393178,0.));
#2118 = VECTOR('',#2119,1.);
#2119 = DIRECTION('',(-0.999560809708,2.963423181104E-02,0.));
#2120 = ORIENTED_EDGE('',*,*,#2121,.F.);
#2121 = EDGE_CURVE('',#2122,#2114,#2124,.T.);
#2122 = VERTEX_POINT('',#2123);
#2123 = CARTESIAN_POINT('',(179.14747,-83.891234,0.));
#2124 = CIRCLE('',#2125,0.49762810037);
#2125 = AXIS2_PLACEMENT_3D('',#2126,#2127,#2128);
#2126 = CARTESIAN_POINT('',(178.64986184008,-83.88677917507,0.));
#2127 = DIRECTION('',(0.,0.,1.));
#2128 = DIRECTION('',(0.999959928999,-8.952116905798E-03,0.));
#2129 = ORIENTED_EDGE('',*,*,#2130,.F.);
#2130 = EDGE_CURVE('',#2131,#2122,#2133,.T.);
#2131 = VERTEX_POINT('',#2132);
#2132 = CARTESIAN_POINT('',(179.14747,-96.891234,0.));
#2133 = LINE('',#2134,#2135);
#2134 = CARTESIAN_POINT('',(179.14747,-96.891234,0.));
#2135 = VECTOR('',#2136,1.);
#2136 = DIRECTION('',(0.,1.,0.));
#2137 = ORIENTED_EDGE('',*,*,#2138,.F.);
#2138 = EDGE_CURVE('',#2139,#2131,#2141,.T.);
#2139 = VERTEX_POINT('',#2140);
#2140 = CARTESIAN_POINT('',(179.145327,-96.956774,0.));
#2141 = LINE('',#2142,#2143);
#2142 = CARTESIAN_POINT('',(179.145327,-96.956774,0.));
#2143 = VECTOR('',#2144,1.);
#2144 = DIRECTION('',(3.268012423627E-02,0.999465862088,0.));
#2145 = ORIENTED_EDGE('',*,*,#2146,.F.);
#2146 = EDGE_CURVE('',#2147,#2139,#2149,.T.);
#2147 = VERTEX_POINT('',#2148);
#2148 = CARTESIAN_POINT('',(178.64747,-97.391234,0.));
#2149 = CIRCLE('',#2150,0.497940142437);
#2150 = AXIS2_PLACEMENT_3D('',#2151,#2152,#2153);
#2151 = CARTESIAN_POINT('',(178.65144779014,-96.89330974608,0.));
#2152 = DIRECTION('',(0.,0.,1.));
#2153 = DIRECTION('',(-7.988490599139E-03,-0.9999680915,0.));
#2154 = ORIENTED_EDGE('',*,*,#2155,.F.);
#2155 = EDGE_CURVE('',#2156,#2147,#2158,.T.);
#2156 = VERTEX_POINT('',#2157);
#2157 = CARTESIAN_POINT('',(165.64747,-97.391234,0.));
#2158 = LINE('',#2159,#2160);
#2159 = CARTESIAN_POINT('',(165.64747,-97.391234,0.));
#2160 = VECTOR('',#2161,1.);
#2161 = DIRECTION('',(1.,0.,0.));
#2162 = ORIENTED_EDGE('',*,*,#2163,.F.);
#2163 = EDGE_CURVE('',#2164,#2156,#2166,.T.);
#2164 = VERTEX_POINT('',#2165);
#2165 = CARTESIAN_POINT('',(165.58466,-97.388175,0.));
#2166 = LINE('',#2167,#2168);
#2167 = CARTESIAN_POINT('',(165.58466,-97.388175,0.));
#2168 = VECTOR('',#2169,1.);
#2169 = DIRECTION('',(0.998816141971,-4.864477914795E-02,0.));
#2170 = ORIENTED_EDGE('',*,*,#2171,.F.);
#2171 = EDGE_CURVE('',#2172,#2164,#2174,.T.);
#2172 = VERTEX_POINT('',#2173);
#2173 = CARTESIAN_POINT('',(165.150234,-96.890118,0.));
#2174 = CIRCLE('',#2175,0.497565516144);
#2175 = AXIS2_PLACEMENT_3D('',#2176,#2177,#2178);
#2176 = CARTESIAN_POINT('',(165.64777906494,-96.89462923059,0.));
#2177 = DIRECTION('',(0.,0.,1.));
#2178 = DIRECTION('',(-0.999958897481,9.06660620712E-03,0.));
#2179 = ORIENTED_EDGE('',*,*,#2180,.F.);
#2180 = EDGE_CURVE('',#2181,#2172,#2183,.T.);
#2181 = VERTEX_POINT('',#2182);
#2182 = CARTESIAN_POINT('',(165.14747,-96.891234,0.));
#2183 = LINE('',#2184,#2185);
#2184 = CARTESIAN_POINT('',(165.14747,-96.891234,0.));
#2185 = VECTOR('',#2186,1.);
#2186 = DIRECTION('',(0.927268715846,0.374396485845,0.));
#2187 = ORIENTED_EDGE('',*,*,#2188,.F.);
#2188 = EDGE_CURVE('',#2189,#2181,#2191,.T.);
#2189 = VERTEX_POINT('',#2190);
#2190 = CARTESIAN_POINT('',(165.14747,-83.891234,0.));
#2191 = LINE('',#2192,#2193);
#2192 = CARTESIAN_POINT('',(165.14747,-83.891234,0.));
#2193 = VECTOR('',#2194,1.);
#2194 = DIRECTION('',(0.,-1.,0.));
#2195 = ORIENTED_EDGE('',*,*,#2196,.F.);
#2196 = EDGE_CURVE('',#2097,#2189,#2197,.T.);
#2197 = LINE('',#2198,#2199);
#2198 = CARTESIAN_POINT('',(165.149413,-83.82566,0.));
#2199 = VECTOR('',#2200,1.);
#2200 = DIRECTION('',(-2.961764736554E-02,-0.999561301254,0.));
#2201 = FACE_BOUND('',#2202,.F.);
#2202 = EDGE_LOOP('',(#2203,#2214,#2222,#2230,#2239,#2247,#2255,#2264,
    #2272,#2280,#2289,#2297,#2305));
#2203 = ORIENTED_EDGE('',*,*,#2204,.F.);
#2204 = EDGE_CURVE('',#2205,#2207,#2209,.T.);
#2205 = VERTEX_POINT('',#2206);
#2206 = CARTESIAN_POINT('',(208.50997,-88.153734,0.));
#2207 = VERTEX_POINT('',#2208);
#2208 = CARTESIAN_POINT('',(208.011913,-88.58816,0.));
#2209 = CIRCLE('',#2210,0.497554635006);
#2210 = AXIS2_PLACEMENT_3D('',#2211,#2212,#2213);
#2211 = CARTESIAN_POINT('',(208.50544920228,-88.65126809652,0.));
#2212 = DIRECTION('',(0.,0.,1.));
#2213 = DIRECTION('',(9.086032757264E-03,0.999958721152,-0.));
#2214 = ORIENTED_EDGE('',*,*,#2215,.F.);
#2215 = EDGE_CURVE('',#2216,#2205,#2218,.T.);
#2216 = VERTEX_POINT('',#2217);
#2217 = CARTESIAN_POINT('',(221.50997,-88.153734,0.));
#2218 = LINE('',#2219,#2220);
#2219 = CARTESIAN_POINT('',(221.50997,-88.153734,0.));
#2220 = VECTOR('',#2221,1.);
#2221 = DIRECTION('',(-1.,0.,0.));
#2222 = ORIENTED_EDGE('',*,*,#2223,.F.);
#2223 = EDGE_CURVE('',#2224,#2216,#2226,.T.);
#2224 = VERTEX_POINT('',#2225);
#2225 = CARTESIAN_POINT('',(221.575541,-88.155678,0.));
#2226 = LINE('',#2227,#2228);
#2227 = CARTESIAN_POINT('',(221.575541,-88.155678,0.));
#2228 = VECTOR('',#2229,1.);
#2229 = DIRECTION('',(-0.999560809708,2.963423181084E-02,0.));
#2230 = ORIENTED_EDGE('',*,*,#2231,.F.);
#2231 = EDGE_CURVE('',#2232,#2224,#2234,.T.);
#2232 = VERTEX_POINT('',#2233);
#2233 = CARTESIAN_POINT('',(222.00997,-88.653734,0.));
#2234 = CIRCLE('',#2235,0.49762810037);
#2235 = AXIS2_PLACEMENT_3D('',#2236,#2237,#2238);
#2236 = CARTESIAN_POINT('',(221.51236184008,-88.64927917507,0.));
#2237 = DIRECTION('',(0.,0.,1.));
#2238 = DIRECTION('',(0.999959928999,-8.952116905827E-03,0.));
#2239 = ORIENTED_EDGE('',*,*,#2240,.F.);
#2240 = EDGE_CURVE('',#2241,#2232,#2243,.T.);
#2241 = VERTEX_POINT('',#2242);
#2242 = CARTESIAN_POINT('',(222.00997,-101.653734,0.));
#2243 = LINE('',#2244,#2245);
#2244 = CARTESIAN_POINT('',(222.00997,-101.653734,0.));
#2245 = VECTOR('',#2246,1.);
#2246 = DIRECTION('',(0.,1.,0.));
#2247 = ORIENTED_EDGE('',*,*,#2248,.F.);
#2248 = EDGE_CURVE('',#2249,#2241,#2251,.T.);
#2249 = VERTEX_POINT('',#2250);
#2250 = CARTESIAN_POINT('',(222.007827,-101.719274,0.));
#2251 = LINE('',#2252,#2253);
#2252 = CARTESIAN_POINT('',(222.007827,-101.719274,0.));
#2253 = VECTOR('',#2254,1.);
#2254 = DIRECTION('',(3.26801242367E-02,0.999465862088,0.));
#2255 = ORIENTED_EDGE('',*,*,#2256,.F.);
#2256 = EDGE_CURVE('',#2257,#2249,#2259,.T.);
#2257 = VERTEX_POINT('',#2258);
#2258 = CARTESIAN_POINT('',(221.50997,-102.153734,0.));
#2259 = CIRCLE('',#2260,0.497940142437);
#2260 = AXIS2_PLACEMENT_3D('',#2261,#2262,#2263);
#2261 = CARTESIAN_POINT('',(221.51394779014,-101.655809746,0.));
#2262 = DIRECTION('',(0.,0.,1.));
#2263 = DIRECTION('',(-7.988490599025E-03,-0.9999680915,0.));
#2264 = ORIENTED_EDGE('',*,*,#2265,.F.);
#2265 = EDGE_CURVE('',#2266,#2257,#2268,.T.);
#2266 = VERTEX_POINT('',#2267);
#2267 = CARTESIAN_POINT('',(208.50997,-102.153734,0.));
#2268 = LINE('',#2269,#2270);
#2269 = CARTESIAN_POINT('',(208.50997,-102.153734,0.));
#2270 = VECTOR('',#2271,1.);
#2271 = DIRECTION('',(1.,0.,0.));
#2272 = ORIENTED_EDGE('',*,*,#2273,.F.);
#2273 = EDGE_CURVE('',#2274,#2266,#2276,.T.);
#2274 = VERTEX_POINT('',#2275);
#2275 = CARTESIAN_POINT('',(208.44716,-102.150675,0.));
#2276 = LINE('',#2277,#2278);
#2277 = CARTESIAN_POINT('',(208.44716,-102.150675,0.));
#2278 = VECTOR('',#2279,1.);
#2279 = DIRECTION('',(0.998816141971,-4.864477914793E-02,0.));
#2280 = ORIENTED_EDGE('',*,*,#2281,.F.);
#2281 = EDGE_CURVE('',#2282,#2274,#2284,.T.);
#2282 = VERTEX_POINT('',#2283);
#2283 = CARTESIAN_POINT('',(208.012734,-101.652618,0.));
#2284 = CIRCLE('',#2285,0.497565516144);
#2285 = AXIS2_PLACEMENT_3D('',#2286,#2287,#2288);
#2286 = CARTESIAN_POINT('',(208.51027906494,-101.6571292305,0.));
#2287 = DIRECTION('',(0.,0.,1.));
#2288 = DIRECTION('',(-0.999958897481,9.066606206947E-03,0.));
#2289 = ORIENTED_EDGE('',*,*,#2290,.F.);
#2290 = EDGE_CURVE('',#2291,#2282,#2293,.T.);
#2291 = VERTEX_POINT('',#2292);
#2292 = CARTESIAN_POINT('',(208.00997,-101.653734,0.));
#2293 = LINE('',#2294,#2295);
#2294 = CARTESIAN_POINT('',(208.00997,-101.653734,0.));
#2295 = VECTOR('',#2296,1.);
#2296 = DIRECTION('',(0.927268715845,0.374396485848,0.));
#2297 = ORIENTED_EDGE('',*,*,#2298,.F.);
#2298 = EDGE_CURVE('',#2299,#2291,#2301,.T.);
#2299 = VERTEX_POINT('',#2300);
#2300 = CARTESIAN_POINT('',(208.00997,-88.653734,0.));
#2301 = LINE('',#2302,#2303);
#2302 = CARTESIAN_POINT('',(208.00997,-88.653734,0.));
#2303 = VECTOR('',#2304,1.);
#2304 = DIRECTION('',(0.,-1.,0.));
#2305 = ORIENTED_EDGE('',*,*,#2306,.F.);
#2306 = EDGE_CURVE('',#2207,#2299,#2307,.T.);
#2307 = LINE('',#2308,#2309);
#2308 = CARTESIAN_POINT('',(208.011913,-88.58816,0.));
#2309 = VECTOR('',#2310,1.);
#2310 = DIRECTION('',(-2.961764736511E-02,-0.999561301254,0.));
#2311 = FACE_BOUND('',#2312,.F.);
#2312 = EDGE_LOOP('',(#2313,#2324,#2332,#2340,#2349,#2357,#2365,#2374,
    #2382,#2390,#2399,#2407,#2415));
#2313 = ORIENTED_EDGE('',*,*,#2314,.F.);
#2314 = EDGE_CURVE('',#2315,#2317,#2319,.T.);
#2315 = VERTEX_POINT('',#2316);
#2316 = CARTESIAN_POINT('',(48.96622,-64.341234,0.));
#2317 = VERTEX_POINT('',#2318);
#2318 = CARTESIAN_POINT('',(48.468163,-64.775662,0.));
#2319 = CIRCLE('',#2320,0.49760436513);
#2320 = AXIS2_PLACEMENT_3D('',#2321,#2322,#2323);
#2321 = CARTESIAN_POINT('',(48.961743181199,-64.83881822632,0.));
#2322 = DIRECTION('',(0.,0.,1.));
#2323 = DIRECTION('',(8.996743425823E-03,0.999959528485,-0.));
#2324 = ORIENTED_EDGE('',*,*,#2325,.F.);
#2325 = EDGE_CURVE('',#2326,#2315,#2328,.T.);
#2326 = VERTEX_POINT('',#2327);
#2327 = CARTESIAN_POINT('',(61.96622,-64.341234,0.));
#2328 = LINE('',#2329,#2330);
#2329 = CARTESIAN_POINT('',(61.96622,-64.341234,0.));
#2330 = VECTOR('',#2331,1.);
#2331 = DIRECTION('',(-1.,0.,0.));
#2332 = ORIENTED_EDGE('',*,*,#2333,.F.);
#2333 = EDGE_CURVE('',#2334,#2326,#2336,.T.);
#2334 = VERTEX_POINT('',#2335);
#2335 = CARTESIAN_POINT('',(62.031786,-64.343184,0.));
#2336 = LINE('',#2337,#2338);
#2337 = CARTESIAN_POINT('',(62.031786,-64.343184,0.));
#2338 = VECTOR('',#2339,1.);
#2339 = DIRECTION('',(-0.999558028917,2.972787963856E-02,0.));
#2340 = ORIENTED_EDGE('',*,*,#2341,.F.);
#2341 = EDGE_CURVE('',#2342,#2334,#2344,.T.);
#2342 = VERTEX_POINT('',#2343);
#2343 = CARTESIAN_POINT('',(62.46622,-64.841234,0.));
#2344 = CIRCLE('',#2345,0.497726394619);
#2345 = AXIS2_PLACEMENT_3D('',#2346,#2347,#2348);
#2346 = CARTESIAN_POINT('',(61.968512717805,-64.83687221705,0.));
#2347 = DIRECTION('',(0.,0.,1.));
#2348 = DIRECTION('',(0.999961600542,-8.763414981414E-03,0.));
#2349 = ORIENTED_EDGE('',*,*,#2350,.F.);
#2350 = EDGE_CURVE('',#2351,#2342,#2353,.T.);
#2351 = VERTEX_POINT('',#2352);
#2352 = CARTESIAN_POINT('',(62.46622,-77.841234,0.));
#2353 = LINE('',#2354,#2355);
#2354 = CARTESIAN_POINT('',(62.46622,-77.841234,0.));
#2355 = VECTOR('',#2356,1.);
#2356 = DIRECTION('',(0.,1.,0.));
#2357 = ORIENTED_EDGE('',*,*,#2358,.F.);
#2358 = EDGE_CURVE('',#2359,#2351,#2361,.T.);
#2359 = VERTEX_POINT('',#2360);
#2360 = CARTESIAN_POINT('',(62.464077,-77.906777,0.));
#2361 = LINE('',#2362,#2363);
#2362 = CARTESIAN_POINT('',(62.464077,-77.906777,0.));
#2363 = VECTOR('',#2364,1.);
#2364 = DIRECTION('',(3.267863001618E-02,0.999465910945,0.));
#2365 = ORIENTED_EDGE('',*,*,#2366,.F.);
#2366 = EDGE_CURVE('',#2367,#2359,#2369,.T.);
#2367 = VERTEX_POINT('',#2368);
#2368 = CARTESIAN_POINT('',(61.96622,-78.341234,0.));
#2369 = CIRCLE('',#2370,0.49788830137);
#2370 = AXIS2_PLACEMENT_3D('',#2371,#2372,#2373);
#2371 = CARTESIAN_POINT('',(61.970243735536,-77.84336195801,0.));
#2372 = DIRECTION('',(0.,0.,1.));
#2373 = DIRECTION('',(-8.081602892023E-03,-0.999967343314,0.));
#2374 = ORIENTED_EDGE('',*,*,#2375,.F.);
#2375 = EDGE_CURVE('',#2376,#2367,#2378,.T.);
#2376 = VERTEX_POINT('',#2377);
#2377 = CARTESIAN_POINT('',(48.96622,-78.341234,0.));
#2378 = LINE('',#2379,#2380);
#2379 = CARTESIAN_POINT('',(48.96622,-78.341234,0.));
#2380 = VECTOR('',#2381,1.);
#2381 = DIRECTION('',(1.,0.,0.));
#2382 = ORIENTED_EDGE('',*,*,#2383,.F.);
#2383 = EDGE_CURVE('',#2384,#2376,#2386,.T.);
#2384 = VERTEX_POINT('',#2385);
#2385 = CARTESIAN_POINT('',(48.90344,-78.337978,0.));
#2386 = LINE('',#2387,#2388);
#2387 = CARTESIAN_POINT('',(48.90344,-78.337978,0.));
#2388 = VECTOR('',#2389,1.);
#2389 = DIRECTION('',(0.998657788004,-5.179403882981E-02,0.));
#2390 = ORIENTED_EDGE('',*,*,#2391,.F.);
#2391 = EDGE_CURVE('',#2392,#2384,#2394,.T.);
#2392 = VERTEX_POINT('',#2393);
#2393 = CARTESIAN_POINT('',(48.468984,-77.840118,0.));
#2394 = CIRCLE('',#2395,0.497855880261);
#2395 = AXIS2_PLACEMENT_3D('',#2396,#2397,#2398);
#2396 = CARTESIAN_POINT('',(48.96682336325,-77.84417335565,0.));
#2397 = DIRECTION('',(0.,0.,1.));
#2398 = DIRECTION('',(-0.99996682371,8.145641778899E-03,0.));
#2399 = ORIENTED_EDGE('',*,*,#2400,.F.);
#2400 = EDGE_CURVE('',#2401,#2392,#2403,.T.);
#2401 = VERTEX_POINT('',#2402);
#2402 = CARTESIAN_POINT('',(48.46622,-77.841234,0.));
#2403 = LINE('',#2404,#2405);
#2404 = CARTESIAN_POINT('',(48.46622,-77.841234,0.));
#2405 = VECTOR('',#2406,1.);
#2406 = DIRECTION('',(0.927268715845,0.374396485847,0.));
#2407 = ORIENTED_EDGE('',*,*,#2408,.F.);
#2408 = EDGE_CURVE('',#2409,#2401,#2411,.T.);
#2409 = VERTEX_POINT('',#2410);
#2410 = CARTESIAN_POINT('',(48.46622,-64.841234,0.));
#2411 = LINE('',#2412,#2413);
#2412 = CARTESIAN_POINT('',(48.46622,-64.841234,0.));
#2413 = VECTOR('',#2414,1.);
#2414 = DIRECTION('',(0.,-1.,0.));
#2415 = ORIENTED_EDGE('',*,*,#2416,.F.);
#2416 = EDGE_CURVE('',#2317,#2409,#2417,.T.);
#2417 = LINE('',#2418,#2419);
#2418 = CARTESIAN_POINT('',(48.468163,-64.775662,0.));
#2419 = VECTOR('',#2420,1.);
#2420 = DIRECTION('',(-2.961854993549E-02,-0.99956127451,0.));
#2421 = FACE_BOUND('',#2422,.F.);
#2422 = EDGE_LOOP('',(#2423,#2434,#2442,#2450,#2459,#2467,#2475,#2484,
    #2492,#2500,#2509,#2517,#2525));
#2423 = ORIENTED_EDGE('',*,*,#2424,.F.);
#2424 = EDGE_CURVE('',#2425,#2427,#2429,.T.);
#2425 = VERTEX_POINT('',#2426);
#2426 = CARTESIAN_POINT('',(70.39747,-64.341234,0.));
#2427 = VERTEX_POINT('',#2428);
#2428 = CARTESIAN_POINT('',(69.899413,-64.77566,0.));
#2429 = CIRCLE('',#2430,0.497554635006);
#2430 = AXIS2_PLACEMENT_3D('',#2431,#2432,#2433);
#2431 = CARTESIAN_POINT('',(70.392949202288,-64.83876809652,0.));
#2432 = DIRECTION('',(0.,0.,1.));
#2433 = DIRECTION('',(9.086032757207E-03,0.999958721152,-0.));
#2434 = ORIENTED_EDGE('',*,*,#2435,.F.);
#2435 = EDGE_CURVE('',#2436,#2425,#2438,.T.);
#2436 = VERTEX_POINT('',#2437);
#2437 = CARTESIAN_POINT('',(83.39747,-64.341234,0.));
#2438 = LINE('',#2439,#2440);
#2439 = CARTESIAN_POINT('',(83.39747,-64.341234,0.));
#2440 = VECTOR('',#2441,1.);
#2441 = DIRECTION('',(-1.,0.,0.));
#2442 = ORIENTED_EDGE('',*,*,#2443,.F.);
#2443 = EDGE_CURVE('',#2444,#2436,#2446,.T.);
#2444 = VERTEX_POINT('',#2445);
#2445 = CARTESIAN_POINT('',(83.463041,-64.343178,0.));
#2446 = LINE('',#2447,#2448);
#2447 = CARTESIAN_POINT('',(83.463041,-64.343178,0.));
#2448 = VECTOR('',#2449,1.);
#2449 = DIRECTION('',(-0.999560809708,2.963423181083E-02,0.));
#2450 = ORIENTED_EDGE('',*,*,#2451,.F.);
#2451 = EDGE_CURVE('',#2452,#2444,#2454,.T.);
#2452 = VERTEX_POINT('',#2453);
#2453 = CARTESIAN_POINT('',(83.89747,-64.841234,0.));
#2454 = CIRCLE('',#2455,0.49762810037);
#2455 = AXIS2_PLACEMENT_3D('',#2456,#2457,#2458);
#2456 = CARTESIAN_POINT('',(83.399861840086,-64.83677917507,0.));
#2457 = DIRECTION('',(0.,0.,1.));
#2458 = DIRECTION('',(0.999959928999,-8.952116905856E-03,0.));
#2459 = ORIENTED_EDGE('',*,*,#2460,.F.);
#2460 = EDGE_CURVE('',#2461,#2452,#2463,.T.);
#2461 = VERTEX_POINT('',#2462);
#2462 = CARTESIAN_POINT('',(83.89747,-77.841234,0.));
#2463 = LINE('',#2464,#2465);
#2464 = CARTESIAN_POINT('',(83.89747,-77.841234,0.));
#2465 = VECTOR('',#2466,1.);
#2466 = DIRECTION('',(0.,1.,0.));
#2467 = ORIENTED_EDGE('',*,*,#2468,.F.);
#2468 = EDGE_CURVE('',#2469,#2461,#2471,.T.);
#2469 = VERTEX_POINT('',#2470);
#2470 = CARTESIAN_POINT('',(83.895327,-77.906774,0.));
#2471 = LINE('',#2472,#2473);
#2472 = CARTESIAN_POINT('',(83.895327,-77.906774,0.));
#2473 = VECTOR('',#2474,1.);
#2474 = DIRECTION('',(3.268012423648E-02,0.999465862088,0.));
#2475 = ORIENTED_EDGE('',*,*,#2476,.F.);
#2476 = EDGE_CURVE('',#2477,#2469,#2479,.T.);
#2477 = VERTEX_POINT('',#2478);
#2478 = CARTESIAN_POINT('',(83.39747,-78.341234,0.));
#2479 = CIRCLE('',#2480,0.497940142437);
#2480 = AXIS2_PLACEMENT_3D('',#2481,#2482,#2483);
#2481 = CARTESIAN_POINT('',(83.401447790147,-77.84330974608,0.));
#2482 = DIRECTION('',(0.,0.,1.));
#2483 = DIRECTION('',(-7.988490599025E-03,-0.9999680915,0.));
#2484 = ORIENTED_EDGE('',*,*,#2485,.F.);
#2485 = EDGE_CURVE('',#2486,#2477,#2488,.T.);
#2486 = VERTEX_POINT('',#2487);
#2487 = CARTESIAN_POINT('',(70.39747,-78.341234,0.));
#2488 = LINE('',#2489,#2490);
#2489 = CARTESIAN_POINT('',(70.39747,-78.341234,0.));
#2490 = VECTOR('',#2491,1.);
#2491 = DIRECTION('',(1.,0.,0.));
#2492 = ORIENTED_EDGE('',*,*,#2493,.F.);
#2493 = EDGE_CURVE('',#2494,#2486,#2496,.T.);
#2494 = VERTEX_POINT('',#2495);
#2495 = CARTESIAN_POINT('',(70.33466,-78.338175,0.));
#2496 = LINE('',#2497,#2498);
#2497 = CARTESIAN_POINT('',(70.33466,-78.338175,0.));
#2498 = VECTOR('',#2499,1.);
#2499 = DIRECTION('',(0.998816141971,-4.864477914794E-02,0.));
#2500 = ORIENTED_EDGE('',*,*,#2501,.F.);
#2501 = EDGE_CURVE('',#2502,#2494,#2504,.T.);
#2502 = VERTEX_POINT('',#2503);
#2503 = CARTESIAN_POINT('',(69.900234,-77.840118,0.));
#2504 = CIRCLE('',#2505,0.497565516144);
#2505 = AXIS2_PLACEMENT_3D('',#2506,#2507,#2508);
#2506 = CARTESIAN_POINT('',(70.397779064948,-77.84462923059,0.));
#2507 = DIRECTION('',(0.,0.,1.));
#2508 = DIRECTION('',(-0.999958897481,9.066606207033E-03,0.));
#2509 = ORIENTED_EDGE('',*,*,#2510,.F.);
#2510 = EDGE_CURVE('',#2511,#2502,#2513,.T.);
#2511 = VERTEX_POINT('',#2512);
#2512 = CARTESIAN_POINT('',(69.89747,-77.841234,0.));
#2513 = LINE('',#2514,#2515);
#2514 = CARTESIAN_POINT('',(69.89747,-77.841234,0.));
#2515 = VECTOR('',#2516,1.);
#2516 = DIRECTION('',(0.927268715845,0.374396485847,0.));
#2517 = ORIENTED_EDGE('',*,*,#2518,.F.);
#2518 = EDGE_CURVE('',#2519,#2511,#2521,.T.);
#2519 = VERTEX_POINT('',#2520);
#2520 = CARTESIAN_POINT('',(69.89747,-64.841234,0.));
#2521 = LINE('',#2522,#2523);
#2522 = CARTESIAN_POINT('',(69.89747,-64.841234,0.));
#2523 = VECTOR('',#2524,1.);
#2524 = DIRECTION('',(0.,-1.,0.));
#2525 = ORIENTED_EDGE('',*,*,#2526,.F.);
#2526 = EDGE_CURVE('',#2427,#2519,#2527,.T.);
#2527 = LINE('',#2528,#2529);
#2528 = CARTESIAN_POINT('',(69.899413,-64.77566,0.));
#2529 = VECTOR('',#2530,1.);
#2530 = DIRECTION('',(-2.961764736532E-02,-0.999561301254,0.));
#2531 = FACE_BOUND('',#2532,.F.);
#2532 = EDGE_LOOP('',(#2533,#2544,#2552,#2560,#2569,#2577,#2585,#2594,
    #2602,#2610,#2619,#2627,#2635));
#2533 = ORIENTED_EDGE('',*,*,#2534,.F.);
#2534 = EDGE_CURVE('',#2535,#2537,#2539,.T.);
#2535 = VERTEX_POINT('',#2536);
#2536 = CARTESIAN_POINT('',(89.44747,-64.341234,0.));
#2537 = VERTEX_POINT('',#2538);
#2538 = CARTESIAN_POINT('',(88.949413,-64.77566,0.));
#2539 = CIRCLE('',#2540,0.497554635006);
#2540 = AXIS2_PLACEMENT_3D('',#2541,#2542,#2543);
#2541 = CARTESIAN_POINT('',(89.442949202288,-64.83876809652,0.));
#2542 = DIRECTION('',(0.,0.,1.));
#2543 = DIRECTION('',(9.086032757293E-03,0.999958721152,-0.));
#2544 = ORIENTED_EDGE('',*,*,#2545,.F.);
#2545 = EDGE_CURVE('',#2546,#2535,#2548,.T.);
#2546 = VERTEX_POINT('',#2547);
#2547 = CARTESIAN_POINT('',(102.44747,-64.341234,0.));
#2548 = LINE('',#2549,#2550);
#2549 = CARTESIAN_POINT('',(102.44747,-64.341234,0.));
#2550 = VECTOR('',#2551,1.);
#2551 = DIRECTION('',(-1.,0.,0.));
#2552 = ORIENTED_EDGE('',*,*,#2553,.F.);
#2553 = EDGE_CURVE('',#2554,#2546,#2556,.T.);
#2554 = VERTEX_POINT('',#2555);
#2555 = CARTESIAN_POINT('',(102.513041,-64.343178,0.));
#2556 = LINE('',#2557,#2558);
#2557 = CARTESIAN_POINT('',(102.513041,-64.343178,0.));
#2558 = VECTOR('',#2559,1.);
#2559 = DIRECTION('',(-0.999560809708,2.963423181083E-02,0.));
#2560 = ORIENTED_EDGE('',*,*,#2561,.F.);
#2561 = EDGE_CURVE('',#2562,#2554,#2564,.T.);
#2562 = VERTEX_POINT('',#2563);
#2563 = CARTESIAN_POINT('',(102.94747,-64.841234,0.));
#2564 = CIRCLE('',#2565,0.49762810037);
#2565 = AXIS2_PLACEMENT_3D('',#2566,#2567,#2568);
#2566 = CARTESIAN_POINT('',(102.44986184008,-64.83677917507,0.));
#2567 = DIRECTION('',(0.,0.,1.));
#2568 = DIRECTION('',(0.999959928999,-8.952116905884E-03,0.));
#2569 = ORIENTED_EDGE('',*,*,#2570,.F.);
#2570 = EDGE_CURVE('',#2571,#2562,#2573,.T.);
#2571 = VERTEX_POINT('',#2572);
#2572 = CARTESIAN_POINT('',(102.94747,-77.841234,0.));
#2573 = LINE('',#2574,#2575);
#2574 = CARTESIAN_POINT('',(102.94747,-77.841234,0.));
#2575 = VECTOR('',#2576,1.);
#2576 = DIRECTION('',(0.,1.,0.));
#2577 = ORIENTED_EDGE('',*,*,#2578,.F.);
#2578 = EDGE_CURVE('',#2579,#2571,#2581,.T.);
#2579 = VERTEX_POINT('',#2580);
#2580 = CARTESIAN_POINT('',(102.945327,-77.906774,0.));
#2581 = LINE('',#2582,#2583);
#2582 = CARTESIAN_POINT('',(102.945327,-77.906774,0.));
#2583 = VECTOR('',#2584,1.);
#2584 = DIRECTION('',(3.268012423627E-02,0.999465862088,0.));
#2585 = ORIENTED_EDGE('',*,*,#2586,.F.);
#2586 = EDGE_CURVE('',#2587,#2579,#2589,.T.);
#2587 = VERTEX_POINT('',#2588);
#2588 = CARTESIAN_POINT('',(102.44747,-78.341234,0.));
#2589 = CIRCLE('',#2590,0.497940142437);
#2590 = AXIS2_PLACEMENT_3D('',#2591,#2592,#2593);
#2591 = CARTESIAN_POINT('',(102.45144779014,-77.84330974608,0.));
#2592 = DIRECTION('',(0.,0.,1.));
#2593 = DIRECTION('',(-7.988490599053E-03,-0.9999680915,0.));
#2594 = ORIENTED_EDGE('',*,*,#2595,.F.);
#2595 = EDGE_CURVE('',#2596,#2587,#2598,.T.);
#2596 = VERTEX_POINT('',#2597);
#2597 = CARTESIAN_POINT('',(89.44747,-78.341234,0.));
#2598 = LINE('',#2599,#2600);
#2599 = CARTESIAN_POINT('',(89.44747,-78.341234,0.));
#2600 = VECTOR('',#2601,1.);
#2601 = DIRECTION('',(1.,0.,0.));
#2602 = ORIENTED_EDGE('',*,*,#2603,.F.);
#2603 = EDGE_CURVE('',#2604,#2596,#2606,.T.);
#2604 = VERTEX_POINT('',#2605);
#2605 = CARTESIAN_POINT('',(89.38466,-78.338175,0.));
#2606 = LINE('',#2607,#2608);
#2607 = CARTESIAN_POINT('',(89.38466,-78.338175,0.));
#2608 = VECTOR('',#2609,1.);
#2609 = DIRECTION('',(0.998816141971,-4.864477914794E-02,0.));
#2610 = ORIENTED_EDGE('',*,*,#2611,.F.);
#2611 = EDGE_CURVE('',#2612,#2604,#2614,.T.);
#2612 = VERTEX_POINT('',#2613);
#2613 = CARTESIAN_POINT('',(88.950234,-77.840118,0.));
#2614 = CIRCLE('',#2615,0.497565516144);
#2615 = AXIS2_PLACEMENT_3D('',#2616,#2617,#2618);
#2616 = CARTESIAN_POINT('',(89.447779064948,-77.84462923059,0.));
#2617 = DIRECTION('',(0.,0.,1.));
#2618 = DIRECTION('',(-0.999958897481,9.066606207004E-03,0.));
#2619 = ORIENTED_EDGE('',*,*,#2620,.F.);
#2620 = EDGE_CURVE('',#2621,#2612,#2623,.T.);
#2621 = VERTEX_POINT('',#2622);
#2622 = CARTESIAN_POINT('',(88.94747,-77.841234,0.));
#2623 = LINE('',#2624,#2625);
#2624 = CARTESIAN_POINT('',(88.94747,-77.841234,0.));
#2625 = VECTOR('',#2626,1.);
#2626 = DIRECTION('',(0.927268715845,0.374396485847,0.));
#2627 = ORIENTED_EDGE('',*,*,#2628,.F.);
#2628 = EDGE_CURVE('',#2629,#2621,#2631,.T.);
#2629 = VERTEX_POINT('',#2630);
#2630 = CARTESIAN_POINT('',(88.94747,-64.841234,0.));
#2631 = LINE('',#2632,#2633);
#2632 = CARTESIAN_POINT('',(88.94747,-64.841234,0.));
#2633 = VECTOR('',#2634,1.);
#2634 = DIRECTION('',(0.,-1.,0.));
#2635 = ORIENTED_EDGE('',*,*,#2636,.F.);
#2636 = EDGE_CURVE('',#2537,#2629,#2637,.T.);
#2637 = LINE('',#2638,#2639);
#2638 = CARTESIAN_POINT('',(88.949413,-64.77566,0.));
#2639 = VECTOR('',#2640,1.);
#2640 = DIRECTION('',(-2.961764736554E-02,-0.999561301254,0.));
#2641 = FACE_BOUND('',#2642,.F.);
#2642 = EDGE_LOOP('',(#2643,#2654,#2662,#2670,#2679,#2687,#2695,#2704,
    #2712,#2720,#2729,#2737,#2745));
#2643 = ORIENTED_EDGE('',*,*,#2644,.F.);
#2644 = EDGE_CURVE('',#2645,#2647,#2649,.T.);
#2645 = VERTEX_POINT('',#2646);
#2646 = CARTESIAN_POINT('',(108.49747,-64.341234,0.));
#2647 = VERTEX_POINT('',#2648);
#2648 = CARTESIAN_POINT('',(107.999413,-64.77566,0.));
#2649 = CIRCLE('',#2650,0.497554635006);
#2650 = AXIS2_PLACEMENT_3D('',#2651,#2652,#2653);
#2651 = CARTESIAN_POINT('',(108.49294920228,-64.83876809652,0.));
#2652 = DIRECTION('',(0.,0.,1.));
#2653 = DIRECTION('',(9.086032757264E-03,0.999958721152,-0.));
#2654 = ORIENTED_EDGE('',*,*,#2655,.F.);
#2655 = EDGE_CURVE('',#2656,#2645,#2658,.T.);
#2656 = VERTEX_POINT('',#2657);
#2657 = CARTESIAN_POINT('',(121.49747,-64.341234,0.));
#2658 = LINE('',#2659,#2660);
#2659 = CARTESIAN_POINT('',(121.49747,-64.341234,0.));
#2660 = VECTOR('',#2661,1.);
#2661 = DIRECTION('',(-1.,0.,0.));
#2662 = ORIENTED_EDGE('',*,*,#2663,.F.);
#2663 = EDGE_CURVE('',#2664,#2656,#2666,.T.);
#2664 = VERTEX_POINT('',#2665);
#2665 = CARTESIAN_POINT('',(121.563041,-64.343178,0.));
#2666 = LINE('',#2667,#2668);
#2667 = CARTESIAN_POINT('',(121.563041,-64.343178,0.));
#2668 = VECTOR('',#2669,1.);
#2669 = DIRECTION('',(-0.999560809708,2.963423181083E-02,0.));
#2670 = ORIENTED_EDGE('',*,*,#2671,.F.);
#2671 = EDGE_CURVE('',#2672,#2664,#2674,.T.);
#2672 = VERTEX_POINT('',#2673);
#2673 = CARTESIAN_POINT('',(121.99747,-64.841234,0.));
#2674 = CIRCLE('',#2675,0.49762810037);
#2675 = AXIS2_PLACEMENT_3D('',#2676,#2677,#2678);
#2676 = CARTESIAN_POINT('',(121.49986184008,-64.83677917507,0.));
#2677 = DIRECTION('',(0.,0.,1.));
#2678 = DIRECTION('',(0.999959928999,-8.952116905798E-03,0.));
#2679 = ORIENTED_EDGE('',*,*,#2680,.F.);
#2680 = EDGE_CURVE('',#2681,#2672,#2683,.T.);
#2681 = VERTEX_POINT('',#2682);
#2682 = CARTESIAN_POINT('',(121.99747,-77.841234,0.));
#2683 = LINE('',#2684,#2685);
#2684 = CARTESIAN_POINT('',(121.99747,-77.841234,0.));
#2685 = VECTOR('',#2686,1.);
#2686 = DIRECTION('',(0.,1.,0.));
#2687 = ORIENTED_EDGE('',*,*,#2688,.F.);
#2688 = EDGE_CURVE('',#2689,#2681,#2691,.T.);
#2689 = VERTEX_POINT('',#2690);
#2690 = CARTESIAN_POINT('',(121.995327,-77.906774,0.));
#2691 = LINE('',#2692,#2693);
#2692 = CARTESIAN_POINT('',(121.995327,-77.906774,0.));
#2693 = VECTOR('',#2694,1.);
#2694 = DIRECTION('',(3.268012423648E-02,0.999465862088,0.));
#2695 = ORIENTED_EDGE('',*,*,#2696,.F.);
#2696 = EDGE_CURVE('',#2697,#2689,#2699,.T.);
#2697 = VERTEX_POINT('',#2698);
#2698 = CARTESIAN_POINT('',(121.49747,-78.341234,0.));
#2699 = CIRCLE('',#2700,0.497940142437);
#2700 = AXIS2_PLACEMENT_3D('',#2701,#2702,#2703);
#2701 = CARTESIAN_POINT('',(121.50144779014,-77.84330974608,0.));
#2702 = DIRECTION('',(0.,0.,1.));
#2703 = DIRECTION('',(-7.988490599082E-03,-0.9999680915,0.));
#2704 = ORIENTED_EDGE('',*,*,#2705,.F.);
#2705 = EDGE_CURVE('',#2706,#2697,#2708,.T.);
#2706 = VERTEX_POINT('',#2707);
#2707 = CARTESIAN_POINT('',(108.49747,-78.341234,0.));
#2708 = LINE('',#2709,#2710);
#2709 = CARTESIAN_POINT('',(108.49747,-78.341234,0.));
#2710 = VECTOR('',#2711,1.);
#2711 = DIRECTION('',(1.,0.,0.));
#2712 = ORIENTED_EDGE('',*,*,#2713,.F.);
#2713 = EDGE_CURVE('',#2714,#2706,#2716,.T.);
#2714 = VERTEX_POINT('',#2715);
#2715 = CARTESIAN_POINT('',(108.43466,-78.338175,0.));
#2716 = LINE('',#2717,#2718);
#2717 = CARTESIAN_POINT('',(108.43466,-78.338175,0.));
#2718 = VECTOR('',#2719,1.);
#2719 = DIRECTION('',(0.998816141971,-4.864477914793E-02,0.));
#2720 = ORIENTED_EDGE('',*,*,#2721,.F.);
#2721 = EDGE_CURVE('',#2722,#2714,#2724,.T.);
#2722 = VERTEX_POINT('',#2723);
#2723 = CARTESIAN_POINT('',(108.000234,-77.840118,0.));
#2724 = CIRCLE('',#2725,0.497565516144);
#2725 = AXIS2_PLACEMENT_3D('',#2726,#2727,#2728);
#2726 = CARTESIAN_POINT('',(108.49777906494,-77.84462923059,0.));
#2727 = DIRECTION('',(0.,0.,1.));
#2728 = DIRECTION('',(-0.999958897481,9.066606207004E-03,0.));
#2729 = ORIENTED_EDGE('',*,*,#2730,.F.);
#2730 = EDGE_CURVE('',#2731,#2722,#2733,.T.);
#2731 = VERTEX_POINT('',#2732);
#2732 = CARTESIAN_POINT('',(107.99747,-77.841234,0.));
#2733 = LINE('',#2734,#2735);
#2734 = CARTESIAN_POINT('',(107.99747,-77.841234,0.));
#2735 = VECTOR('',#2736,1.);
#2736 = DIRECTION('',(0.927268715845,0.374396485847,0.));
#2737 = ORIENTED_EDGE('',*,*,#2738,.F.);
#2738 = EDGE_CURVE('',#2739,#2731,#2741,.T.);
#2739 = VERTEX_POINT('',#2740);
#2740 = CARTESIAN_POINT('',(107.99747,-64.841234,0.));
#2741 = LINE('',#2742,#2743);
#2742 = CARTESIAN_POINT('',(107.99747,-64.841234,0.));
#2743 = VECTOR('',#2744,1.);
#2744 = DIRECTION('',(0.,-1.,0.));
#2745 = ORIENTED_EDGE('',*,*,#2746,.F.);
#2746 = EDGE_CURVE('',#2647,#2739,#2747,.T.);
#2747 = LINE('',#2748,#2749);
#2748 = CARTESIAN_POINT('',(107.999413,-64.77566,0.));
#2749 = VECTOR('',#2750,1.);
#2750 = DIRECTION('',(-2.961764736532E-02,-0.999561301254,0.));
#2751 = FACE_BOUND('',#2752,.F.);
#2752 = EDGE_LOOP('',(#2753,#2764,#2772,#2780,#2789,#2797,#2805,#2814,
    #2822,#2830,#2839,#2847,#2855));
#2753 = ORIENTED_EDGE('',*,*,#2754,.F.);
#2754 = EDGE_CURVE('',#2755,#2757,#2759,.T.);
#2755 = VERTEX_POINT('',#2756);
#2756 = CARTESIAN_POINT('',(127.54747,-64.341234,0.));
#2757 = VERTEX_POINT('',#2758);
#2758 = CARTESIAN_POINT('',(127.049413,-64.77566,0.));
#2759 = CIRCLE('',#2760,0.497554635006);
#2760 = AXIS2_PLACEMENT_3D('',#2761,#2762,#2763);
#2761 = CARTESIAN_POINT('',(127.54294920228,-64.83876809652,0.));
#2762 = DIRECTION('',(0.,0.,1.));
#2763 = DIRECTION('',(9.086032757207E-03,0.999958721152,-0.));
#2764 = ORIENTED_EDGE('',*,*,#2765,.F.);
#2765 = EDGE_CURVE('',#2766,#2755,#2768,.T.);
#2766 = VERTEX_POINT('',#2767);
#2767 = CARTESIAN_POINT('',(140.54747,-64.341234,0.));
#2768 = LINE('',#2769,#2770);
#2769 = CARTESIAN_POINT('',(140.54747,-64.341234,0.));
#2770 = VECTOR('',#2771,1.);
#2771 = DIRECTION('',(-1.,0.,0.));
#2772 = ORIENTED_EDGE('',*,*,#2773,.F.);
#2773 = EDGE_CURVE('',#2774,#2766,#2776,.T.);
#2774 = VERTEX_POINT('',#2775);
#2775 = CARTESIAN_POINT('',(140.613041,-64.343178,0.));
#2776 = LINE('',#2777,#2778);
#2777 = CARTESIAN_POINT('',(140.613041,-64.343178,0.));
#2778 = VECTOR('',#2779,1.);
#2779 = DIRECTION('',(-0.999560809708,2.963423181083E-02,0.));
#2780 = ORIENTED_EDGE('',*,*,#2781,.F.);
#2781 = EDGE_CURVE('',#2782,#2774,#2784,.T.);
#2782 = VERTEX_POINT('',#2783);
#2783 = CARTESIAN_POINT('',(141.04747,-64.841234,0.));
#2784 = CIRCLE('',#2785,0.49762810037);
#2785 = AXIS2_PLACEMENT_3D('',#2786,#2787,#2788);
#2786 = CARTESIAN_POINT('',(140.54986184008,-64.83677917507,0.));
#2787 = DIRECTION('',(0.,0.,1.));
#2788 = DIRECTION('',(0.999959928999,-8.952116905827E-03,0.));
#2789 = ORIENTED_EDGE('',*,*,#2790,.F.);
#2790 = EDGE_CURVE('',#2791,#2782,#2793,.T.);
#2791 = VERTEX_POINT('',#2792);
#2792 = CARTESIAN_POINT('',(141.04747,-77.841234,0.));
#2793 = LINE('',#2794,#2795);
#2794 = CARTESIAN_POINT('',(141.04747,-77.841234,0.));
#2795 = VECTOR('',#2796,1.);
#2796 = DIRECTION('',(0.,1.,0.));
#2797 = ORIENTED_EDGE('',*,*,#2798,.F.);
#2798 = EDGE_CURVE('',#2799,#2791,#2801,.T.);
#2799 = VERTEX_POINT('',#2800);
#2800 = CARTESIAN_POINT('',(141.045327,-77.906774,0.));
#2801 = LINE('',#2802,#2803);
#2802 = CARTESIAN_POINT('',(141.045327,-77.906774,0.));
#2803 = VECTOR('',#2804,1.);
#2804 = DIRECTION('',(3.26801242367E-02,0.999465862088,0.));
#2805 = ORIENTED_EDGE('',*,*,#2806,.F.);
#2806 = EDGE_CURVE('',#2807,#2799,#2809,.T.);
#2807 = VERTEX_POINT('',#2808);
#2808 = CARTESIAN_POINT('',(140.54747,-78.341234,0.));
#2809 = CIRCLE('',#2810,0.497940142437);
#2810 = AXIS2_PLACEMENT_3D('',#2811,#2812,#2813);
#2811 = CARTESIAN_POINT('',(140.55144779014,-77.84330974608,0.));
#2812 = DIRECTION('',(0.,0.,1.));
#2813 = DIRECTION('',(-7.988490599025E-03,-0.9999680915,0.));
#2814 = ORIENTED_EDGE('',*,*,#2815,.F.);
#2815 = EDGE_CURVE('',#2816,#2807,#2818,.T.);
#2816 = VERTEX_POINT('',#2817);
#2817 = CARTESIAN_POINT('',(127.54747,-78.341234,0.));
#2818 = LINE('',#2819,#2820);
#2819 = CARTESIAN_POINT('',(127.54747,-78.341234,0.));
#2820 = VECTOR('',#2821,1.);
#2821 = DIRECTION('',(1.,0.,0.));
#2822 = ORIENTED_EDGE('',*,*,#2823,.F.);
#2823 = EDGE_CURVE('',#2824,#2816,#2826,.T.);
#2824 = VERTEX_POINT('',#2825);
#2825 = CARTESIAN_POINT('',(127.48466,-78.338175,0.));
#2826 = LINE('',#2827,#2828);
#2827 = CARTESIAN_POINT('',(127.48466,-78.338175,0.));
#2828 = VECTOR('',#2829,1.);
#2829 = DIRECTION('',(0.998816141971,-4.864477914794E-02,0.));
#2830 = ORIENTED_EDGE('',*,*,#2831,.F.);
#2831 = EDGE_CURVE('',#2832,#2824,#2834,.T.);
#2832 = VERTEX_POINT('',#2833);
#2833 = CARTESIAN_POINT('',(127.050234,-77.840118,0.));
#2834 = CIRCLE('',#2835,0.497565516144);
#2835 = AXIS2_PLACEMENT_3D('',#2836,#2837,#2838);
#2836 = CARTESIAN_POINT('',(127.54777906494,-77.84462923059,0.));
#2837 = DIRECTION('',(0.,0.,1.));
#2838 = DIRECTION('',(-0.999958897481,9.066606207033E-03,0.));
#2839 = ORIENTED_EDGE('',*,*,#2840,.F.);
#2840 = EDGE_CURVE('',#2841,#2832,#2843,.T.);
#2841 = VERTEX_POINT('',#2842);
#2842 = CARTESIAN_POINT('',(127.04747,-77.841234,0.));
#2843 = LINE('',#2844,#2845);
#2844 = CARTESIAN_POINT('',(127.04747,-77.841234,0.));
#2845 = VECTOR('',#2846,1.);
#2846 = DIRECTION('',(0.927268715845,0.374396485847,0.));
#2847 = ORIENTED_EDGE('',*,*,#2848,.F.);
#2848 = EDGE_CURVE('',#2849,#2841,#2851,.T.);
#2849 = VERTEX_POINT('',#2850);
#2850 = CARTESIAN_POINT('',(127.04747,-64.841234,0.));
#2851 = LINE('',#2852,#2853);
#2852 = CARTESIAN_POINT('',(127.04747,-64.841234,0.));
#2853 = VECTOR('',#2854,1.);
#2854 = DIRECTION('',(0.,-1.,0.));
#2855 = ORIENTED_EDGE('',*,*,#2856,.F.);
#2856 = EDGE_CURVE('',#2757,#2849,#2857,.T.);
#2857 = LINE('',#2858,#2859);
#2858 = CARTESIAN_POINT('',(127.049413,-64.77566,0.));
#2859 = VECTOR('',#2860,1.);
#2860 = DIRECTION('',(-2.961764736532E-02,-0.999561301254,0.));
#2861 = FACE_BOUND('',#2862,.F.);
#2862 = EDGE_LOOP('',(#2863,#2874,#2882,#2890,#2899,#2907,#2915,#2924,
    #2932,#2940,#2949,#2957,#2965));
#2863 = ORIENTED_EDGE('',*,*,#2864,.F.);
#2864 = EDGE_CURVE('',#2865,#2867,#2869,.T.);
#2865 = VERTEX_POINT('',#2866);
#2866 = CARTESIAN_POINT('',(46.58497,-40.528734,0.));
#2867 = VERTEX_POINT('',#2868);
#2868 = CARTESIAN_POINT('',(46.086913,-40.96316,0.));
#2869 = CIRCLE('',#2870,0.497554635006);
#2870 = AXIS2_PLACEMENT_3D('',#2871,#2872,#2873);
#2871 = CARTESIAN_POINT('',(46.580449202288,-41.02626809652,0.));
#2872 = DIRECTION('',(0.,0.,1.));
#2873 = DIRECTION('',(9.086032757221E-03,0.999958721152,-0.));
#2874 = ORIENTED_EDGE('',*,*,#2875,.F.);
#2875 = EDGE_CURVE('',#2876,#2865,#2878,.T.);
#2876 = VERTEX_POINT('',#2877);
#2877 = CARTESIAN_POINT('',(59.58497,-40.528734,0.));
#2878 = LINE('',#2879,#2880);
#2879 = CARTESIAN_POINT('',(59.58497,-40.528734,0.));
#2880 = VECTOR('',#2881,1.);
#2881 = DIRECTION('',(-1.,0.,0.));
#2882 = ORIENTED_EDGE('',*,*,#2883,.F.);
#2883 = EDGE_CURVE('',#2884,#2876,#2886,.T.);
#2884 = VERTEX_POINT('',#2885);
#2885 = CARTESIAN_POINT('',(59.650541,-40.530678,0.));
#2886 = LINE('',#2887,#2888);
#2887 = CARTESIAN_POINT('',(59.650541,-40.530678,0.));
#2888 = VECTOR('',#2889,1.);
#2889 = DIRECTION('',(-0.999560809708,2.963423181094E-02,0.));
#2890 = ORIENTED_EDGE('',*,*,#2891,.F.);
#2891 = EDGE_CURVE('',#2892,#2884,#2894,.T.);
#2892 = VERTEX_POINT('',#2893);
#2893 = CARTESIAN_POINT('',(60.08497,-41.028734,0.));
#2894 = CIRCLE('',#2895,0.49762810037);
#2895 = AXIS2_PLACEMENT_3D('',#2896,#2897,#2898);
#2896 = CARTESIAN_POINT('',(59.587361840086,-41.02427917507,0.));
#2897 = DIRECTION('',(0.,0.,1.));
#2898 = DIRECTION('',(0.999959928999,-8.952116905841E-03,0.));
#2899 = ORIENTED_EDGE('',*,*,#2900,.F.);
#2900 = EDGE_CURVE('',#2901,#2892,#2903,.T.);
#2901 = VERTEX_POINT('',#2902);
#2902 = CARTESIAN_POINT('',(60.08497,-54.028734,0.));
#2903 = LINE('',#2904,#2905);
#2904 = CARTESIAN_POINT('',(60.08497,-54.028734,0.));
#2905 = VECTOR('',#2906,1.);
#2906 = DIRECTION('',(0.,1.,0.));
#2907 = ORIENTED_EDGE('',*,*,#2908,.F.);
#2908 = EDGE_CURVE('',#2909,#2901,#2911,.T.);
#2909 = VERTEX_POINT('',#2910);
#2910 = CARTESIAN_POINT('',(60.082827,-54.094274,0.));
#2911 = LINE('',#2912,#2913);
#2912 = CARTESIAN_POINT('',(60.082827,-54.094274,0.));
#2913 = VECTOR('',#2914,1.);
#2914 = DIRECTION('',(3.268012423637E-02,0.999465862088,0.));
#2915 = ORIENTED_EDGE('',*,*,#2916,.F.);
#2916 = EDGE_CURVE('',#2917,#2909,#2919,.T.);
#2917 = VERTEX_POINT('',#2918);
#2918 = CARTESIAN_POINT('',(59.58497,-54.528734,0.));
#2919 = CIRCLE('',#2920,0.497940142437);
#2920 = AXIS2_PLACEMENT_3D('',#2921,#2922,#2923);
#2921 = CARTESIAN_POINT('',(59.588947790147,-54.03080974608,0.));
#2922 = DIRECTION('',(0.,0.,1.));
#2923 = DIRECTION('',(-7.988490599082E-03,-0.9999680915,0.));
#2924 = ORIENTED_EDGE('',*,*,#2925,.F.);
#2925 = EDGE_CURVE('',#2926,#2917,#2928,.T.);
#2926 = VERTEX_POINT('',#2927);
#2927 = CARTESIAN_POINT('',(46.58497,-54.528734,0.));
#2928 = LINE('',#2929,#2930);
#2929 = CARTESIAN_POINT('',(46.58497,-54.528734,0.));
#2930 = VECTOR('',#2931,1.);
#2931 = DIRECTION('',(1.,0.,0.));
#2932 = ORIENTED_EDGE('',*,*,#2933,.F.);
#2933 = EDGE_CURVE('',#2934,#2926,#2936,.T.);
#2934 = VERTEX_POINT('',#2935);
#2935 = CARTESIAN_POINT('',(46.52216,-54.525675,0.));
#2936 = LINE('',#2937,#2938);
#2937 = CARTESIAN_POINT('',(46.52216,-54.525675,0.));
#2938 = VECTOR('',#2939,1.);
#2939 = DIRECTION('',(0.998816141971,-4.864477914806E-02,0.));
#2940 = ORIENTED_EDGE('',*,*,#2941,.F.);
#2941 = EDGE_CURVE('',#2942,#2934,#2944,.T.);
#2942 = VERTEX_POINT('',#2943);
#2943 = CARTESIAN_POINT('',(46.087734,-54.027618,0.));
#2944 = CIRCLE('',#2945,0.497565516144);
#2945 = AXIS2_PLACEMENT_3D('',#2946,#2947,#2948);
#2946 = CARTESIAN_POINT('',(46.585279064948,-54.03212923059,0.));
#2947 = DIRECTION('',(0.,0.,1.));
#2948 = DIRECTION('',(-0.999958897481,9.066606207033E-03,0.));
#2949 = ORIENTED_EDGE('',*,*,#2950,.F.);
#2950 = EDGE_CURVE('',#2951,#2942,#2953,.T.);
#2951 = VERTEX_POINT('',#2952);
#2952 = CARTESIAN_POINT('',(46.08497,-54.028734,0.));
#2953 = LINE('',#2954,#2955);
#2954 = CARTESIAN_POINT('',(46.08497,-54.028734,0.));
#2955 = VECTOR('',#2956,1.);
#2956 = DIRECTION('',(0.927268715845,0.374396485849,0.));
#2957 = ORIENTED_EDGE('',*,*,#2958,.F.);
#2958 = EDGE_CURVE('',#2959,#2951,#2961,.T.);
#2959 = VERTEX_POINT('',#2960);
#2960 = CARTESIAN_POINT('',(46.08497,-41.028734,0.));
#2961 = LINE('',#2962,#2963);
#2962 = CARTESIAN_POINT('',(46.08497,-41.028734,0.));
#2963 = VECTOR('',#2964,1.);
#2964 = DIRECTION('',(0.,-1.,0.));
#2965 = ORIENTED_EDGE('',*,*,#2966,.F.);
#2966 = EDGE_CURVE('',#2867,#2959,#2967,.T.);
#2967 = LINE('',#2968,#2969);
#2968 = CARTESIAN_POINT('',(46.086913,-40.96316,0.));
#2969 = VECTOR('',#2970,1.);
#2970 = DIRECTION('',(-2.961764736543E-02,-0.999561301254,0.));
#2971 = FACE_BOUND('',#2972,.F.);
#2972 = EDGE_LOOP('',(#2973,#2984,#2992,#3000,#3009,#3017,#3025,#3034,
    #3042,#3050,#3059,#3067));
#2973 = ORIENTED_EDGE('',*,*,#2974,.F.);
#2974 = EDGE_CURVE('',#2975,#2977,#2979,.T.);
#2975 = VERTEX_POINT('',#2976);
#2976 = CARTESIAN_POINT('',(70.39747,-40.528734,0.));
#2977 = VERTEX_POINT('',#2978);
#2978 = CARTESIAN_POINT('',(69.899413,-40.96316,0.));
#2979 = CIRCLE('',#2980,0.497554635006);
#2980 = AXIS2_PLACEMENT_3D('',#2981,#2982,#2983);
#2981 = CARTESIAN_POINT('',(70.392949202288,-41.02626809652,0.));
#2982 = DIRECTION('',(0.,0.,1.));
#2983 = DIRECTION('',(9.086032757178E-03,0.999958721152,-0.));
#2984 = ORIENTED_EDGE('',*,*,#2985,.F.);
#2985 = EDGE_CURVE('',#2986,#2975,#2988,.T.);
#2986 = VERTEX_POINT('',#2987);
#2987 = CARTESIAN_POINT('',(83.39747,-40.528734,0.));
#2988 = LINE('',#2989,#2990);
#2989 = CARTESIAN_POINT('',(83.39747,-40.528734,0.));
#2990 = VECTOR('',#2991,1.);
#2991 = DIRECTION('',(-1.,0.,0.));
#2992 = ORIENTED_EDGE('',*,*,#2993,.F.);
#2993 = EDGE_CURVE('',#2994,#2986,#2996,.T.);
#2994 = VERTEX_POINT('',#2995);
#2995 = CARTESIAN_POINT('',(83.463041,-40.530678,0.));
#2996 = LINE('',#2997,#2998);
#2997 = CARTESIAN_POINT('',(83.463041,-40.530678,0.));
#2998 = VECTOR('',#2999,1.);
#2999 = DIRECTION('',(-0.999560809708,2.963423181093E-02,0.));
#3000 = ORIENTED_EDGE('',*,*,#3001,.F.);
#3001 = EDGE_CURVE('',#3002,#2994,#3004,.T.);
#3002 = VERTEX_POINT('',#3003);
#3003 = CARTESIAN_POINT('',(83.89747,-41.028734,0.));
#3004 = CIRCLE('',#3005,0.49762810037);
#3005 = AXIS2_PLACEMENT_3D('',#3006,#3007,#3008);
#3006 = CARTESIAN_POINT('',(83.399861840086,-41.02427917507,0.));
#3007 = DIRECTION('',(0.,0.,1.));
#3008 = DIRECTION('',(0.999959928999,-8.952116905841E-03,0.));
#3009 = ORIENTED_EDGE('',*,*,#3010,.F.);
#3010 = EDGE_CURVE('',#3011,#3002,#3013,.T.);
#3011 = VERTEX_POINT('',#3012);
#3012 = CARTESIAN_POINT('',(83.89747,-54.028734,0.));
#3013 = LINE('',#3014,#3015);
#3014 = CARTESIAN_POINT('',(83.89747,-54.028734,0.));
#3015 = VECTOR('',#3016,1.);
#3016 = DIRECTION('',(0.,1.,0.));
#3017 = ORIENTED_EDGE('',*,*,#3018,.F.);
#3018 = EDGE_CURVE('',#3019,#3011,#3021,.T.);
#3019 = VERTEX_POINT('',#3020);
#3020 = CARTESIAN_POINT('',(83.895327,-54.094274,0.));
#3021 = LINE('',#3022,#3023);
#3022 = CARTESIAN_POINT('',(83.895327,-54.094274,0.));
#3023 = VECTOR('',#3024,1.);
#3024 = DIRECTION('',(3.268012423648E-02,0.999465862088,0.));
#3025 = ORIENTED_EDGE('',*,*,#3026,.F.);
#3026 = EDGE_CURVE('',#3027,#3019,#3029,.T.);
#3027 = VERTEX_POINT('',#3028);
#3028 = CARTESIAN_POINT('',(83.39747,-54.528734,0.));
#3029 = CIRCLE('',#3030,0.497940142437);
#3030 = AXIS2_PLACEMENT_3D('',#3031,#3032,#3033);
#3031 = CARTESIAN_POINT('',(83.401447790147,-54.03080974608,0.));
#3032 = DIRECTION('',(0.,0.,1.));
#3033 = DIRECTION('',(-7.988490599025E-03,-0.9999680915,0.));
#3034 = ORIENTED_EDGE('',*,*,#3035,.F.);
#3035 = EDGE_CURVE('',#3036,#3027,#3038,.T.);
#3036 = VERTEX_POINT('',#3037);
#3037 = CARTESIAN_POINT('',(70.39747,-54.528734,0.));
#3038 = LINE('',#3039,#3040);
#3039 = CARTESIAN_POINT('',(70.39747,-54.528734,0.));
#3040 = VECTOR('',#3041,1.);
#3041 = DIRECTION('',(1.,0.,0.));
#3042 = ORIENTED_EDGE('',*,*,#3043,.F.);
#3043 = EDGE_CURVE('',#3044,#3036,#3046,.T.);
#3044 = VERTEX_POINT('',#3045);
#3045 = CARTESIAN_POINT('',(70.33466,-54.525675,0.));
#3046 = LINE('',#3047,#3048);
#3047 = CARTESIAN_POINT('',(70.33466,-54.525675,0.));
#3048 = VECTOR('',#3049,1.);
#3049 = DIRECTION('',(0.998816141971,-4.864477914806E-02,0.));
#3050 = ORIENTED_EDGE('',*,*,#3051,.F.);
#3051 = EDGE_CURVE('',#3052,#3044,#3054,.T.);
#3052 = VERTEX_POINT('',#3053);
#3053 = CARTESIAN_POINT('',(69.900234,-54.027618,0.));
#3054 = CIRCLE('',#3055,0.497565516144);
#3055 = AXIS2_PLACEMENT_3D('',#3056,#3057,#3058);
#3056 = CARTESIAN_POINT('',(70.397779064948,-54.03212923059,0.));
#3057 = DIRECTION('',(0.,0.,1.));
#3058 = DIRECTION('',(-0.999958897481,9.066606207062E-03,0.));
#3059 = ORIENTED_EDGE('',*,*,#3060,.F.);
#3060 = EDGE_CURVE('',#3061,#3052,#3063,.T.);
#3061 = VERTEX_POINT('',#3062);
#3062 = CARTESIAN_POINT('',(69.89747,-41.028734,0.));
#3063 = LINE('',#3064,#3065);
#3064 = CARTESIAN_POINT('',(69.89747,-41.028734,0.));
#3065 = VECTOR('',#3066,1.);
#3066 = DIRECTION('',(2.126336335884E-04,-0.999999977393,0.));
#3067 = ORIENTED_EDGE('',*,*,#3068,.F.);
#3068 = EDGE_CURVE('',#2977,#3061,#3069,.T.);
#3069 = LINE('',#3070,#3071);
#3070 = CARTESIAN_POINT('',(69.899413,-40.96316,0.));
#3071 = VECTOR('',#3072,1.);
#3072 = DIRECTION('',(-2.961764736532E-02,-0.999561301254,0.));
#3073 = FACE_BOUND('',#3074,.F.);
#3074 = EDGE_LOOP('',(#3075));
#3075 = ORIENTED_EDGE('',*,*,#3076,.T.);
#3076 = EDGE_CURVE('',#3077,#3077,#3079,.T.);
#3077 = VERTEX_POINT('',#3078);
#3078 = CARTESIAN_POINT('',(91.18497,-37.119359,0.));
#3079 = CIRCLE('',#3080,1.1);
#3080 = AXIS2_PLACEMENT_3D('',#3081,#3082,#3083);
#3081 = CARTESIAN_POINT('',(91.18497,-36.019359,0.));
#3082 = DIRECTION('',(-0.,0.,-1.));
#3083 = DIRECTION('',(1.2918958832E-14,-1.,-0.));
#3084 = FACE_BOUND('',#3085,.F.);
#3085 = EDGE_LOOP('',(#3086,#3097,#3105,#3113,#3122,#3130,#3138,#3147,
    #3155,#3163,#3172,#3180,#3188));
#3086 = ORIENTED_EDGE('',*,*,#3087,.F.);
#3087 = EDGE_CURVE('',#3088,#3090,#3092,.T.);
#3088 = VERTEX_POINT('',#3089);
#3089 = CARTESIAN_POINT('',(89.44747,-40.528734,0.));
#3090 = VERTEX_POINT('',#3091);
#3091 = CARTESIAN_POINT('',(88.949413,-40.96316,0.));
#3092 = CIRCLE('',#3093,0.497554635006);
#3093 = AXIS2_PLACEMENT_3D('',#3094,#3095,#3096);
#3094 = CARTESIAN_POINT('',(89.442949202288,-41.02626809652,0.));
#3095 = DIRECTION('',(0.,0.,1.));
#3096 = DIRECTION('',(9.086032757264E-03,0.999958721152,-0.));
#3097 = ORIENTED_EDGE('',*,*,#3098,.F.);
#3098 = EDGE_CURVE('',#3099,#3088,#3101,.T.);
#3099 = VERTEX_POINT('',#3100);
#3100 = CARTESIAN_POINT('',(102.44747,-40.528734,0.));
#3101 = LINE('',#3102,#3103);
#3102 = CARTESIAN_POINT('',(102.44747,-40.528734,0.));
#3103 = VECTOR('',#3104,1.);
#3104 = DIRECTION('',(-1.,0.,0.));
#3105 = ORIENTED_EDGE('',*,*,#3106,.F.);
#3106 = EDGE_CURVE('',#3107,#3099,#3109,.T.);
#3107 = VERTEX_POINT('',#3108);
#3108 = CARTESIAN_POINT('',(102.513041,-40.530678,0.));
#3109 = LINE('',#3110,#3111);
#3110 = CARTESIAN_POINT('',(102.513041,-40.530678,0.));
#3111 = VECTOR('',#3112,1.);
#3112 = DIRECTION('',(-0.999560809708,2.963423181093E-02,0.));
#3113 = ORIENTED_EDGE('',*,*,#3114,.F.);
#3114 = EDGE_CURVE('',#3115,#3107,#3117,.T.);
#3115 = VERTEX_POINT('',#3116);
#3116 = CARTESIAN_POINT('',(102.94747,-41.028734,0.));
#3117 = CIRCLE('',#3118,0.49762810037);
#3118 = AXIS2_PLACEMENT_3D('',#3119,#3120,#3121);
#3119 = CARTESIAN_POINT('',(102.44986184008,-41.02427917507,0.));
#3120 = DIRECTION('',(0.,0.,1.));
#3121 = DIRECTION('',(0.999959928999,-8.95211690587E-03,0.));
#3122 = ORIENTED_EDGE('',*,*,#3123,.F.);
#3123 = EDGE_CURVE('',#3124,#3115,#3126,.T.);
#3124 = VERTEX_POINT('',#3125);
#3125 = CARTESIAN_POINT('',(102.94747,-54.028734,0.));
#3126 = LINE('',#3127,#3128);
#3127 = CARTESIAN_POINT('',(102.94747,-54.028734,0.));
#3128 = VECTOR('',#3129,1.);
#3129 = DIRECTION('',(0.,1.,0.));
#3130 = ORIENTED_EDGE('',*,*,#3131,.F.);
#3131 = EDGE_CURVE('',#3132,#3124,#3134,.T.);
#3132 = VERTEX_POINT('',#3133);
#3133 = CARTESIAN_POINT('',(102.945327,-54.094274,0.));
#3134 = LINE('',#3135,#3136);
#3135 = CARTESIAN_POINT('',(102.945327,-54.094274,0.));
#3136 = VECTOR('',#3137,1.);
#3137 = DIRECTION('',(3.268012423627E-02,0.999465862088,0.));
#3138 = ORIENTED_EDGE('',*,*,#3139,.F.);
#3139 = EDGE_CURVE('',#3140,#3132,#3142,.T.);
#3140 = VERTEX_POINT('',#3141);
#3141 = CARTESIAN_POINT('',(102.44747,-54.528734,0.));
#3142 = CIRCLE('',#3143,0.497940142437);
#3143 = AXIS2_PLACEMENT_3D('',#3144,#3145,#3146);
#3144 = CARTESIAN_POINT('',(102.45144779014,-54.03080974608,0.));
#3145 = DIRECTION('',(0.,0.,1.));
#3146 = DIRECTION('',(-7.988490599053E-03,-0.9999680915,0.));
#3147 = ORIENTED_EDGE('',*,*,#3148,.F.);
#3148 = EDGE_CURVE('',#3149,#3140,#3151,.T.);
#3149 = VERTEX_POINT('',#3150);
#3150 = CARTESIAN_POINT('',(89.44747,-54.528734,0.));
#3151 = LINE('',#3152,#3153);
#3152 = CARTESIAN_POINT('',(89.44747,-54.528734,0.));
#3153 = VECTOR('',#3154,1.);
#3154 = DIRECTION('',(1.,0.,0.));
#3155 = ORIENTED_EDGE('',*,*,#3156,.F.);
#3156 = EDGE_CURVE('',#3157,#3149,#3159,.T.);
#3157 = VERTEX_POINT('',#3158);
#3158 = CARTESIAN_POINT('',(89.38466,-54.525675,0.));
#3159 = LINE('',#3160,#3161);
#3160 = CARTESIAN_POINT('',(89.38466,-54.525675,0.));
#3161 = VECTOR('',#3162,1.);
#3162 = DIRECTION('',(0.998816141971,-4.864477914806E-02,0.));
#3163 = ORIENTED_EDGE('',*,*,#3164,.F.);
#3164 = EDGE_CURVE('',#3165,#3157,#3167,.T.);
#3165 = VERTEX_POINT('',#3166);
#3166 = CARTESIAN_POINT('',(88.950234,-54.027618,0.));
#3167 = CIRCLE('',#3168,0.497565516144);
#3168 = AXIS2_PLACEMENT_3D('',#3169,#3170,#3171);
#3169 = CARTESIAN_POINT('',(89.447779064948,-54.03212923059,0.));
#3170 = DIRECTION('',(0.,0.,1.));
#3171 = DIRECTION('',(-0.999958897481,9.066606207047E-03,0.));
#3172 = ORIENTED_EDGE('',*,*,#3173,.F.);
#3173 = EDGE_CURVE('',#3174,#3165,#3176,.T.);
#3174 = VERTEX_POINT('',#3175);
#3175 = CARTESIAN_POINT('',(88.94747,-54.028734,0.));
#3176 = LINE('',#3177,#3178);
#3177 = CARTESIAN_POINT('',(88.94747,-54.028734,0.));
#3178 = VECTOR('',#3179,1.);
#3179 = DIRECTION('',(0.927268715845,0.374396485849,0.));
#3180 = ORIENTED_EDGE('',*,*,#3181,.F.);
#3181 = EDGE_CURVE('',#3182,#3174,#3184,.T.);
#3182 = VERTEX_POINT('',#3183);
#3183 = CARTESIAN_POINT('',(88.94747,-41.028734,0.));
#3184 = LINE('',#3185,#3186);
#3185 = CARTESIAN_POINT('',(88.94747,-41.028734,0.));
#3186 = VECTOR('',#3187,1.);
#3187 = DIRECTION('',(0.,-1.,0.));
#3188 = ORIENTED_EDGE('',*,*,#3189,.F.);
#3189 = EDGE_CURVE('',#3090,#3182,#3190,.T.);
#3190 = LINE('',#3191,#3192);
#3191 = CARTESIAN_POINT('',(88.949413,-40.96316,0.));
#3192 = VECTOR('',#3193,1.);
#3193 = DIRECTION('',(-2.961764736554E-02,-0.999561301254,0.));
#3194 = FACE_BOUND('',#3195,.F.);
#3195 = EDGE_LOOP('',(#3196,#3207,#3215,#3223,#3232,#3240,#3248,#3257,
    #3265,#3273,#3282,#3290,#3298));
#3196 = ORIENTED_EDGE('',*,*,#3197,.F.);
#3197 = EDGE_CURVE('',#3198,#3200,#3202,.T.);
#3198 = VERTEX_POINT('',#3199);
#3199 = CARTESIAN_POINT('',(108.49747,-40.528734,0.));
#3200 = VERTEX_POINT('',#3201);
#3201 = CARTESIAN_POINT('',(107.999413,-40.96316,0.));
#3202 = CIRCLE('',#3203,0.497554635006);
#3203 = AXIS2_PLACEMENT_3D('',#3204,#3205,#3206);
#3204 = CARTESIAN_POINT('',(108.49294920228,-41.02626809652,0.));
#3205 = DIRECTION('',(0.,0.,1.));
#3206 = DIRECTION('',(9.086032757235E-03,0.999958721152,-0.));
#3207 = ORIENTED_EDGE('',*,*,#3208,.F.);
#3208 = EDGE_CURVE('',#3209,#3198,#3211,.T.);
#3209 = VERTEX_POINT('',#3210);
#3210 = CARTESIAN_POINT('',(121.49747,-40.528734,0.));
#3211 = LINE('',#3212,#3213);
#3212 = CARTESIAN_POINT('',(121.49747,-40.528734,0.));
#3213 = VECTOR('',#3214,1.);
#3214 = DIRECTION('',(-1.,0.,0.));
#3215 = ORIENTED_EDGE('',*,*,#3216,.F.);
#3216 = EDGE_CURVE('',#3217,#3209,#3219,.T.);
#3217 = VERTEX_POINT('',#3218);
#3218 = CARTESIAN_POINT('',(121.563041,-40.530678,0.));
#3219 = LINE('',#3220,#3221);
#3220 = CARTESIAN_POINT('',(121.563041,-40.530678,0.));
#3221 = VECTOR('',#3222,1.);
#3222 = DIRECTION('',(-0.999560809708,2.963423181094E-02,0.));
#3223 = ORIENTED_EDGE('',*,*,#3224,.F.);
#3224 = EDGE_CURVE('',#3225,#3217,#3227,.T.);
#3225 = VERTEX_POINT('',#3226);
#3226 = CARTESIAN_POINT('',(121.99747,-41.028734,0.));
#3227 = CIRCLE('',#3228,0.49762810037);
#3228 = AXIS2_PLACEMENT_3D('',#3229,#3230,#3231);
#3229 = CARTESIAN_POINT('',(121.49986184008,-41.02427917507,0.));
#3230 = DIRECTION('',(0.,0.,1.));
#3231 = DIRECTION('',(0.999959928999,-8.952116905798E-03,0.));
#3232 = ORIENTED_EDGE('',*,*,#3233,.F.);
#3233 = EDGE_CURVE('',#3234,#3225,#3236,.T.);
#3234 = VERTEX_POINT('',#3235);
#3235 = CARTESIAN_POINT('',(121.99747,-54.028734,0.));
#3236 = LINE('',#3237,#3238);
#3237 = CARTESIAN_POINT('',(121.99747,-54.028734,0.));
#3238 = VECTOR('',#3239,1.);
#3239 = DIRECTION('',(0.,1.,0.));
#3240 = ORIENTED_EDGE('',*,*,#3241,.F.);
#3241 = EDGE_CURVE('',#3242,#3234,#3244,.T.);
#3242 = VERTEX_POINT('',#3243);
#3243 = CARTESIAN_POINT('',(121.995327,-54.094274,0.));
#3244 = LINE('',#3245,#3246);
#3245 = CARTESIAN_POINT('',(121.995327,-54.094274,0.));
#3246 = VECTOR('',#3247,1.);
#3247 = DIRECTION('',(3.268012423648E-02,0.999465862088,0.));
#3248 = ORIENTED_EDGE('',*,*,#3249,.F.);
#3249 = EDGE_CURVE('',#3250,#3242,#3252,.T.);
#3250 = VERTEX_POINT('',#3251);
#3251 = CARTESIAN_POINT('',(121.49747,-54.528734,0.));
#3252 = CIRCLE('',#3253,0.497940142437);
#3253 = AXIS2_PLACEMENT_3D('',#3254,#3255,#3256);
#3254 = CARTESIAN_POINT('',(121.50144779014,-54.03080974608,0.));
#3255 = DIRECTION('',(0.,0.,1.));
#3256 = DIRECTION('',(-7.988490599082E-03,-0.9999680915,0.));
#3257 = ORIENTED_EDGE('',*,*,#3258,.F.);
#3258 = EDGE_CURVE('',#3259,#3250,#3261,.T.);
#3259 = VERTEX_POINT('',#3260);
#3260 = CARTESIAN_POINT('',(108.49747,-54.528734,0.));
#3261 = LINE('',#3262,#3263);
#3262 = CARTESIAN_POINT('',(108.49747,-54.528734,0.));
#3263 = VECTOR('',#3264,1.);
#3264 = DIRECTION('',(1.,0.,0.));
#3265 = ORIENTED_EDGE('',*,*,#3266,.F.);
#3266 = EDGE_CURVE('',#3267,#3259,#3269,.T.);
#3267 = VERTEX_POINT('',#3268);
#3268 = CARTESIAN_POINT('',(108.43466,-54.525675,0.));
#3269 = LINE('',#3270,#3271);
#3270 = CARTESIAN_POINT('',(108.43466,-54.525675,0.));
#3271 = VECTOR('',#3272,1.);
#3272 = DIRECTION('',(0.998816141971,-4.864477914805E-02,0.));
#3273 = ORIENTED_EDGE('',*,*,#3274,.F.);
#3274 = EDGE_CURVE('',#3275,#3267,#3277,.T.);
#3275 = VERTEX_POINT('',#3276);
#3276 = CARTESIAN_POINT('',(108.000234,-54.027618,0.));
#3277 = CIRCLE('',#3278,0.497565516144);
#3278 = AXIS2_PLACEMENT_3D('',#3279,#3280,#3281);
#3279 = CARTESIAN_POINT('',(108.49777906494,-54.03212923059,0.));
#3280 = DIRECTION('',(0.,0.,1.));
#3281 = DIRECTION('',(-0.999958897481,9.066606207047E-03,0.));
#3282 = ORIENTED_EDGE('',*,*,#3283,.F.);
#3283 = EDGE_CURVE('',#3284,#3275,#3286,.T.);
#3284 = VERTEX_POINT('',#3285);
#3285 = CARTESIAN_POINT('',(107.99747,-54.028734,0.));
#3286 = LINE('',#3287,#3288);
#3287 = CARTESIAN_POINT('',(107.99747,-54.028734,0.));
#3288 = VECTOR('',#3289,1.);
#3289 = DIRECTION('',(0.927268715845,0.374396485849,0.));
#3290 = ORIENTED_EDGE('',*,*,#3291,.F.);
#3291 = EDGE_CURVE('',#3292,#3284,#3294,.T.);
#3292 = VERTEX_POINT('',#3293);
#3293 = CARTESIAN_POINT('',(107.99747,-41.028734,0.));
#3294 = LINE('',#3295,#3296);
#3295 = CARTESIAN_POINT('',(107.99747,-41.028734,0.));
#3296 = VECTOR('',#3297,1.);
#3297 = DIRECTION('',(0.,-1.,0.));
#3298 = ORIENTED_EDGE('',*,*,#3299,.F.);
#3299 = EDGE_CURVE('',#3200,#3292,#3300,.T.);
#3300 = LINE('',#3301,#3302);
#3301 = CARTESIAN_POINT('',(107.999413,-40.96316,0.));
#3302 = VECTOR('',#3303,1.);
#3303 = DIRECTION('',(-2.961764736532E-02,-0.999561301254,0.));
#3304 = FACE_BOUND('',#3305,.F.);
#3305 = EDGE_LOOP('',(#3306,#3317,#3325,#3333,#3342,#3350,#3358,#3367,
    #3375,#3383,#3392,#3400,#3408));
#3306 = ORIENTED_EDGE('',*,*,#3307,.F.);
#3307 = EDGE_CURVE('',#3308,#3310,#3312,.T.);
#3308 = VERTEX_POINT('',#3309);
#3309 = CARTESIAN_POINT('',(127.54747,-40.528734,0.));
#3310 = VERTEX_POINT('',#3311);
#3311 = CARTESIAN_POINT('',(127.049413,-40.96316,0.));
#3312 = CIRCLE('',#3313,0.497554635006);
#3313 = AXIS2_PLACEMENT_3D('',#3314,#3315,#3316);
#3314 = CARTESIAN_POINT('',(127.54294920228,-41.02626809652,0.));
#3315 = DIRECTION('',(0.,0.,1.));
#3316 = DIRECTION('',(9.086032757178E-03,0.999958721152,-0.));
#3317 = ORIENTED_EDGE('',*,*,#3318,.F.);
#3318 = EDGE_CURVE('',#3319,#3308,#3321,.T.);
#3319 = VERTEX_POINT('',#3320);
#3320 = CARTESIAN_POINT('',(140.54747,-40.528734,0.));
#3321 = LINE('',#3322,#3323);
#3322 = CARTESIAN_POINT('',(140.54747,-40.528734,0.));
#3323 = VECTOR('',#3324,1.);
#3324 = DIRECTION('',(-1.,0.,0.));
#3325 = ORIENTED_EDGE('',*,*,#3326,.F.);
#3326 = EDGE_CURVE('',#3327,#3319,#3329,.T.);
#3327 = VERTEX_POINT('',#3328);
#3328 = CARTESIAN_POINT('',(140.613041,-40.530678,0.));
#3329 = LINE('',#3330,#3331);
#3330 = CARTESIAN_POINT('',(140.613041,-40.530678,0.));
#3331 = VECTOR('',#3332,1.);
#3332 = DIRECTION('',(-0.999560809708,2.963423181093E-02,0.));
#3333 = ORIENTED_EDGE('',*,*,#3334,.F.);
#3334 = EDGE_CURVE('',#3335,#3327,#3337,.T.);
#3335 = VERTEX_POINT('',#3336);
#3336 = CARTESIAN_POINT('',(141.04747,-41.028734,0.));
#3337 = CIRCLE('',#3338,0.49762810037);
#3338 = AXIS2_PLACEMENT_3D('',#3339,#3340,#3341);
#3339 = CARTESIAN_POINT('',(140.54986184008,-41.02427917507,0.));
#3340 = DIRECTION('',(0.,0.,1.));
#3341 = DIRECTION('',(0.999959928999,-8.952116905812E-03,0.));
#3342 = ORIENTED_EDGE('',*,*,#3343,.F.);
#3343 = EDGE_CURVE('',#3344,#3335,#3346,.T.);
#3344 = VERTEX_POINT('',#3345);
#3345 = CARTESIAN_POINT('',(141.04747,-54.028734,0.));
#3346 = LINE('',#3347,#3348);
#3347 = CARTESIAN_POINT('',(141.04747,-54.028734,0.));
#3348 = VECTOR('',#3349,1.);
#3349 = DIRECTION('',(0.,1.,0.));
#3350 = ORIENTED_EDGE('',*,*,#3351,.F.);
#3351 = EDGE_CURVE('',#3352,#3344,#3354,.T.);
#3352 = VERTEX_POINT('',#3353);
#3353 = CARTESIAN_POINT('',(141.045327,-54.094274,0.));
#3354 = LINE('',#3355,#3356);
#3355 = CARTESIAN_POINT('',(141.045327,-54.094274,0.));
#3356 = VECTOR('',#3357,1.);
#3357 = DIRECTION('',(3.26801242367E-02,0.999465862088,0.));
#3358 = ORIENTED_EDGE('',*,*,#3359,.F.);
#3359 = EDGE_CURVE('',#3360,#3352,#3362,.T.);
#3360 = VERTEX_POINT('',#3361);
#3361 = CARTESIAN_POINT('',(140.54747,-54.528734,0.));
#3362 = CIRCLE('',#3363,0.497940142437);
#3363 = AXIS2_PLACEMENT_3D('',#3364,#3365,#3366);
#3364 = CARTESIAN_POINT('',(140.55144779014,-54.03080974608,0.));
#3365 = DIRECTION('',(0.,0.,1.));
#3366 = DIRECTION('',(-7.988490599025E-03,-0.9999680915,0.));
#3367 = ORIENTED_EDGE('',*,*,#3368,.F.);
#3368 = EDGE_CURVE('',#3369,#3360,#3371,.T.);
#3369 = VERTEX_POINT('',#3370);
#3370 = CARTESIAN_POINT('',(127.54747,-54.528734,0.));
#3371 = LINE('',#3372,#3373);
#3372 = CARTESIAN_POINT('',(127.54747,-54.528734,0.));
#3373 = VECTOR('',#3374,1.);
#3374 = DIRECTION('',(1.,0.,0.));
#3375 = ORIENTED_EDGE('',*,*,#3376,.F.);
#3376 = EDGE_CURVE('',#3377,#3369,#3379,.T.);
#3377 = VERTEX_POINT('',#3378);
#3378 = CARTESIAN_POINT('',(127.48466,-54.525675,0.));
#3379 = LINE('',#3380,#3381);
#3380 = CARTESIAN_POINT('',(127.48466,-54.525675,0.));
#3381 = VECTOR('',#3382,1.);
#3382 = DIRECTION('',(0.998816141971,-4.864477914806E-02,0.));
#3383 = ORIENTED_EDGE('',*,*,#3384,.F.);
#3384 = EDGE_CURVE('',#3385,#3377,#3387,.T.);
#3385 = VERTEX_POINT('',#3386);
#3386 = CARTESIAN_POINT('',(127.050234,-54.027618,0.));
#3387 = CIRCLE('',#3388,0.497565516144);
#3388 = AXIS2_PLACEMENT_3D('',#3389,#3390,#3391);
#3389 = CARTESIAN_POINT('',(127.54777906494,-54.03212923059,0.));
#3390 = DIRECTION('',(0.,0.,1.));
#3391 = DIRECTION('',(-0.999958897481,9.066606207062E-03,0.));
#3392 = ORIENTED_EDGE('',*,*,#3393,.F.);
#3393 = EDGE_CURVE('',#3394,#3385,#3396,.T.);
#3394 = VERTEX_POINT('',#3395);
#3395 = CARTESIAN_POINT('',(127.04747,-54.028734,0.));
#3396 = LINE('',#3397,#3398);
#3397 = CARTESIAN_POINT('',(127.04747,-54.028734,0.));
#3398 = VECTOR('',#3399,1.);
#3399 = DIRECTION('',(0.927268715845,0.374396485849,0.));
#3400 = ORIENTED_EDGE('',*,*,#3401,.F.);
#3401 = EDGE_CURVE('',#3402,#3394,#3404,.T.);
#3402 = VERTEX_POINT('',#3403);
#3403 = CARTESIAN_POINT('',(127.04747,-41.028734,0.));
#3404 = LINE('',#3405,#3406);
#3405 = CARTESIAN_POINT('',(127.04747,-41.028734,0.));
#3406 = VECTOR('',#3407,1.);
#3407 = DIRECTION('',(0.,-1.,0.));
#3408 = ORIENTED_EDGE('',*,*,#3409,.F.);
#3409 = EDGE_CURVE('',#3310,#3402,#3410,.T.);
#3410 = LINE('',#3411,#3412);
#3411 = CARTESIAN_POINT('',(127.049413,-40.96316,0.));
#3412 = VECTOR('',#3413,1.);
#3413 = DIRECTION('',(-2.961764736532E-02,-0.999561301254,0.));
#3414 = FACE_BOUND('',#3415,.F.);
#3415 = EDGE_LOOP('',(#3416,#3427,#3435,#3443,#3452,#3460,#3468,#3477,
    #3485,#3493,#3502,#3510,#3518));
#3416 = ORIENTED_EDGE('',*,*,#3417,.F.);
#3417 = EDGE_CURVE('',#3418,#3420,#3422,.T.);
#3418 = VERTEX_POINT('',#3419);
#3419 = CARTESIAN_POINT('',(146.59747,-64.341234,0.));
#3420 = VERTEX_POINT('',#3421);
#3421 = CARTESIAN_POINT('',(146.099413,-64.77566,0.));
#3422 = CIRCLE('',#3423,0.497554635006);
#3423 = AXIS2_PLACEMENT_3D('',#3424,#3425,#3426);
#3424 = CARTESIAN_POINT('',(146.59294920228,-64.83876809652,0.));
#3425 = DIRECTION('',(0.,0.,1.));
#3426 = DIRECTION('',(9.086032757207E-03,0.999958721152,-0.));
#3427 = ORIENTED_EDGE('',*,*,#3428,.F.);
#3428 = EDGE_CURVE('',#3429,#3418,#3431,.T.);
#3429 = VERTEX_POINT('',#3430);
#3430 = CARTESIAN_POINT('',(159.59747,-64.341234,0.));
#3431 = LINE('',#3432,#3433);
#3432 = CARTESIAN_POINT('',(159.59747,-64.341234,0.));
#3433 = VECTOR('',#3434,1.);
#3434 = DIRECTION('',(-1.,0.,0.));
#3435 = ORIENTED_EDGE('',*,*,#3436,.F.);
#3436 = EDGE_CURVE('',#3437,#3429,#3439,.T.);
#3437 = VERTEX_POINT('',#3438);
#3438 = CARTESIAN_POINT('',(159.663041,-64.343178,0.));
#3439 = LINE('',#3440,#3441);
#3440 = CARTESIAN_POINT('',(159.663041,-64.343178,0.));
#3441 = VECTOR('',#3442,1.);
#3442 = DIRECTION('',(-0.999560809708,2.963423181083E-02,0.));
#3443 = ORIENTED_EDGE('',*,*,#3444,.F.);
#3444 = EDGE_CURVE('',#3445,#3437,#3447,.T.);
#3445 = VERTEX_POINT('',#3446);
#3446 = CARTESIAN_POINT('',(160.09747,-64.841234,0.));
#3447 = CIRCLE('',#3448,0.49762810037);
#3448 = AXIS2_PLACEMENT_3D('',#3449,#3450,#3451);
#3449 = CARTESIAN_POINT('',(159.59986184008,-64.83677917507,0.));
#3450 = DIRECTION('',(0.,0.,1.));
#3451 = DIRECTION('',(0.999959928999,-8.952116905913E-03,0.));
#3452 = ORIENTED_EDGE('',*,*,#3453,.F.);
#3453 = EDGE_CURVE('',#3454,#3445,#3456,.T.);
#3454 = VERTEX_POINT('',#3455);
#3455 = CARTESIAN_POINT('',(160.09747,-77.841234,0.));
#3456 = LINE('',#3457,#3458);
#3457 = CARTESIAN_POINT('',(160.09747,-77.841234,0.));
#3458 = VECTOR('',#3459,1.);
#3459 = DIRECTION('',(0.,1.,0.));
#3460 = ORIENTED_EDGE('',*,*,#3461,.F.);
#3461 = EDGE_CURVE('',#3462,#3454,#3464,.T.);
#3462 = VERTEX_POINT('',#3463);
#3463 = CARTESIAN_POINT('',(160.095327,-77.906774,0.));
#3464 = LINE('',#3465,#3466);
#3465 = CARTESIAN_POINT('',(160.095327,-77.906774,0.));
#3466 = VECTOR('',#3467,1.);
#3467 = DIRECTION('',(3.268012423627E-02,0.999465862088,0.));
#3468 = ORIENTED_EDGE('',*,*,#3469,.F.);
#3469 = EDGE_CURVE('',#3470,#3462,#3472,.T.);
#3470 = VERTEX_POINT('',#3471);
#3471 = CARTESIAN_POINT('',(159.59747,-78.341234,0.));
#3472 = CIRCLE('',#3473,0.497940142437);
#3473 = AXIS2_PLACEMENT_3D('',#3474,#3475,#3476);
#3474 = CARTESIAN_POINT('',(159.60144779014,-77.84330974608,0.));
#3475 = DIRECTION('',(0.,0.,1.));
#3476 = DIRECTION('',(-7.98849059914E-03,-0.9999680915,0.));
#3477 = ORIENTED_EDGE('',*,*,#3478,.F.);
#3478 = EDGE_CURVE('',#3479,#3470,#3481,.T.);
#3479 = VERTEX_POINT('',#3480);
#3480 = CARTESIAN_POINT('',(146.59747,-78.341234,0.));
#3481 = LINE('',#3482,#3483);
#3482 = CARTESIAN_POINT('',(146.59747,-78.341234,0.));
#3483 = VECTOR('',#3484,1.);
#3484 = DIRECTION('',(1.,0.,0.));
#3485 = ORIENTED_EDGE('',*,*,#3486,.F.);
#3486 = EDGE_CURVE('',#3487,#3479,#3489,.T.);
#3487 = VERTEX_POINT('',#3488);
#3488 = CARTESIAN_POINT('',(146.53466,-78.338175,0.));
#3489 = LINE('',#3490,#3491);
#3490 = CARTESIAN_POINT('',(146.53466,-78.338175,0.));
#3491 = VECTOR('',#3492,1.);
#3492 = DIRECTION('',(0.998816141971,-4.864477914795E-02,0.));
#3493 = ORIENTED_EDGE('',*,*,#3494,.F.);
#3494 = EDGE_CURVE('',#3495,#3487,#3497,.T.);
#3495 = VERTEX_POINT('',#3496);
#3496 = CARTESIAN_POINT('',(146.100234,-77.840118,0.));
#3497 = CIRCLE('',#3498,0.497565516144);
#3498 = AXIS2_PLACEMENT_3D('',#3499,#3500,#3501);
#3499 = CARTESIAN_POINT('',(146.59777906494,-77.84462923059,0.));
#3500 = DIRECTION('',(0.,0.,1.));
#3501 = DIRECTION('',(-0.999958897481,9.066606206975E-03,0.));
#3502 = ORIENTED_EDGE('',*,*,#3503,.F.);
#3503 = EDGE_CURVE('',#3504,#3495,#3506,.T.);
#3504 = VERTEX_POINT('',#3505);
#3505 = CARTESIAN_POINT('',(146.09747,-77.841234,0.));
#3506 = LINE('',#3507,#3508);
#3507 = CARTESIAN_POINT('',(146.09747,-77.841234,0.));
#3508 = VECTOR('',#3509,1.);
#3509 = DIRECTION('',(0.927268715846,0.374396485845,0.));
#3510 = ORIENTED_EDGE('',*,*,#3511,.F.);
#3511 = EDGE_CURVE('',#3512,#3504,#3514,.T.);
#3512 = VERTEX_POINT('',#3513);
#3513 = CARTESIAN_POINT('',(146.09747,-64.841234,0.));
#3514 = LINE('',#3515,#3516);
#3515 = CARTESIAN_POINT('',(146.09747,-64.841234,0.));
#3516 = VECTOR('',#3517,1.);
#3517 = DIRECTION('',(0.,-1.,0.));
#3518 = ORIENTED_EDGE('',*,*,#3519,.F.);
#3519 = EDGE_CURVE('',#3420,#3512,#3520,.T.);
#3520 = LINE('',#3521,#3522);
#3521 = CARTESIAN_POINT('',(146.099413,-64.77566,0.));
#3522 = VECTOR('',#3523,1.);
#3523 = DIRECTION('',(-2.961764736554E-02,-0.999561301254,0.));
#3524 = FACE_BOUND('',#3525,.F.);
#3525 = EDGE_LOOP('',(#3526,#3537,#3545,#3553,#3562,#3570,#3578,#3587,
    #3595,#3603,#3612,#3620,#3628));
#3526 = ORIENTED_EDGE('',*,*,#3527,.F.);
#3527 = EDGE_CURVE('',#3528,#3530,#3532,.T.);
#3528 = VERTEX_POINT('',#3529);
#3529 = CARTESIAN_POINT('',(165.64747,-64.341234,0.));
#3530 = VERTEX_POINT('',#3531);
#3531 = CARTESIAN_POINT('',(165.149413,-64.77566,0.));
#3532 = CIRCLE('',#3533,0.497554635006);
#3533 = AXIS2_PLACEMENT_3D('',#3534,#3535,#3536);
#3534 = CARTESIAN_POINT('',(165.64294920228,-64.83876809652,0.));
#3535 = DIRECTION('',(0.,0.,1.));
#3536 = DIRECTION('',(9.086032757207E-03,0.999958721152,-0.));
#3537 = ORIENTED_EDGE('',*,*,#3538,.F.);
#3538 = EDGE_CURVE('',#3539,#3528,#3541,.T.);
#3539 = VERTEX_POINT('',#3540);
#3540 = CARTESIAN_POINT('',(178.64747,-64.341234,0.));
#3541 = LINE('',#3542,#3543);
#3542 = CARTESIAN_POINT('',(178.64747,-64.341234,0.));
#3543 = VECTOR('',#3544,1.);
#3544 = DIRECTION('',(-1.,0.,0.));
#3545 = ORIENTED_EDGE('',*,*,#3546,.F.);
#3546 = EDGE_CURVE('',#3547,#3539,#3549,.T.);
#3547 = VERTEX_POINT('',#3548);
#3548 = CARTESIAN_POINT('',(178.713041,-64.343178,0.));
#3549 = LINE('',#3550,#3551);
#3550 = CARTESIAN_POINT('',(178.713041,-64.343178,0.));
#3551 = VECTOR('',#3552,1.);
#3552 = DIRECTION('',(-0.999560809708,2.963423181083E-02,0.));
#3553 = ORIENTED_EDGE('',*,*,#3554,.F.);
#3554 = EDGE_CURVE('',#3555,#3547,#3557,.T.);
#3555 = VERTEX_POINT('',#3556);
#3556 = CARTESIAN_POINT('',(179.14747,-64.841234,0.));
#3557 = CIRCLE('',#3558,0.49762810037);
#3558 = AXIS2_PLACEMENT_3D('',#3559,#3560,#3561);
#3559 = CARTESIAN_POINT('',(178.64986184008,-64.83677917507,0.));
#3560 = DIRECTION('',(0.,0.,1.));
#3561 = DIRECTION('',(0.999959928999,-8.952116905798E-03,0.));
#3562 = ORIENTED_EDGE('',*,*,#3563,.F.);
#3563 = EDGE_CURVE('',#3564,#3555,#3566,.T.);
#3564 = VERTEX_POINT('',#3565);
#3565 = CARTESIAN_POINT('',(179.14747,-77.841234,0.));
#3566 = LINE('',#3567,#3568);
#3567 = CARTESIAN_POINT('',(179.14747,-77.841234,0.));
#3568 = VECTOR('',#3569,1.);
#3569 = DIRECTION('',(0.,1.,0.));
#3570 = ORIENTED_EDGE('',*,*,#3571,.F.);
#3571 = EDGE_CURVE('',#3572,#3564,#3574,.T.);
#3572 = VERTEX_POINT('',#3573);
#3573 = CARTESIAN_POINT('',(179.145327,-77.906774,0.));
#3574 = LINE('',#3575,#3576);
#3575 = CARTESIAN_POINT('',(179.145327,-77.906774,0.));
#3576 = VECTOR('',#3577,1.);
#3577 = DIRECTION('',(3.268012423627E-02,0.999465862088,0.));
#3578 = ORIENTED_EDGE('',*,*,#3579,.F.);
#3579 = EDGE_CURVE('',#3580,#3572,#3582,.T.);
#3580 = VERTEX_POINT('',#3581);
#3581 = CARTESIAN_POINT('',(178.64747,-78.341234,0.));
#3582 = CIRCLE('',#3583,0.497940142437);
#3583 = AXIS2_PLACEMENT_3D('',#3584,#3585,#3586);
#3584 = CARTESIAN_POINT('',(178.65144779014,-77.84330974608,0.));
#3585 = DIRECTION('',(0.,0.,1.));
#3586 = DIRECTION('',(-7.98849059914E-03,-0.9999680915,0.));
#3587 = ORIENTED_EDGE('',*,*,#3588,.F.);
#3588 = EDGE_CURVE('',#3589,#3580,#3591,.T.);
#3589 = VERTEX_POINT('',#3590);
#3590 = CARTESIAN_POINT('',(165.64747,-78.341234,0.));
#3591 = LINE('',#3592,#3593);
#3592 = CARTESIAN_POINT('',(165.64747,-78.341234,0.));
#3593 = VECTOR('',#3594,1.);
#3594 = DIRECTION('',(1.,0.,0.));
#3595 = ORIENTED_EDGE('',*,*,#3596,.F.);
#3596 = EDGE_CURVE('',#3597,#3589,#3599,.T.);
#3597 = VERTEX_POINT('',#3598);
#3598 = CARTESIAN_POINT('',(165.58466,-78.338175,0.));
#3599 = LINE('',#3600,#3601);
#3600 = CARTESIAN_POINT('',(165.58466,-78.338175,0.));
#3601 = VECTOR('',#3602,1.);
#3602 = DIRECTION('',(0.998816141971,-4.864477914795E-02,0.));
#3603 = ORIENTED_EDGE('',*,*,#3604,.F.);
#3604 = EDGE_CURVE('',#3605,#3597,#3607,.T.);
#3605 = VERTEX_POINT('',#3606);
#3606 = CARTESIAN_POINT('',(165.150234,-77.840118,0.));
#3607 = CIRCLE('',#3608,0.497565516144);
#3608 = AXIS2_PLACEMENT_3D('',#3609,#3610,#3611);
#3609 = CARTESIAN_POINT('',(165.64777906494,-77.84462923059,0.));
#3610 = DIRECTION('',(0.,0.,1.));
#3611 = DIRECTION('',(-0.999958897481,9.066606207091E-03,0.));
#3612 = ORIENTED_EDGE('',*,*,#3613,.F.);
#3613 = EDGE_CURVE('',#3614,#3605,#3616,.T.);
#3614 = VERTEX_POINT('',#3615);
#3615 = CARTESIAN_POINT('',(165.14747,-77.841234,0.));
#3616 = LINE('',#3617,#3618);
#3617 = CARTESIAN_POINT('',(165.14747,-77.841234,0.));
#3618 = VECTOR('',#3619,1.);
#3619 = DIRECTION('',(0.927268715846,0.374396485845,0.));
#3620 = ORIENTED_EDGE('',*,*,#3621,.F.);
#3621 = EDGE_CURVE('',#3622,#3614,#3624,.T.);
#3622 = VERTEX_POINT('',#3623);
#3623 = CARTESIAN_POINT('',(165.14747,-64.841234,0.));
#3624 = LINE('',#3625,#3626);
#3625 = CARTESIAN_POINT('',(165.14747,-64.841234,0.));
#3626 = VECTOR('',#3627,1.);
#3627 = DIRECTION('',(0.,-1.,0.));
#3628 = ORIENTED_EDGE('',*,*,#3629,.F.);
#3629 = EDGE_CURVE('',#3530,#3622,#3630,.T.);
#3630 = LINE('',#3631,#3632);
#3631 = CARTESIAN_POINT('',(165.149413,-64.77566,0.));
#3632 = VECTOR('',#3633,1.);
#3633 = DIRECTION('',(-2.961764736554E-02,-0.999561301254,0.));
#3634 = FACE_BOUND('',#3635,.F.);
#3635 = EDGE_LOOP('',(#3636,#3647,#3655,#3663,#3672,#3680,#3688,#3697,
    #3705,#3713,#3722,#3730,#3738));
#3636 = ORIENTED_EDGE('',*,*,#3637,.F.);
#3637 = EDGE_CURVE('',#3638,#3640,#3642,.T.);
#3638 = VERTEX_POINT('',#3639);
#3639 = CARTESIAN_POINT('',(189.45997,-59.578734,0.));
#3640 = VERTEX_POINT('',#3641);
#3641 = CARTESIAN_POINT('',(188.961913,-60.01316,0.));
#3642 = CIRCLE('',#3643,0.497554635006);
#3643 = AXIS2_PLACEMENT_3D('',#3644,#3645,#3646);
#3644 = CARTESIAN_POINT('',(189.45544920228,-60.07626809652,0.));
#3645 = DIRECTION('',(0.,0.,1.));
#3646 = DIRECTION('',(9.086032757149E-03,0.999958721152,-0.));
#3647 = ORIENTED_EDGE('',*,*,#3648,.F.);
#3648 = EDGE_CURVE('',#3649,#3638,#3651,.T.);
#3649 = VERTEX_POINT('',#3650);
#3650 = CARTESIAN_POINT('',(202.45997,-59.578734,0.));
#3651 = LINE('',#3652,#3653);
#3652 = CARTESIAN_POINT('',(202.45997,-59.578734,0.));
#3653 = VECTOR('',#3654,1.);
#3654 = DIRECTION('',(-1.,0.,0.));
#3655 = ORIENTED_EDGE('',*,*,#3656,.F.);
#3656 = EDGE_CURVE('',#3657,#3649,#3659,.T.);
#3657 = VERTEX_POINT('',#3658);
#3658 = CARTESIAN_POINT('',(202.525541,-59.580678,0.));
#3659 = LINE('',#3660,#3661);
#3660 = CARTESIAN_POINT('',(202.525541,-59.580678,0.));
#3661 = VECTOR('',#3662,1.);
#3662 = DIRECTION('',(-0.999560809708,2.963423181093E-02,0.));
#3663 = ORIENTED_EDGE('',*,*,#3664,.F.);
#3664 = EDGE_CURVE('',#3665,#3657,#3667,.T.);
#3665 = VERTEX_POINT('',#3666);
#3666 = CARTESIAN_POINT('',(202.95997,-60.078734,0.));
#3667 = CIRCLE('',#3668,0.49762810037);
#3668 = AXIS2_PLACEMENT_3D('',#3669,#3670,#3671);
#3669 = CARTESIAN_POINT('',(202.46236184008,-60.07427917507,0.));
#3670 = DIRECTION('',(0.,0.,1.));
#3671 = DIRECTION('',(0.999959928999,-8.952116905798E-03,0.));
#3672 = ORIENTED_EDGE('',*,*,#3673,.F.);
#3673 = EDGE_CURVE('',#3674,#3665,#3676,.T.);
#3674 = VERTEX_POINT('',#3675);
#3675 = CARTESIAN_POINT('',(202.95997,-73.078734,0.));
#3676 = LINE('',#3677,#3678);
#3677 = CARTESIAN_POINT('',(202.95997,-73.078734,0.));
#3678 = VECTOR('',#3679,1.);
#3679 = DIRECTION('',(0.,1.,0.));
#3680 = ORIENTED_EDGE('',*,*,#3681,.F.);
#3681 = EDGE_CURVE('',#3682,#3674,#3684,.T.);
#3682 = VERTEX_POINT('',#3683);
#3683 = CARTESIAN_POINT('',(202.957827,-73.144274,0.));
#3684 = LINE('',#3685,#3686);
#3685 = CARTESIAN_POINT('',(202.957827,-73.144274,0.));
#3686 = VECTOR('',#3687,1.);
#3687 = DIRECTION('',(3.268012423627E-02,0.999465862088,0.));
#3688 = ORIENTED_EDGE('',*,*,#3689,.F.);
#3689 = EDGE_CURVE('',#3690,#3682,#3692,.T.);
#3690 = VERTEX_POINT('',#3691);
#3691 = CARTESIAN_POINT('',(202.45997,-73.578734,0.));
#3692 = CIRCLE('',#3693,0.497940142437);
#3693 = AXIS2_PLACEMENT_3D('',#3694,#3695,#3696);
#3694 = CARTESIAN_POINT('',(202.46394779014,-73.08080974608,0.));
#3695 = DIRECTION('',(0.,0.,1.));
#3696 = DIRECTION('',(-7.988490599139E-03,-0.9999680915,0.));
#3697 = ORIENTED_EDGE('',*,*,#3698,.F.);
#3698 = EDGE_CURVE('',#3699,#3690,#3701,.T.);
#3699 = VERTEX_POINT('',#3700);
#3700 = CARTESIAN_POINT('',(189.45997,-73.578734,0.));
#3701 = LINE('',#3702,#3703);
#3702 = CARTESIAN_POINT('',(189.45997,-73.578734,0.));
#3703 = VECTOR('',#3704,1.);
#3704 = DIRECTION('',(1.,0.,0.));
#3705 = ORIENTED_EDGE('',*,*,#3706,.F.);
#3706 = EDGE_CURVE('',#3707,#3699,#3709,.T.);
#3707 = VERTEX_POINT('',#3708);
#3708 = CARTESIAN_POINT('',(189.39716,-73.575675,0.));
#3709 = LINE('',#3710,#3711);
#3710 = CARTESIAN_POINT('',(189.39716,-73.575675,0.));
#3711 = VECTOR('',#3712,1.);
#3712 = DIRECTION('',(0.998816141971,-4.864477914795E-02,0.));
#3713 = ORIENTED_EDGE('',*,*,#3714,.F.);
#3714 = EDGE_CURVE('',#3715,#3707,#3717,.T.);
#3715 = VERTEX_POINT('',#3716);
#3716 = CARTESIAN_POINT('',(188.962734,-73.077618,0.));
#3717 = CIRCLE('',#3718,0.497565516144);
#3718 = AXIS2_PLACEMENT_3D('',#3719,#3720,#3721);
#3719 = CARTESIAN_POINT('',(189.46027906494,-73.08212923059,0.));
#3720 = DIRECTION('',(0.,0.,1.));
#3721 = DIRECTION('',(-0.999958897481,9.06660620712E-03,0.));
#3722 = ORIENTED_EDGE('',*,*,#3723,.F.);
#3723 = EDGE_CURVE('',#3724,#3715,#3726,.T.);
#3724 = VERTEX_POINT('',#3725);
#3725 = CARTESIAN_POINT('',(188.95997,-73.078734,0.));
#3726 = LINE('',#3727,#3728);
#3727 = CARTESIAN_POINT('',(188.95997,-73.078734,0.));
#3728 = VECTOR('',#3729,1.);
#3729 = DIRECTION('',(0.927268715846,0.374396485845,0.));
#3730 = ORIENTED_EDGE('',*,*,#3731,.F.);
#3731 = EDGE_CURVE('',#3732,#3724,#3734,.T.);
#3732 = VERTEX_POINT('',#3733);
#3733 = CARTESIAN_POINT('',(188.95997,-60.078734,0.));
#3734 = LINE('',#3735,#3736);
#3735 = CARTESIAN_POINT('',(188.95997,-60.078734,0.));
#3736 = VECTOR('',#3737,1.);
#3737 = DIRECTION('',(0.,-1.,0.));
#3738 = ORIENTED_EDGE('',*,*,#3739,.F.);
#3739 = EDGE_CURVE('',#3640,#3732,#3740,.T.);
#3740 = LINE('',#3741,#3742);
#3741 = CARTESIAN_POINT('',(188.961913,-60.01316,0.));
#3742 = VECTOR('',#3743,1.);
#3743 = DIRECTION('',(-2.961764736554E-02,-0.999561301254,0.));
#3744 = FACE_BOUND('',#3745,.F.);
#3745 = EDGE_LOOP('',(#3746,#3757,#3765,#3773,#3782,#3790,#3798,#3807,
    #3815,#3823,#3832,#3840,#3848));
#3746 = ORIENTED_EDGE('',*,*,#3747,.F.);
#3747 = EDGE_CURVE('',#3748,#3750,#3752,.T.);
#3748 = VERTEX_POINT('',#3749);
#3749 = CARTESIAN_POINT('',(208.50997,-59.578734,0.));
#3750 = VERTEX_POINT('',#3751);
#3751 = CARTESIAN_POINT('',(208.011913,-60.01316,0.));
#3752 = CIRCLE('',#3753,0.497554635006);
#3753 = AXIS2_PLACEMENT_3D('',#3754,#3755,#3756);
#3754 = CARTESIAN_POINT('',(208.50544920228,-60.07626809652,0.));
#3755 = DIRECTION('',(0.,0.,1.));
#3756 = DIRECTION('',(9.086032757206E-03,0.999958721152,-0.));
#3757 = ORIENTED_EDGE('',*,*,#3758,.F.);
#3758 = EDGE_CURVE('',#3759,#3748,#3761,.T.);
#3759 = VERTEX_POINT('',#3760);
#3760 = CARTESIAN_POINT('',(221.50997,-59.578734,0.));
#3761 = LINE('',#3762,#3763);
#3762 = CARTESIAN_POINT('',(221.50997,-59.578734,0.));
#3763 = VECTOR('',#3764,1.);
#3764 = DIRECTION('',(-1.,0.,0.));
#3765 = ORIENTED_EDGE('',*,*,#3766,.F.);
#3766 = EDGE_CURVE('',#3767,#3759,#3769,.T.);
#3767 = VERTEX_POINT('',#3768);
#3768 = CARTESIAN_POINT('',(221.575541,-59.580678,0.));
#3769 = LINE('',#3770,#3771);
#3770 = CARTESIAN_POINT('',(221.575541,-59.580678,0.));
#3771 = VECTOR('',#3772,1.);
#3772 = DIRECTION('',(-0.999560809708,2.963423181095E-02,0.));
#3773 = ORIENTED_EDGE('',*,*,#3774,.F.);
#3774 = EDGE_CURVE('',#3775,#3767,#3777,.T.);
#3775 = VERTEX_POINT('',#3776);
#3776 = CARTESIAN_POINT('',(222.00997,-60.078734,0.));
#3777 = CIRCLE('',#3778,0.49762810037);
#3778 = AXIS2_PLACEMENT_3D('',#3779,#3780,#3781);
#3779 = CARTESIAN_POINT('',(221.51236184008,-60.07427917507,0.));
#3780 = DIRECTION('',(0.,0.,1.));
#3781 = DIRECTION('',(0.999959928999,-8.952116905813E-03,0.));
#3782 = ORIENTED_EDGE('',*,*,#3783,.F.);
#3783 = EDGE_CURVE('',#3784,#3775,#3786,.T.);
#3784 = VERTEX_POINT('',#3785);
#3785 = CARTESIAN_POINT('',(222.00997,-73.078734,0.));
#3786 = LINE('',#3787,#3788);
#3787 = CARTESIAN_POINT('',(222.00997,-73.078734,0.));
#3788 = VECTOR('',#3789,1.);
#3789 = DIRECTION('',(0.,1.,0.));
#3790 = ORIENTED_EDGE('',*,*,#3791,.F.);
#3791 = EDGE_CURVE('',#3792,#3784,#3794,.T.);
#3792 = VERTEX_POINT('',#3793);
#3793 = CARTESIAN_POINT('',(222.007827,-73.144274,0.));
#3794 = LINE('',#3795,#3796);
#3795 = CARTESIAN_POINT('',(222.007827,-73.144274,0.));
#3796 = VECTOR('',#3797,1.);
#3797 = DIRECTION('',(3.26801242367E-02,0.999465862088,0.));
#3798 = ORIENTED_EDGE('',*,*,#3799,.F.);
#3799 = EDGE_CURVE('',#3800,#3792,#3802,.T.);
#3800 = VERTEX_POINT('',#3801);
#3801 = CARTESIAN_POINT('',(221.50997,-73.578734,0.));
#3802 = CIRCLE('',#3803,0.497940142437);
#3803 = AXIS2_PLACEMENT_3D('',#3804,#3805,#3806);
#3804 = CARTESIAN_POINT('',(221.51394779014,-73.08080974608,0.));
#3805 = DIRECTION('',(0.,0.,1.));
#3806 = DIRECTION('',(-7.988490599025E-03,-0.9999680915,0.));
#3807 = ORIENTED_EDGE('',*,*,#3808,.F.);
#3808 = EDGE_CURVE('',#3809,#3800,#3811,.T.);
#3809 = VERTEX_POINT('',#3810);
#3810 = CARTESIAN_POINT('',(208.50997,-73.578734,0.));
#3811 = LINE('',#3812,#3813);
#3812 = CARTESIAN_POINT('',(208.50997,-73.578734,0.));
#3813 = VECTOR('',#3814,1.);
#3814 = DIRECTION('',(1.,0.,0.));
#3815 = ORIENTED_EDGE('',*,*,#3816,.F.);
#3816 = EDGE_CURVE('',#3817,#3809,#3819,.T.);
#3817 = VERTEX_POINT('',#3818);
#3818 = CARTESIAN_POINT('',(208.44716,-73.575675,0.));
#3819 = LINE('',#3820,#3821);
#3820 = CARTESIAN_POINT('',(208.44716,-73.575675,0.));
#3821 = VECTOR('',#3822,1.);
#3822 = DIRECTION('',(0.998816141971,-4.864477914793E-02,0.));
#3823 = ORIENTED_EDGE('',*,*,#3824,.F.);
#3824 = EDGE_CURVE('',#3825,#3817,#3827,.T.);
#3825 = VERTEX_POINT('',#3826);
#3826 = CARTESIAN_POINT('',(208.012734,-73.077618,0.));
#3827 = CIRCLE('',#3828,0.497565516144);
#3828 = AXIS2_PLACEMENT_3D('',#3829,#3830,#3831);
#3829 = CARTESIAN_POINT('',(208.51027906494,-73.08212923059,0.));
#3830 = DIRECTION('',(0.,0.,1.));
#3831 = DIRECTION('',(-0.999958897481,9.066606206975E-03,0.));
#3832 = ORIENTED_EDGE('',*,*,#3833,.F.);
#3833 = EDGE_CURVE('',#3834,#3825,#3836,.T.);
#3834 = VERTEX_POINT('',#3835);
#3835 = CARTESIAN_POINT('',(208.00997,-73.078734,0.));
#3836 = LINE('',#3837,#3838);
#3837 = CARTESIAN_POINT('',(208.00997,-73.078734,0.));
#3838 = VECTOR('',#3839,1.);
#3839 = DIRECTION('',(0.927268715845,0.374396485848,0.));
#3840 = ORIENTED_EDGE('',*,*,#3841,.F.);
#3841 = EDGE_CURVE('',#3842,#3834,#3844,.T.);
#3842 = VERTEX_POINT('',#3843);
#3843 = CARTESIAN_POINT('',(208.00997,-60.078734,0.));
#3844 = LINE('',#3845,#3846);
#3845 = CARTESIAN_POINT('',(208.00997,-60.078734,0.));
#3846 = VECTOR('',#3847,1.);
#3847 = DIRECTION('',(0.,-1.,0.));
#3848 = ORIENTED_EDGE('',*,*,#3849,.F.);
#3849 = EDGE_CURVE('',#3750,#3842,#3850,.T.);
#3850 = LINE('',#3851,#3852);
#3851 = CARTESIAN_POINT('',(208.011913,-60.01316,0.));
#3852 = VECTOR('',#3853,1.);
#3853 = DIRECTION('',(-2.961764736511E-02,-0.999561301254,0.));
#3854 = FACE_BOUND('',#3855,.F.);
#3855 = EDGE_LOOP('',(#3856,#3867,#3875,#3883,#3892,#3900,#3908,#3917,
    #3925,#3933,#3942,#3950,#3958));
#3856 = ORIENTED_EDGE('',*,*,#3857,.F.);
#3857 = EDGE_CURVE('',#3858,#3860,#3862,.T.);
#3858 = VERTEX_POINT('',#3859);
#3859 = CARTESIAN_POINT('',(227.55997,-59.578734,0.));
#3860 = VERTEX_POINT('',#3861);
#3861 = CARTESIAN_POINT('',(227.061913,-60.01316,0.));
#3862 = CIRCLE('',#3863,0.497554635006);
#3863 = AXIS2_PLACEMENT_3D('',#3864,#3865,#3866);
#3864 = CARTESIAN_POINT('',(227.55544920228,-60.07626809652,0.));
#3865 = DIRECTION('',(0.,0.,1.));
#3866 = DIRECTION('',(9.086032757207E-03,0.999958721152,-0.));
#3867 = ORIENTED_EDGE('',*,*,#3868,.F.);
#3868 = EDGE_CURVE('',#3869,#3858,#3871,.T.);
#3869 = VERTEX_POINT('',#3870);
#3870 = CARTESIAN_POINT('',(240.55997,-59.578734,0.));
#3871 = LINE('',#3872,#3873);
#3872 = CARTESIAN_POINT('',(240.55997,-59.578734,0.));
#3873 = VECTOR('',#3874,1.);
#3874 = DIRECTION('',(-1.,0.,0.));
#3875 = ORIENTED_EDGE('',*,*,#3876,.F.);
#3876 = EDGE_CURVE('',#3877,#3869,#3879,.T.);
#3877 = VERTEX_POINT('',#3878);
#3878 = CARTESIAN_POINT('',(240.625541,-59.580678,0.));
#3879 = LINE('',#3880,#3881);
#3880 = CARTESIAN_POINT('',(240.625541,-59.580678,0.));
#3881 = VECTOR('',#3882,1.);
#3882 = DIRECTION('',(-0.999560809708,2.963423181093E-02,0.));
#3883 = ORIENTED_EDGE('',*,*,#3884,.F.);
#3884 = EDGE_CURVE('',#3885,#3877,#3887,.T.);
#3885 = VERTEX_POINT('',#3886);
#3886 = CARTESIAN_POINT('',(241.05997,-60.078734,0.));
#3887 = CIRCLE('',#3888,0.49762810037);
#3888 = AXIS2_PLACEMENT_3D('',#3889,#3890,#3891);
#3889 = CARTESIAN_POINT('',(240.56236184008,-60.07427917507,0.));
#3890 = DIRECTION('',(0.,0.,1.));
#3891 = DIRECTION('',(0.999959928999,-8.952116905928E-03,0.));
#3892 = ORIENTED_EDGE('',*,*,#3893,.F.);
#3893 = EDGE_CURVE('',#3894,#3885,#3896,.T.);
#3894 = VERTEX_POINT('',#3895);
#3895 = CARTESIAN_POINT('',(241.05997,-73.078734,0.));
#3896 = LINE('',#3897,#3898);
#3897 = CARTESIAN_POINT('',(241.05997,-73.078734,0.));
#3898 = VECTOR('',#3899,1.);
#3899 = DIRECTION('',(0.,1.,0.));
#3900 = ORIENTED_EDGE('',*,*,#3901,.F.);
#3901 = EDGE_CURVE('',#3902,#3894,#3904,.T.);
#3902 = VERTEX_POINT('',#3903);
#3903 = CARTESIAN_POINT('',(241.057827,-73.144274,0.));
#3904 = LINE('',#3905,#3906);
#3905 = CARTESIAN_POINT('',(241.057827,-73.144274,0.));
#3906 = VECTOR('',#3907,1.);
#3907 = DIRECTION('',(3.268012423627E-02,0.999465862088,0.));
#3908 = ORIENTED_EDGE('',*,*,#3909,.F.);
#3909 = EDGE_CURVE('',#3910,#3902,#3912,.T.);
#3910 = VERTEX_POINT('',#3911);
#3911 = CARTESIAN_POINT('',(240.55997,-73.578734,0.));
#3912 = CIRCLE('',#3913,0.497940142437);
#3913 = AXIS2_PLACEMENT_3D('',#3914,#3915,#3916);
#3914 = CARTESIAN_POINT('',(240.56394779014,-73.08080974608,0.));
#3915 = DIRECTION('',(0.,0.,1.));
#3916 = DIRECTION('',(-7.988490599025E-03,-0.9999680915,0.));
#3917 = ORIENTED_EDGE('',*,*,#3918,.F.);
#3918 = EDGE_CURVE('',#3919,#3910,#3921,.T.);
#3919 = VERTEX_POINT('',#3920);
#3920 = CARTESIAN_POINT('',(227.55997,-73.578734,0.));
#3921 = LINE('',#3922,#3923);
#3922 = CARTESIAN_POINT('',(227.55997,-73.578734,0.));
#3923 = VECTOR('',#3924,1.);
#3924 = DIRECTION('',(1.,0.,0.));
#3925 = ORIENTED_EDGE('',*,*,#3926,.F.);
#3926 = EDGE_CURVE('',#3927,#3919,#3929,.T.);
#3927 = VERTEX_POINT('',#3928);
#3928 = CARTESIAN_POINT('',(227.49716,-73.575675,0.));
#3929 = LINE('',#3930,#3931);
#3930 = CARTESIAN_POINT('',(227.49716,-73.575675,0.));
#3931 = VECTOR('',#3932,1.);
#3932 = DIRECTION('',(0.998816141971,-4.864477914795E-02,0.));
#3933 = ORIENTED_EDGE('',*,*,#3934,.F.);
#3934 = EDGE_CURVE('',#3935,#3927,#3937,.T.);
#3935 = VERTEX_POINT('',#3936);
#3936 = CARTESIAN_POINT('',(227.062734,-73.077618,0.));
#3937 = CIRCLE('',#3938,0.497565516144);
#3938 = AXIS2_PLACEMENT_3D('',#3939,#3940,#3941);
#3939 = CARTESIAN_POINT('',(227.56027906494,-73.08212923059,0.));
#3940 = DIRECTION('',(0.,0.,1.));
#3941 = DIRECTION('',(-0.999958897481,9.066606207091E-03,0.));
#3942 = ORIENTED_EDGE('',*,*,#3943,.F.);
#3943 = EDGE_CURVE('',#3944,#3935,#3946,.T.);
#3944 = VERTEX_POINT('',#3945);
#3945 = CARTESIAN_POINT('',(227.05997,-73.078734,0.));
#3946 = LINE('',#3947,#3948);
#3947 = CARTESIAN_POINT('',(227.05997,-73.078734,0.));
#3948 = VECTOR('',#3949,1.);
#3949 = DIRECTION('',(0.927268715846,0.374396485845,0.));
#3950 = ORIENTED_EDGE('',*,*,#3951,.F.);
#3951 = EDGE_CURVE('',#3952,#3944,#3954,.T.);
#3952 = VERTEX_POINT('',#3953);
#3953 = CARTESIAN_POINT('',(227.05997,-60.078734,0.));
#3954 = LINE('',#3955,#3956);
#3955 = CARTESIAN_POINT('',(227.05997,-60.078734,0.));
#3956 = VECTOR('',#3957,1.);
#3957 = DIRECTION('',(0.,-1.,0.));
#3958 = ORIENTED_EDGE('',*,*,#3959,.F.);
#3959 = EDGE_CURVE('',#3860,#3952,#3960,.T.);
#3960 = LINE('',#3961,#3962);
#3961 = CARTESIAN_POINT('',(227.061913,-60.01316,0.));
#3962 = VECTOR('',#3963,1.);
#3963 = DIRECTION('',(-2.961764736554E-02,-0.999561301254,0.));
#3964 = FACE_BOUND('',#3965,.F.);
#3965 = EDGE_LOOP('',(#3966,#3977,#3985,#3993,#4002,#4010,#4018,#4027,
    #4035,#4043,#4052,#4060,#4068));
#3966 = ORIENTED_EDGE('',*,*,#3967,.F.);
#3967 = EDGE_CURVE('',#3968,#3970,#3972,.T.);
#3968 = VERTEX_POINT('',#3969);
#3969 = CARTESIAN_POINT('',(146.59747,-40.528734,0.));
#3970 = VERTEX_POINT('',#3971);
#3971 = CARTESIAN_POINT('',(146.099413,-40.96316,0.));
#3972 = CIRCLE('',#3973,0.497554635006);
#3973 = AXIS2_PLACEMENT_3D('',#3974,#3975,#3976);
#3974 = CARTESIAN_POINT('',(146.59294920228,-41.02626809652,0.));
#3975 = DIRECTION('',(0.,0.,1.));
#3976 = DIRECTION('',(9.086032757149E-03,0.999958721152,-0.));
#3977 = ORIENTED_EDGE('',*,*,#3978,.F.);
#3978 = EDGE_CURVE('',#3979,#3968,#3981,.T.);
#3979 = VERTEX_POINT('',#3980);
#3980 = CARTESIAN_POINT('',(159.59747,-40.528734,0.));
#3981 = LINE('',#3982,#3983);
#3982 = CARTESIAN_POINT('',(159.59747,-40.528734,0.));
#3983 = VECTOR('',#3984,1.);
#3984 = DIRECTION('',(-1.,0.,0.));
#3985 = ORIENTED_EDGE('',*,*,#3986,.F.);
#3986 = EDGE_CURVE('',#3987,#3979,#3989,.T.);
#3987 = VERTEX_POINT('',#3988);
#3988 = CARTESIAN_POINT('',(159.663041,-40.530678,0.));
#3989 = LINE('',#3990,#3991);
#3990 = CARTESIAN_POINT('',(159.663041,-40.530678,0.));
#3991 = VECTOR('',#3992,1.);
#3992 = DIRECTION('',(-0.999560809708,2.963423181093E-02,0.));
#3993 = ORIENTED_EDGE('',*,*,#3994,.F.);
#3994 = EDGE_CURVE('',#3995,#3987,#3997,.T.);
#3995 = VERTEX_POINT('',#3996);
#3996 = CARTESIAN_POINT('',(160.09747,-41.028734,0.));
#3997 = CIRCLE('',#3998,0.49762810037);
#3998 = AXIS2_PLACEMENT_3D('',#3999,#4000,#4001);
#3999 = CARTESIAN_POINT('',(159.59986184008,-41.02427917507,0.));
#4000 = DIRECTION('',(0.,0.,1.));
#4001 = DIRECTION('',(0.999959928999,-8.952116905899E-03,0.));
#4002 = ORIENTED_EDGE('',*,*,#4003,.F.);
#4003 = EDGE_CURVE('',#4004,#3995,#4006,.T.);
#4004 = VERTEX_POINT('',#4005);
#4005 = CARTESIAN_POINT('',(160.09747,-54.028734,0.));
#4006 = LINE('',#4007,#4008);
#4007 = CARTESIAN_POINT('',(160.09747,-54.028734,0.));
#4008 = VECTOR('',#4009,1.);
#4009 = DIRECTION('',(0.,1.,0.));
#4010 = ORIENTED_EDGE('',*,*,#4011,.F.);
#4011 = EDGE_CURVE('',#4012,#4004,#4014,.T.);
#4012 = VERTEX_POINT('',#4013);
#4013 = CARTESIAN_POINT('',(160.095327,-54.094274,0.));
#4014 = LINE('',#4015,#4016);
#4015 = CARTESIAN_POINT('',(160.095327,-54.094274,0.));
#4016 = VECTOR('',#4017,1.);
#4017 = DIRECTION('',(3.268012423627E-02,0.999465862088,0.));
#4018 = ORIENTED_EDGE('',*,*,#4019,.F.);
#4019 = EDGE_CURVE('',#4020,#4012,#4022,.T.);
#4020 = VERTEX_POINT('',#4021);
#4021 = CARTESIAN_POINT('',(159.59747,-54.528734,0.));
#4022 = CIRCLE('',#4023,0.497940142437);
#4023 = AXIS2_PLACEMENT_3D('',#4024,#4025,#4026);
#4024 = CARTESIAN_POINT('',(159.60144779014,-54.03080974608,0.));
#4025 = DIRECTION('',(0.,0.,1.));
#4026 = DIRECTION('',(-7.98849059914E-03,-0.9999680915,0.));
#4027 = ORIENTED_EDGE('',*,*,#4028,.F.);
#4028 = EDGE_CURVE('',#4029,#4020,#4031,.T.);
#4029 = VERTEX_POINT('',#4030);
#4030 = CARTESIAN_POINT('',(146.59747,-54.528734,0.));
#4031 = LINE('',#4032,#4033);
#4032 = CARTESIAN_POINT('',(146.59747,-54.528734,0.));
#4033 = VECTOR('',#4034,1.);
#4034 = DIRECTION('',(1.,0.,0.));
#4035 = ORIENTED_EDGE('',*,*,#4036,.F.);
#4036 = EDGE_CURVE('',#4037,#4029,#4039,.T.);
#4037 = VERTEX_POINT('',#4038);
#4038 = CARTESIAN_POINT('',(146.53466,-54.525675,0.));
#4039 = LINE('',#4040,#4041);
#4040 = CARTESIAN_POINT('',(146.53466,-54.525675,0.));
#4041 = VECTOR('',#4042,1.);
#4042 = DIRECTION('',(0.998816141971,-4.864477914807E-02,0.));
#4043 = ORIENTED_EDGE('',*,*,#4044,.F.);
#4044 = EDGE_CURVE('',#4045,#4037,#4047,.T.);
#4045 = VERTEX_POINT('',#4046);
#4046 = CARTESIAN_POINT('',(146.100234,-54.027618,0.));
#4047 = CIRCLE('',#4048,0.497565516144);
#4048 = AXIS2_PLACEMENT_3D('',#4049,#4050,#4051);
#4049 = CARTESIAN_POINT('',(146.59777906494,-54.03212923059,0.));
#4050 = DIRECTION('',(0.,0.,1.));
#4051 = DIRECTION('',(-0.999958897481,9.066606207019E-03,0.));
#4052 = ORIENTED_EDGE('',*,*,#4053,.F.);
#4053 = EDGE_CURVE('',#4054,#4045,#4056,.T.);
#4054 = VERTEX_POINT('',#4055);
#4055 = CARTESIAN_POINT('',(146.09747,-54.028734,0.));
#4056 = LINE('',#4057,#4058);
#4057 = CARTESIAN_POINT('',(146.09747,-54.028734,0.));
#4058 = VECTOR('',#4059,1.);
#4059 = DIRECTION('',(0.927268715845,0.374396485847,0.));
#4060 = ORIENTED_EDGE('',*,*,#4061,.F.);
#4061 = EDGE_CURVE('',#4062,#4054,#4064,.T.);
#4062 = VERTEX_POINT('',#4063);
#4063 = CARTESIAN_POINT('',(146.09747,-41.028734,0.));
#4064 = LINE('',#4065,#4066);
#4065 = CARTESIAN_POINT('',(146.09747,-41.028734,0.));
#4066 = VECTOR('',#4067,1.);
#4067 = DIRECTION('',(0.,-1.,0.));
#4068 = ORIENTED_EDGE('',*,*,#4069,.F.);
#4069 = EDGE_CURVE('',#3970,#4062,#4070,.T.);
#4070 = LINE('',#4071,#4072);
#4071 = CARTESIAN_POINT('',(146.099413,-40.96316,0.));
#4072 = VECTOR('',#4073,1.);
#4073 = DIRECTION('',(-2.961764736554E-02,-0.999561301254,0.));
#4074 = FACE_BOUND('',#4075,.F.);
#4075 = EDGE_LOOP('',(#4076,#4087,#4095,#4103,#4112,#4120,#4128,#4137,
    #4145,#4153,#4162,#4170,#4178));
#4076 = ORIENTED_EDGE('',*,*,#4077,.F.);
#4077 = EDGE_CURVE('',#4078,#4080,#4082,.T.);
#4078 = VERTEX_POINT('',#4079);
#4079 = CARTESIAN_POINT('',(165.64747,-40.528734,0.));
#4080 = VERTEX_POINT('',#4081);
#4081 = CARTESIAN_POINT('',(165.149413,-40.96316,0.));
#4082 = CIRCLE('',#4083,0.497554635006);
#4083 = AXIS2_PLACEMENT_3D('',#4084,#4085,#4086);
#4084 = CARTESIAN_POINT('',(165.64294920228,-41.02626809652,0.));
#4085 = DIRECTION('',(0.,0.,1.));
#4086 = DIRECTION('',(9.086032757149E-03,0.999958721152,-0.));
#4087 = ORIENTED_EDGE('',*,*,#4088,.F.);
#4088 = EDGE_CURVE('',#4089,#4078,#4091,.T.);
#4089 = VERTEX_POINT('',#4090);
#4090 = CARTESIAN_POINT('',(178.64747,-40.528734,0.));
#4091 = LINE('',#4092,#4093);
#4092 = CARTESIAN_POINT('',(178.64747,-40.528734,0.));
#4093 = VECTOR('',#4094,1.);
#4094 = DIRECTION('',(-1.,0.,0.));
#4095 = ORIENTED_EDGE('',*,*,#4096,.F.);
#4096 = EDGE_CURVE('',#4097,#4089,#4099,.T.);
#4097 = VERTEX_POINT('',#4098);
#4098 = CARTESIAN_POINT('',(178.713041,-40.530678,0.));
#4099 = LINE('',#4100,#4101);
#4100 = CARTESIAN_POINT('',(178.713041,-40.530678,0.));
#4101 = VECTOR('',#4102,1.);
#4102 = DIRECTION('',(-0.999560809708,2.963423181093E-02,0.));
#4103 = ORIENTED_EDGE('',*,*,#4104,.F.);
#4104 = EDGE_CURVE('',#4105,#4097,#4107,.T.);
#4105 = VERTEX_POINT('',#4106);
#4106 = CARTESIAN_POINT('',(179.14747,-41.028734,0.));
#4107 = CIRCLE('',#4108,0.49762810037);
#4108 = AXIS2_PLACEMENT_3D('',#4109,#4110,#4111);
#4109 = CARTESIAN_POINT('',(178.64986184008,-41.02427917507,0.));
#4110 = DIRECTION('',(0.,0.,1.));
#4111 = DIRECTION('',(0.999959928999,-8.952116905798E-03,0.));
#4112 = ORIENTED_EDGE('',*,*,#4113,.F.);
#4113 = EDGE_CURVE('',#4114,#4105,#4116,.T.);
#4114 = VERTEX_POINT('',#4115);
#4115 = CARTESIAN_POINT('',(179.14747,-54.028734,0.));
#4116 = LINE('',#4117,#4118);
#4117 = CARTESIAN_POINT('',(179.14747,-54.028734,0.));
#4118 = VECTOR('',#4119,1.);
#4119 = DIRECTION('',(0.,1.,0.));
#4120 = ORIENTED_EDGE('',*,*,#4121,.F.);
#4121 = EDGE_CURVE('',#4122,#4114,#4124,.T.);
#4122 = VERTEX_POINT('',#4123);
#4123 = CARTESIAN_POINT('',(179.145327,-54.094274,0.));
#4124 = LINE('',#4125,#4126);
#4125 = CARTESIAN_POINT('',(179.145327,-54.094274,0.));
#4126 = VECTOR('',#4127,1.);
#4127 = DIRECTION('',(3.268012423627E-02,0.999465862088,0.));
#4128 = ORIENTED_EDGE('',*,*,#4129,.F.);
#4129 = EDGE_CURVE('',#4130,#4122,#4132,.T.);
#4130 = VERTEX_POINT('',#4131);
#4131 = CARTESIAN_POINT('',(178.64747,-54.528734,0.));
#4132 = CIRCLE('',#4133,0.497940142437);
#4133 = AXIS2_PLACEMENT_3D('',#4134,#4135,#4136);
#4134 = CARTESIAN_POINT('',(178.65144779014,-54.03080974608,0.));
#4135 = DIRECTION('',(0.,0.,1.));
#4136 = DIRECTION('',(-7.98849059914E-03,-0.9999680915,0.));
#4137 = ORIENTED_EDGE('',*,*,#4138,.F.);
#4138 = EDGE_CURVE('',#4139,#4130,#4141,.T.);
#4139 = VERTEX_POINT('',#4140);
#4140 = CARTESIAN_POINT('',(165.64747,-54.528734,0.));
#4141 = LINE('',#4142,#4143);
#4142 = CARTESIAN_POINT('',(165.64747,-54.528734,0.));
#4143 = VECTOR('',#4144,1.);
#4144 = DIRECTION('',(1.,0.,0.));
#4145 = ORIENTED_EDGE('',*,*,#4146,.F.);
#4146 = EDGE_CURVE('',#4147,#4139,#4149,.T.);
#4147 = VERTEX_POINT('',#4148);
#4148 = CARTESIAN_POINT('',(165.58466,-54.525675,0.));
#4149 = LINE('',#4150,#4151);
#4150 = CARTESIAN_POINT('',(165.58466,-54.525675,0.));
#4151 = VECTOR('',#4152,1.);
#4152 = DIRECTION('',(0.998816141971,-4.864477914807E-02,0.));
#4153 = ORIENTED_EDGE('',*,*,#4154,.F.);
#4154 = EDGE_CURVE('',#4155,#4147,#4157,.T.);
#4155 = VERTEX_POINT('',#4156);
#4156 = CARTESIAN_POINT('',(165.150234,-54.027618,0.));
#4157 = CIRCLE('',#4158,0.497565516144);
#4158 = AXIS2_PLACEMENT_3D('',#4159,#4160,#4161);
#4159 = CARTESIAN_POINT('',(165.64777906494,-54.03212923059,0.));
#4160 = DIRECTION('',(0.,0.,1.));
#4161 = DIRECTION('',(-0.999958897481,9.06660620712E-03,0.));
#4162 = ORIENTED_EDGE('',*,*,#4163,.F.);
#4163 = EDGE_CURVE('',#4164,#4155,#4166,.T.);
#4164 = VERTEX_POINT('',#4165);
#4165 = CARTESIAN_POINT('',(165.14747,-54.028734,0.));
#4166 = LINE('',#4167,#4168);
#4167 = CARTESIAN_POINT('',(165.14747,-54.028734,0.));
#4168 = VECTOR('',#4169,1.);
#4169 = DIRECTION('',(0.927268715845,0.374396485847,0.));
#4170 = ORIENTED_EDGE('',*,*,#4171,.F.);
#4171 = EDGE_CURVE('',#4172,#4164,#4174,.T.);
#4172 = VERTEX_POINT('',#4173);
#4173 = CARTESIAN_POINT('',(165.14747,-41.028734,0.));
#4174 = LINE('',#4175,#4176);
#4175 = CARTESIAN_POINT('',(165.14747,-41.028734,0.));
#4176 = VECTOR('',#4177,1.);
#4177 = DIRECTION('',(0.,-1.,0.));
#4178 = ORIENTED_EDGE('',*,*,#4179,.F.);
#4179 = EDGE_CURVE('',#4080,#4172,#4180,.T.);
#4180 = LINE('',#4181,#4182);
#4181 = CARTESIAN_POINT('',(165.149413,-40.96316,0.));
#4182 = VECTOR('',#4183,1.);
#4183 = DIRECTION('',(-2.961764736554E-02,-0.999561301254,0.));
#4184 = FACE_BOUND('',#4185,.F.);
#4185 = EDGE_LOOP('',(#4186,#4197,#4205,#4213,#4222,#4230,#4238,#4247,
    #4255,#4263,#4272,#4280,#4288));
#4186 = ORIENTED_EDGE('',*,*,#4187,.F.);
#4187 = EDGE_CURVE('',#4188,#4190,#4192,.T.);
#4188 = VERTEX_POINT('',#4189);
#4189 = CARTESIAN_POINT('',(189.45997,-40.528734,0.));
#4190 = VERTEX_POINT('',#4191);
#4191 = CARTESIAN_POINT('',(188.961913,-40.96316,0.));
#4192 = CIRCLE('',#4193,0.497554635006);
#4193 = AXIS2_PLACEMENT_3D('',#4194,#4195,#4196);
#4194 = CARTESIAN_POINT('',(189.45544920228,-41.02626809652,0.));
#4195 = DIRECTION('',(0.,0.,1.));
#4196 = DIRECTION('',(9.086032757149E-03,0.999958721152,-0.));
#4197 = ORIENTED_EDGE('',*,*,#4198,.F.);
#4198 = EDGE_CURVE('',#4199,#4188,#4201,.T.);
#4199 = VERTEX_POINT('',#4200);
#4200 = CARTESIAN_POINT('',(202.45997,-40.528734,0.));
#4201 = LINE('',#4202,#4203);
#4202 = CARTESIAN_POINT('',(202.45997,-40.528734,0.));
#4203 = VECTOR('',#4204,1.);
#4204 = DIRECTION('',(-1.,0.,0.));
#4205 = ORIENTED_EDGE('',*,*,#4206,.F.);
#4206 = EDGE_CURVE('',#4207,#4199,#4209,.T.);
#4207 = VERTEX_POINT('',#4208);
#4208 = CARTESIAN_POINT('',(202.525541,-40.530678,0.));
#4209 = LINE('',#4210,#4211);
#4210 = CARTESIAN_POINT('',(202.525541,-40.530678,0.));
#4211 = VECTOR('',#4212,1.);
#4212 = DIRECTION('',(-0.999560809708,2.963423181093E-02,0.));
#4213 = ORIENTED_EDGE('',*,*,#4214,.F.);
#4214 = EDGE_CURVE('',#4215,#4207,#4217,.T.);
#4215 = VERTEX_POINT('',#4216);
#4216 = CARTESIAN_POINT('',(202.95997,-41.028734,0.));
#4217 = CIRCLE('',#4218,0.49762810037);
#4218 = AXIS2_PLACEMENT_3D('',#4219,#4220,#4221);
#4219 = CARTESIAN_POINT('',(202.46236184008,-41.02427917507,0.));
#4220 = DIRECTION('',(0.,0.,1.));
#4221 = DIRECTION('',(0.999959928999,-8.952116905798E-03,0.));
#4222 = ORIENTED_EDGE('',*,*,#4223,.F.);
#4223 = EDGE_CURVE('',#4224,#4215,#4226,.T.);
#4224 = VERTEX_POINT('',#4225);
#4225 = CARTESIAN_POINT('',(202.95997,-54.028734,0.));
#4226 = LINE('',#4227,#4228);
#4227 = CARTESIAN_POINT('',(202.95997,-54.028734,0.));
#4228 = VECTOR('',#4229,1.);
#4229 = DIRECTION('',(0.,1.,0.));
#4230 = ORIENTED_EDGE('',*,*,#4231,.F.);
#4231 = EDGE_CURVE('',#4232,#4224,#4234,.T.);
#4232 = VERTEX_POINT('',#4233);
#4233 = CARTESIAN_POINT('',(202.957827,-54.094274,0.));
#4234 = LINE('',#4235,#4236);
#4235 = CARTESIAN_POINT('',(202.957827,-54.094274,0.));
#4236 = VECTOR('',#4237,1.);
#4237 = DIRECTION('',(3.268012423627E-02,0.999465862088,0.));
#4238 = ORIENTED_EDGE('',*,*,#4239,.F.);
#4239 = EDGE_CURVE('',#4240,#4232,#4242,.T.);
#4240 = VERTEX_POINT('',#4241);
#4241 = CARTESIAN_POINT('',(202.45997,-54.528734,0.));
#4242 = CIRCLE('',#4243,0.497940142437);
#4243 = AXIS2_PLACEMENT_3D('',#4244,#4245,#4246);
#4244 = CARTESIAN_POINT('',(202.46394779014,-54.03080974608,0.));
#4245 = DIRECTION('',(0.,0.,1.));
#4246 = DIRECTION('',(-7.98849059914E-03,-0.9999680915,0.));
#4247 = ORIENTED_EDGE('',*,*,#4248,.F.);
#4248 = EDGE_CURVE('',#4249,#4240,#4251,.T.);
#4249 = VERTEX_POINT('',#4250);
#4250 = CARTESIAN_POINT('',(189.45997,-54.528734,0.));
#4251 = LINE('',#4252,#4253);
#4252 = CARTESIAN_POINT('',(189.45997,-54.528734,0.));
#4253 = VECTOR('',#4254,1.);
#4254 = DIRECTION('',(1.,0.,0.));
#4255 = ORIENTED_EDGE('',*,*,#4256,.F.);
#4256 = EDGE_CURVE('',#4257,#4249,#4259,.T.);
#4257 = VERTEX_POINT('',#4258);
#4258 = CARTESIAN_POINT('',(189.39716,-54.525675,0.));
#4259 = LINE('',#4260,#4261);
#4260 = CARTESIAN_POINT('',(189.39716,-54.525675,0.));
#4261 = VECTOR('',#4262,1.);
#4262 = DIRECTION('',(0.998816141971,-4.864477914807E-02,0.));
#4263 = ORIENTED_EDGE('',*,*,#4264,.F.);
#4264 = EDGE_CURVE('',#4265,#4257,#4267,.T.);
#4265 = VERTEX_POINT('',#4266);
#4266 = CARTESIAN_POINT('',(188.962734,-54.027618,0.));
#4267 = CIRCLE('',#4268,0.497565516144);
#4268 = AXIS2_PLACEMENT_3D('',#4269,#4270,#4271);
#4269 = CARTESIAN_POINT('',(189.46027906494,-54.03212923059,0.));
#4270 = DIRECTION('',(0.,0.,1.));
#4271 = DIRECTION('',(-0.999958897481,9.06660620712E-03,0.));
#4272 = ORIENTED_EDGE('',*,*,#4273,.F.);
#4273 = EDGE_CURVE('',#4274,#4265,#4276,.T.);
#4274 = VERTEX_POINT('',#4275);
#4275 = CARTESIAN_POINT('',(188.95997,-54.028734,0.));
#4276 = LINE('',#4277,#4278);
#4277 = CARTESIAN_POINT('',(188.95997,-54.028734,0.));
#4278 = VECTOR('',#4279,1.);
#4279 = DIRECTION('',(0.927268715845,0.374396485847,0.));
#4280 = ORIENTED_EDGE('',*,*,#4281,.F.);
#4281 = EDGE_CURVE('',#4282,#4274,#4284,.T.);
#4282 = VERTEX_POINT('',#4283);
#4283 = CARTESIAN_POINT('',(188.95997,-41.028734,0.));
#4284 = LINE('',#4285,#4286);
#4285 = CARTESIAN_POINT('',(188.95997,-41.028734,0.));
#4286 = VECTOR('',#4287,1.);
#4287 = DIRECTION('',(0.,-1.,0.));
#4288 = ORIENTED_EDGE('',*,*,#4289,.F.);
#4289 = EDGE_CURVE('',#4190,#4282,#4290,.T.);
#4290 = LINE('',#4291,#4292);
#4291 = CARTESIAN_POINT('',(188.961913,-40.96316,0.));
#4292 = VECTOR('',#4293,1.);
#4293 = DIRECTION('',(-2.961764736554E-02,-0.999561301254,0.));
#4294 = FACE_BOUND('',#4295,.F.);
#4295 = EDGE_LOOP('',(#4296,#4307,#4315,#4323,#4332,#4340,#4348,#4357,
    #4365,#4373,#4382,#4390,#4398));
#4296 = ORIENTED_EDGE('',*,*,#4297,.F.);
#4297 = EDGE_CURVE('',#4298,#4300,#4302,.T.);
#4298 = VERTEX_POINT('',#4299);
#4299 = CARTESIAN_POINT('',(208.50997,-40.528734,0.));
#4300 = VERTEX_POINT('',#4301);
#4301 = CARTESIAN_POINT('',(208.011913,-40.96316,0.));
#4302 = CIRCLE('',#4303,0.497554635006);
#4303 = AXIS2_PLACEMENT_3D('',#4304,#4305,#4306);
#4304 = CARTESIAN_POINT('',(208.50544920228,-41.02626809652,0.));
#4305 = DIRECTION('',(0.,0.,1.));
#4306 = DIRECTION('',(9.086032757206E-03,0.999958721152,-0.));
#4307 = ORIENTED_EDGE('',*,*,#4308,.F.);
#4308 = EDGE_CURVE('',#4309,#4298,#4311,.T.);
#4309 = VERTEX_POINT('',#4310);
#4310 = CARTESIAN_POINT('',(221.50997,-40.528734,0.));
#4311 = LINE('',#4312,#4313);
#4312 = CARTESIAN_POINT('',(221.50997,-40.528734,0.));
#4313 = VECTOR('',#4314,1.);
#4314 = DIRECTION('',(-1.,0.,0.));
#4315 = ORIENTED_EDGE('',*,*,#4316,.F.);
#4316 = EDGE_CURVE('',#4317,#4309,#4319,.T.);
#4317 = VERTEX_POINT('',#4318);
#4318 = CARTESIAN_POINT('',(221.575541,-40.530678,0.));
#4319 = LINE('',#4320,#4321);
#4320 = CARTESIAN_POINT('',(221.575541,-40.530678,0.));
#4321 = VECTOR('',#4322,1.);
#4322 = DIRECTION('',(-0.999560809708,2.963423181095E-02,0.));
#4323 = ORIENTED_EDGE('',*,*,#4324,.F.);
#4324 = EDGE_CURVE('',#4325,#4317,#4327,.T.);
#4325 = VERTEX_POINT('',#4326);
#4326 = CARTESIAN_POINT('',(222.00997,-41.028734,0.));
#4327 = CIRCLE('',#4328,0.49762810037);
#4328 = AXIS2_PLACEMENT_3D('',#4329,#4330,#4331);
#4329 = CARTESIAN_POINT('',(221.51236184008,-41.02427917507,0.));
#4330 = DIRECTION('',(0.,0.,1.));
#4331 = DIRECTION('',(0.999959928999,-8.952116905813E-03,0.));
#4332 = ORIENTED_EDGE('',*,*,#4333,.F.);
#4333 = EDGE_CURVE('',#4334,#4325,#4336,.T.);
#4334 = VERTEX_POINT('',#4335);
#4335 = CARTESIAN_POINT('',(222.00997,-54.028734,0.));
#4336 = LINE('',#4337,#4338);
#4337 = CARTESIAN_POINT('',(222.00997,-54.028734,0.));
#4338 = VECTOR('',#4339,1.);
#4339 = DIRECTION('',(0.,1.,0.));
#4340 = ORIENTED_EDGE('',*,*,#4341,.F.);
#4341 = EDGE_CURVE('',#4342,#4334,#4344,.T.);
#4342 = VERTEX_POINT('',#4343);
#4343 = CARTESIAN_POINT('',(222.007827,-54.094274,0.));
#4344 = LINE('',#4345,#4346);
#4345 = CARTESIAN_POINT('',(222.007827,-54.094274,0.));
#4346 = VECTOR('',#4347,1.);
#4347 = DIRECTION('',(3.26801242367E-02,0.999465862088,0.));
#4348 = ORIENTED_EDGE('',*,*,#4349,.F.);
#4349 = EDGE_CURVE('',#4350,#4342,#4352,.T.);
#4350 = VERTEX_POINT('',#4351);
#4351 = CARTESIAN_POINT('',(221.50997,-54.528734,0.));
#4352 = CIRCLE('',#4353,0.497940142437);
#4353 = AXIS2_PLACEMENT_3D('',#4354,#4355,#4356);
#4354 = CARTESIAN_POINT('',(221.51394779014,-54.03080974608,0.));
#4355 = DIRECTION('',(0.,0.,1.));
#4356 = DIRECTION('',(-7.988490599025E-03,-0.9999680915,0.));
#4357 = ORIENTED_EDGE('',*,*,#4358,.F.);
#4358 = EDGE_CURVE('',#4359,#4350,#4361,.T.);
#4359 = VERTEX_POINT('',#4360);
#4360 = CARTESIAN_POINT('',(208.50997,-54.528734,0.));
#4361 = LINE('',#4362,#4363);
#4362 = CARTESIAN_POINT('',(208.50997,-54.528734,0.));
#4363 = VECTOR('',#4364,1.);
#4364 = DIRECTION('',(1.,0.,0.));
#4365 = ORIENTED_EDGE('',*,*,#4366,.F.);
#4366 = EDGE_CURVE('',#4367,#4359,#4369,.T.);
#4367 = VERTEX_POINT('',#4368);
#4368 = CARTESIAN_POINT('',(208.44716,-54.525675,0.));
#4369 = LINE('',#4370,#4371);
#4370 = CARTESIAN_POINT('',(208.44716,-54.525675,0.));
#4371 = VECTOR('',#4372,1.);
#4372 = DIRECTION('',(0.998816141971,-4.864477914805E-02,0.));
#4373 = ORIENTED_EDGE('',*,*,#4374,.F.);
#4374 = EDGE_CURVE('',#4375,#4367,#4377,.T.);
#4375 = VERTEX_POINT('',#4376);
#4376 = CARTESIAN_POINT('',(208.012734,-54.027618,0.));
#4377 = CIRCLE('',#4378,0.497565516144);
#4378 = AXIS2_PLACEMENT_3D('',#4379,#4380,#4381);
#4379 = CARTESIAN_POINT('',(208.51027906494,-54.03212923059,0.));
#4380 = DIRECTION('',(0.,0.,1.));
#4381 = DIRECTION('',(-0.999958897481,9.06660620699E-03,0.));
#4382 = ORIENTED_EDGE('',*,*,#4383,.F.);
#4383 = EDGE_CURVE('',#4384,#4375,#4386,.T.);
#4384 = VERTEX_POINT('',#4385);
#4385 = CARTESIAN_POINT('',(208.00997,-54.028734,0.));
#4386 = LINE('',#4387,#4388);
#4387 = CARTESIAN_POINT('',(208.00997,-54.028734,0.));
#4388 = VECTOR('',#4389,1.);
#4389 = DIRECTION('',(0.927268715844,0.37439648585,0.));
#4390 = ORIENTED_EDGE('',*,*,#4391,.F.);
#4391 = EDGE_CURVE('',#4392,#4384,#4394,.T.);
#4392 = VERTEX_POINT('',#4393);
#4393 = CARTESIAN_POINT('',(208.00997,-41.028734,0.));
#4394 = LINE('',#4395,#4396);
#4395 = CARTESIAN_POINT('',(208.00997,-41.028734,0.));
#4396 = VECTOR('',#4397,1.);
#4397 = DIRECTION('',(0.,-1.,0.));
#4398 = ORIENTED_EDGE('',*,*,#4399,.F.);
#4399 = EDGE_CURVE('',#4300,#4392,#4400,.T.);
#4400 = LINE('',#4401,#4402);
#4401 = CARTESIAN_POINT('',(208.011913,-40.96316,0.));
#4402 = VECTOR('',#4403,1.);
#4403 = DIRECTION('',(-2.961764736511E-02,-0.999561301254,0.));
#4404 = FACE_BOUND('',#4405,.F.);
#4405 = EDGE_LOOP('',(#4406,#4417,#4425,#4433,#4442,#4450,#4458,#4467,
    #4475,#4483,#4492,#4500,#4508));
#4406 = ORIENTED_EDGE('',*,*,#4407,.F.);
#4407 = EDGE_CURVE('',#4408,#4410,#4412,.T.);
#4408 = VERTEX_POINT('',#4409);
#4409 = CARTESIAN_POINT('',(227.55997,-40.528734,0.));
#4410 = VERTEX_POINT('',#4411);
#4411 = CARTESIAN_POINT('',(227.061913,-40.96316,0.));
#4412 = CIRCLE('',#4413,0.497554635006);
#4413 = AXIS2_PLACEMENT_3D('',#4414,#4415,#4416);
#4414 = CARTESIAN_POINT('',(227.55544920228,-41.02626809652,0.));
#4415 = DIRECTION('',(0.,0.,1.));
#4416 = DIRECTION('',(9.086032757207E-03,0.999958721152,-0.));
#4417 = ORIENTED_EDGE('',*,*,#4418,.F.);
#4418 = EDGE_CURVE('',#4419,#4408,#4421,.T.);
#4419 = VERTEX_POINT('',#4420);
#4420 = CARTESIAN_POINT('',(240.55997,-40.528734,0.));
#4421 = LINE('',#4422,#4423);
#4422 = CARTESIAN_POINT('',(240.55997,-40.528734,0.));
#4423 = VECTOR('',#4424,1.);
#4424 = DIRECTION('',(-1.,0.,0.));
#4425 = ORIENTED_EDGE('',*,*,#4426,.F.);
#4426 = EDGE_CURVE('',#4427,#4419,#4429,.T.);
#4427 = VERTEX_POINT('',#4428);
#4428 = CARTESIAN_POINT('',(240.625541,-40.530678,0.));
#4429 = LINE('',#4430,#4431);
#4430 = CARTESIAN_POINT('',(240.625541,-40.530678,0.));
#4431 = VECTOR('',#4432,1.);
#4432 = DIRECTION('',(-0.999560809708,2.963423181093E-02,0.));
#4433 = ORIENTED_EDGE('',*,*,#4434,.F.);
#4434 = EDGE_CURVE('',#4435,#4427,#4437,.T.);
#4435 = VERTEX_POINT('',#4436);
#4436 = CARTESIAN_POINT('',(241.05997,-41.028734,0.));
#4437 = CIRCLE('',#4438,0.49762810037);
#4438 = AXIS2_PLACEMENT_3D('',#4439,#4440,#4441);
#4439 = CARTESIAN_POINT('',(240.56236184008,-41.02427917507,0.));
#4440 = DIRECTION('',(0.,0.,1.));
#4441 = DIRECTION('',(0.999959928999,-8.952116905928E-03,0.));
#4442 = ORIENTED_EDGE('',*,*,#4443,.F.);
#4443 = EDGE_CURVE('',#4444,#4435,#4446,.T.);
#4444 = VERTEX_POINT('',#4445);
#4445 = CARTESIAN_POINT('',(241.05997,-54.028734,0.));
#4446 = LINE('',#4447,#4448);
#4447 = CARTESIAN_POINT('',(241.05997,-54.028734,0.));
#4448 = VECTOR('',#4449,1.);
#4449 = DIRECTION('',(0.,1.,0.));
#4450 = ORIENTED_EDGE('',*,*,#4451,.F.);
#4451 = EDGE_CURVE('',#4452,#4444,#4454,.T.);
#4452 = VERTEX_POINT('',#4453);
#4453 = CARTESIAN_POINT('',(241.057827,-54.094274,0.));
#4454 = LINE('',#4455,#4456);
#4455 = CARTESIAN_POINT('',(241.057827,-54.094274,0.));
#4456 = VECTOR('',#4457,1.);
#4457 = DIRECTION('',(3.268012423627E-02,0.999465862088,0.));
#4458 = ORIENTED_EDGE('',*,*,#4459,.F.);
#4459 = EDGE_CURVE('',#4460,#4452,#4462,.T.);
#4460 = VERTEX_POINT('',#4461);
#4461 = CARTESIAN_POINT('',(240.55997,-54.528734,0.));
#4462 = CIRCLE('',#4463,0.497940142437);
#4463 = AXIS2_PLACEMENT_3D('',#4464,#4465,#4466);
#4464 = CARTESIAN_POINT('',(240.56394779014,-54.03080974608,0.));
#4465 = DIRECTION('',(0.,0.,1.));
#4466 = DIRECTION('',(-7.988490599025E-03,-0.9999680915,0.));
#4467 = ORIENTED_EDGE('',*,*,#4468,.F.);
#4468 = EDGE_CURVE('',#4469,#4460,#4471,.T.);
#4469 = VERTEX_POINT('',#4470);
#4470 = CARTESIAN_POINT('',(227.55997,-54.528734,0.));
#4471 = LINE('',#4472,#4473);
#4472 = CARTESIAN_POINT('',(227.55997,-54.528734,0.));
#4473 = VECTOR('',#4474,1.);
#4474 = DIRECTION('',(1.,0.,0.));
#4475 = ORIENTED_EDGE('',*,*,#4476,.F.);
#4476 = EDGE_CURVE('',#4477,#4469,#4479,.T.);
#4477 = VERTEX_POINT('',#4478);
#4478 = CARTESIAN_POINT('',(227.49716,-54.525675,0.));
#4479 = LINE('',#4480,#4481);
#4480 = CARTESIAN_POINT('',(227.49716,-54.525675,0.));
#4481 = VECTOR('',#4482,1.);
#4482 = DIRECTION('',(0.998816141971,-4.864477914807E-02,0.));
#4483 = ORIENTED_EDGE('',*,*,#4484,.F.);
#4484 = EDGE_CURVE('',#4485,#4477,#4487,.T.);
#4485 = VERTEX_POINT('',#4486);
#4486 = CARTESIAN_POINT('',(227.062734,-54.027618,0.));
#4487 = CIRCLE('',#4488,0.497565516144);
#4488 = AXIS2_PLACEMENT_3D('',#4489,#4490,#4491);
#4489 = CARTESIAN_POINT('',(227.56027906494,-54.03212923059,0.));
#4490 = DIRECTION('',(0.,0.,1.));
#4491 = DIRECTION('',(-0.999958897481,9.066606207105E-03,0.));
#4492 = ORIENTED_EDGE('',*,*,#4493,.F.);
#4493 = EDGE_CURVE('',#4494,#4485,#4496,.T.);
#4494 = VERTEX_POINT('',#4495);
#4495 = CARTESIAN_POINT('',(227.05997,-54.028734,0.));
#4496 = LINE('',#4497,#4498);
#4497 = CARTESIAN_POINT('',(227.05997,-54.028734,0.));
#4498 = VECTOR('',#4499,1.);
#4499 = DIRECTION('',(0.927268715845,0.374396485847,0.));
#4500 = ORIENTED_EDGE('',*,*,#4501,.F.);
#4501 = EDGE_CURVE('',#4502,#4494,#4504,.T.);
#4502 = VERTEX_POINT('',#4503);
#4503 = CARTESIAN_POINT('',(227.05997,-41.028734,0.));
#4504 = LINE('',#4505,#4506);
#4505 = CARTESIAN_POINT('',(227.05997,-41.028734,0.));
#4506 = VECTOR('',#4507,1.);
#4507 = DIRECTION('',(0.,-1.,0.));
#4508 = ORIENTED_EDGE('',*,*,#4509,.F.);
#4509 = EDGE_CURVE('',#4410,#4502,#4510,.T.);
#4510 = LINE('',#4511,#4512);
#4511 = CARTESIAN_POINT('',(227.061913,-40.96316,0.));
#4512 = VECTOR('',#4513,1.);
#4513 = DIRECTION('',(-2.961764736554E-02,-0.999561301254,0.));
#4514 = FACE_BOUND('',#4515,.F.);
#4515 = EDGE_LOOP('',(#4516));
#4516 = ORIENTED_EDGE('',*,*,#4517,.T.);
#4517 = EDGE_CURVE('',#4518,#4518,#4520,.T.);
#4518 = VERTEX_POINT('',#4519);
#4519 = CARTESIAN_POINT('',(195.95997,-37.119359,0.));
#4520 = CIRCLE('',#4521,1.1);
#4521 = AXIS2_PLACEMENT_3D('',#4522,#4523,#4524);
#4522 = CARTESIAN_POINT('',(195.95997,-36.019359,0.));
#4523 = DIRECTION('',(-0.,0.,-1.));
#4524 = DIRECTION('',(-0.,-1.,0.));
#4525 = PLANE('',#4526);
#4526 = AXIS2_PLACEMENT_3D('',#4527,#4528,#4529);
#4527 = CARTESIAN_POINT('',(0.,0.,0.));
#4528 = DIRECTION('',(0.,0.,1.));
#4529 = DIRECTION('',(1.,0.,-0.));
#4530 = ADVANCED_FACE('',(#4531,#4917,#4928,#5038,#5148,#5258,#5368,
    #5478,#5588,#5698,#6031,#6042,#6152,#6262,#6372,#6482,#6592,#6702,
    #6812,#6922,#7032,#7142,#7252,#7362,#7464,#7475,#7585,#7695,#7805,
    #7915,#8025,#8135,#8245,#8355,#8465,#8575,#8685,#8795,#8905),#8916,
  .T.);
#4531 = FACE_BOUND('',#4532,.T.);
#4532 = EDGE_LOOP('',(#4533,#4534,#4535,#4543,#4552,#4560,#4568,#4577,
    #4585,#4593,#4602,#4610,#4618,#4627,#4635,#4643,#4651,#4660,#4668,
    #4676,#4685,#4693,#4701,#4710,#4718,#4726,#4735,#4743,#4751,#4760,
    #4768,#4776,#4785,#4793,#4801,#4810,#4818,#4826,#4835,#4843,#4851,
    #4860,#4868,#4876,#4885,#4893,#4901,#4910,#4916));
#4533 = ORIENTED_EDGE('',*,*,#49,.F.);
#4534 = ORIENTED_EDGE('',*,*,#91,.F.);
#4535 = ORIENTED_EDGE('',*,*,#4536,.F.);
#4536 = EDGE_CURVE('',#4537,#84,#4539,.T.);
#4537 = VERTEX_POINT('',#4538);
#4538 = CARTESIAN_POINT('',(191.442019,-37.143118,1.6));
#4539 = LINE('',#4540,#4541);
#4540 = CARTESIAN_POINT('',(191.442019,-37.143118,1.6));
#4541 = VECTOR('',#4542,1.);
#4542 = DIRECTION('',(0.66728821806,0.744799593205,0.));
#4543 = ORIENTED_EDGE('',*,*,#4544,.F.);
#4544 = EDGE_CURVE('',#4545,#4537,#4547,.T.);
#4545 = VERTEX_POINT('',#4546);
#4546 = CARTESIAN_POINT('',(188.02247,-38.797484,1.6));
#4547 = CIRCLE('',#4548,5.412647198864);
#4548 = AXIS2_PLACEMENT_3D('',#4549,#4550,#4551);
#4549 = CARTESIAN_POINT('',(187.52490068686,-33.40775539106,1.6));
#4550 = DIRECTION('',(0.,0.,1.));
#4551 = DIRECTION('',(9.192716518507E-02,-0.995765733645,0.));
#4552 = ORIENTED_EDGE('',*,*,#4553,.F.);
#4553 = EDGE_CURVE('',#4554,#4545,#4556,.T.);
#4554 = VERTEX_POINT('',#4555);
#4555 = CARTESIAN_POINT('',(99.122595,-38.797484,1.6));
#4556 = LINE('',#4557,#4558);
#4557 = CARTESIAN_POINT('',(99.122595,-38.797484,1.6));
#4558 = VECTOR('',#4559,1.);
#4559 = DIRECTION('',(1.,0.,0.));
#4560 = ORIENTED_EDGE('',*,*,#4561,.F.);
#4561 = EDGE_CURVE('',#4562,#4554,#4564,.T.);
#4562 = VERTEX_POINT('',#4563);
#4563 = CARTESIAN_POINT('',(98.895558,-38.773735,1.6));
#4564 = LINE('',#4565,#4566);
#4565 = CARTESIAN_POINT('',(98.895558,-38.773735,1.6));
#4566 = VECTOR('',#4567,1.);
#4567 = DIRECTION('',(0.994573484002,-0.104036459571,0.));
#4568 = ORIENTED_EDGE('',*,*,#4569,.F.);
#4569 = EDGE_CURVE('',#4570,#4562,#4572,.T.);
#4570 = VERTEX_POINT('',#4571);
#4571 = CARTESIAN_POINT('',(95.55072,-36.973098,1.6));
#4572 = CIRCLE('',#4573,5.412912842608);
#4573 = AXIS2_PLACEMENT_3D('',#4574,#4575,#4576);
#4574 = CARTESIAN_POINT('',(99.625780592365,-33.41030322479,1.6));
#4575 = DIRECTION('',(0.,0.,1.));
#4576 = DIRECTION('',(-0.752840607425,-0.658202871319,0.));
#4577 = ORIENTED_EDGE('',*,*,#4578,.F.);
#4578 = EDGE_CURVE('',#4579,#4570,#4581,.T.);
#4579 = VERTEX_POINT('',#4580);
#4580 = CARTESIAN_POINT('',(92.982022,-34.382421,1.6));
#4581 = LINE('',#4582,#4583);
#4582 = CARTESIAN_POINT('',(92.982022,-34.382421,1.6));
#4583 = VECTOR('',#4584,1.);
#4584 = DIRECTION('',(0.704088108971,-0.710112621213,0.));
#4585 = ORIENTED_EDGE('',*,*,#4586,.F.);
#4586 = EDGE_CURVE('',#4587,#4579,#4589,.T.);
#4587 = VERTEX_POINT('',#4588);
#4588 = CARTESIAN_POINT('',(92.871849,-34.275396,1.6));
#4589 = LINE('',#4590,#4591);
#4590 = CARTESIAN_POINT('',(92.871849,-34.275396,1.6));
#4591 = VECTOR('',#4592,1.);
#4592 = DIRECTION('',(0.717280031634,-0.696785014347,0.));
#4593 = ORIENTED_EDGE('',*,*,#4594,.F.);
#4594 = EDGE_CURVE('',#4595,#4587,#4597,.T.);
#4595 = VERTEX_POINT('',#4596);
#4596 = CARTESIAN_POINT('',(89.388168,-34.382421,1.6));
#4597 = CIRCLE('',#4598,2.539217992294);
#4598 = AXIS2_PLACEMENT_3D('',#4599,#4600,#4601);
#4599 = CARTESIAN_POINT('',(91.186719503908,-36.17486081772,1.6));
#4600 = DIRECTION('',(0.,0.,-1.));
#4601 = DIRECTION('',(-0.708309215422,0.705902298727,0.));
#4602 = ORIENTED_EDGE('',*,*,#4603,.F.);
#4603 = EDGE_CURVE('',#4604,#4595,#4606,.T.);
#4604 = VERTEX_POINT('',#4605);
#4605 = CARTESIAN_POINT('',(86.81947,-36.973098,1.6));
#4606 = LINE('',#4607,#4608);
#4607 = CARTESIAN_POINT('',(86.81947,-36.973098,1.6));
#4608 = VECTOR('',#4609,1.);
#4609 = DIRECTION('',(0.704088108971,0.710112621213,0.));
#4610 = ORIENTED_EDGE('',*,*,#4611,.F.);
#4611 = EDGE_CURVE('',#4612,#4604,#4614,.T.);
#4612 = VERTEX_POINT('',#4613);
#4613 = CARTESIAN_POINT('',(86.66714,-37.143113,1.6));
#4614 = LINE('',#4615,#4616);
#4615 = CARTESIAN_POINT('',(86.66714,-37.143113,1.6));
#4616 = VECTOR('',#4617,1.);
#4617 = DIRECTION('',(0.667308824018,0.744781131198,0.));
#4618 = ORIENTED_EDGE('',*,*,#4619,.F.);
#4619 = EDGE_CURVE('',#4620,#4612,#4622,.T.);
#4620 = VERTEX_POINT('',#4621);
#4621 = CARTESIAN_POINT('',(83.247595,-38.797484,1.6));
#4622 = CIRCLE('',#4623,5.413091647998);
#4623 = AXIS2_PLACEMENT_3D('',#4624,#4625,#4626);
#4624 = CARTESIAN_POINT('',(82.74980936778,-33.40732902505,1.6));
#4625 = DIRECTION('',(0.,0.,1.));
#4626 = DIRECTION('',(9.195957958783E-02,-0.995762740678,0.));
#4627 = ORIENTED_EDGE('',*,*,#4628,.F.);
#4628 = EDGE_CURVE('',#4629,#4620,#4631,.T.);
#4629 = VERTEX_POINT('',#4630);
#4630 = CARTESIAN_POINT('',(46.73522,-38.797484,1.6));
#4631 = LINE('',#4632,#4633);
#4632 = CARTESIAN_POINT('',(46.73522,-38.797484,1.6));
#4633 = VECTOR('',#4634,1.);
#4634 = DIRECTION('',(1.,0.,0.));
#4635 = ORIENTED_EDGE('',*,*,#4636,.F.);
#4636 = EDGE_CURVE('',#4637,#4629,#4639,.T.);
#4637 = VERTEX_POINT('',#4638);
#4638 = CARTESIAN_POINT('',(46.73497,-38.797484,1.6));
#4639 = LINE('',#4640,#4641);
#4640 = CARTESIAN_POINT('',(46.73497,-38.797484,1.6));
#4641 = VECTOR('',#4642,1.);
#4642 = DIRECTION('',(1.,0.,0.));
#4643 = ORIENTED_EDGE('',*,*,#4644,.F.);
#4644 = EDGE_CURVE('',#4645,#4637,#4647,.T.);
#4645 = VERTEX_POINT('',#4646);
#4646 = CARTESIAN_POINT('',(46.579052,-38.799919,1.6));
#4647 = LINE('',#4648,#4649);
#4648 = CARTESIAN_POINT('',(46.579052,-38.799919,1.6));
#4649 = VECTOR('',#4650,1.);
#4650 = DIRECTION('',(0.999878074094,1.561527925207E-02,0.));
#4651 = ORIENTED_EDGE('',*,*,#4652,.F.);
#4652 = EDGE_CURVE('',#4653,#4645,#4655,.T.);
#4653 = VERTEX_POINT('',#4654);
#4654 = CARTESIAN_POINT('',(44.35372,-41.178734,1.6));
#4655 = CIRCLE('',#4656,2.378891018556);
#4656 = AXIS2_PLACEMENT_3D('',#4657,#4658,#4659);
#4657 = CARTESIAN_POINT('',(46.732606002932,-41.1738490003,1.6));
#4658 = DIRECTION('',(0.,0.,-1.));
#4659 = DIRECTION('',(-0.999997891612,-2.053477715511E-03,-0.));
#4660 = ORIENTED_EDGE('',*,*,#4661,.F.);
#4661 = EDGE_CURVE('',#4662,#4653,#4664,.T.);
#4662 = VERTEX_POINT('',#4663);
#4663 = CARTESIAN_POINT('',(44.35372,-120.553734,1.6));
#4664 = LINE('',#4665,#4666);
#4665 = CARTESIAN_POINT('',(44.35372,-120.553734,1.6));
#4666 = VECTOR('',#4667,1.);
#4667 = DIRECTION('',(0.,1.,0.));
#4668 = ORIENTED_EDGE('',*,*,#4669,.F.);
#4669 = EDGE_CURVE('',#4670,#4662,#4672,.T.);
#4670 = VERTEX_POINT('',#4671);
#4671 = CARTESIAN_POINT('',(44.356274,-120.709641,1.6));
#4672 = LINE('',#4673,#4674);
#4673 = CARTESIAN_POINT('',(44.356274,-120.709641,1.6));
#4674 = VECTOR('',#4675,1.);
#4675 = DIRECTION('',(-1.637936320329E-02,0.999865849232,0.));
#4676 = ORIENTED_EDGE('',*,*,#4677,.F.);
#4677 = EDGE_CURVE('',#4678,#4670,#4680,.T.);
#4678 = VERTEX_POINT('',#4679);
#4679 = CARTESIAN_POINT('',(46.73497,-122.934984,1.6));
#4680 = CIRCLE('',#4681,2.379162012161);
#4681 = AXIS2_PLACEMENT_3D('',#4682,#4683,#4684);
#4682 = CARTESIAN_POINT('',(46.730458682665,-120.5558262649,1.6));
#4683 = DIRECTION('',(0.,0.,-1.));
#4684 = DIRECTION('',(1.896179121982E-03,-0.999998202251,0.));
#4685 = ORIENTED_EDGE('',*,*,#4686,.F.);
#4686 = EDGE_CURVE('',#4687,#4678,#4689,.T.);
#4687 = VERTEX_POINT('',#4688);
#4688 = CARTESIAN_POINT('',(83.247345,-122.934984,1.6));
#4689 = LINE('',#4690,#4691);
#4690 = CARTESIAN_POINT('',(83.247345,-122.934984,1.6));
#4691 = VECTOR('',#4692,1.);
#4692 = DIRECTION('',(-1.,0.,0.));
#4693 = ORIENTED_EDGE('',*,*,#4694,.F.);
#4694 = EDGE_CURVE('',#4695,#4687,#4697,.T.);
#4695 = VERTEX_POINT('',#4696);
#4696 = CARTESIAN_POINT('',(83.474381,-122.958735,1.6));
#4697 = LINE('',#4698,#4699);
#4698 = CARTESIAN_POINT('',(83.474381,-122.958735,1.6));
#4699 = VECTOR('',#4700,1.);
#4700 = DIRECTION('',(-0.994572529991,0.104045579379,0.));
#4701 = ORIENTED_EDGE('',*,*,#4702,.F.);
#4702 = EDGE_CURVE('',#4703,#4695,#4705,.T.);
#4703 = VERTEX_POINT('',#4704);
#4704 = CARTESIAN_POINT('',(86.81922,-124.75937,1.6));
#4705 = CIRCLE('',#4706,5.413074746455);
#4706 = AXIS2_PLACEMENT_3D('',#4707,#4708,#4709);
#4707 = CARTESIAN_POINT('',(82.744079572353,-128.3223194391,1.6));
#4708 = DIRECTION('',(0.,0.,1.));
#4709 = DIRECTION('',(0.752832838733,0.658211756903,-0.));
#4710 = ORIENTED_EDGE('',*,*,#4711,.F.);
#4711 = EDGE_CURVE('',#4712,#4703,#4714,.T.);
#4712 = VERTEX_POINT('',#4713);
#4713 = CARTESIAN_POINT('',(89.387918,-127.350047,1.6));
#4714 = LINE('',#4715,#4716);
#4715 = CARTESIAN_POINT('',(89.387918,-127.350047,1.6));
#4716 = VECTOR('',#4717,1.);
#4717 = DIRECTION('',(-0.704088108971,0.710112621213,0.));
#4718 = ORIENTED_EDGE('',*,*,#4719,.F.);
#4719 = EDGE_CURVE('',#4720,#4712,#4722,.T.);
#4720 = VERTEX_POINT('',#4721);
#4721 = CARTESIAN_POINT('',(89.498091,-127.457072,1.6));
#4722 = LINE('',#4723,#4724);
#4723 = CARTESIAN_POINT('',(89.498091,-127.457072,1.6));
#4724 = VECTOR('',#4725,1.);
#4725 = DIRECTION('',(-0.717280031634,0.696785014347,0.));
#4726 = ORIENTED_EDGE('',*,*,#4727,.F.);
#4727 = EDGE_CURVE('',#4728,#4720,#4730,.T.);
#4728 = VERTEX_POINT('',#4729);
#4729 = CARTESIAN_POINT('',(92.981772,-127.350047,1.6));
#4730 = CIRCLE('',#4731,2.539217992294);
#4731 = AXIS2_PLACEMENT_3D('',#4732,#4733,#4734);
#4732 = CARTESIAN_POINT('',(91.183220496092,-125.5576071822,1.6));
#4733 = DIRECTION('',(-0.,0.,-1.));
#4734 = DIRECTION('',(0.708309215422,-0.705902298727,-0.));
#4735 = ORIENTED_EDGE('',*,*,#4736,.F.);
#4736 = EDGE_CURVE('',#4737,#4728,#4739,.T.);
#4737 = VERTEX_POINT('',#4738);
#4738 = CARTESIAN_POINT('',(95.55047,-124.75937,1.6));
#4739 = LINE('',#4740,#4741);
#4740 = CARTESIAN_POINT('',(95.55047,-124.75937,1.6));
#4741 = VECTOR('',#4742,1.);
#4742 = DIRECTION('',(-0.704088108971,-0.710112621213,0.));
#4743 = ORIENTED_EDGE('',*,*,#4744,.F.);
#4744 = EDGE_CURVE('',#4745,#4737,#4747,.T.);
#4745 = VERTEX_POINT('',#4746);
#4746 = CARTESIAN_POINT('',(95.702801,-124.589357,1.6));
#4747 = LINE('',#4748,#4749);
#4748 = CARTESIAN_POINT('',(95.702801,-124.589357,1.6));
#4749 = VECTOR('',#4750,1.);
#4750 = DIRECTION('',(-0.667315608359,-0.74477505251,0.));
#4751 = ORIENTED_EDGE('',*,*,#4752,.F.);
#4752 = EDGE_CURVE('',#4753,#4745,#4755,.T.);
#4753 = VERTEX_POINT('',#4754);
#4754 = CARTESIAN_POINT('',(99.122345,-122.934984,1.6));
#4755 = CIRCLE('',#4756,5.41337876892);
#4756 = AXIS2_PLACEMENT_3D('',#4757,#4758,#4759);
#4757 = CARTESIAN_POINT('',(99.620267353585,-128.3254146901,1.6));
#4758 = DIRECTION('',(0.,0.,1.));
#4759 = DIRECTION('',(-9.197995832908E-02,0.995760858472,0.));
#4760 = ORIENTED_EDGE('',*,*,#4761,.F.);
#4761 = EDGE_CURVE('',#4762,#4753,#4764,.T.);
#4762 = VERTEX_POINT('',#4763);
#4763 = CARTESIAN_POINT('',(188.022194,-122.934984,1.6));
#4764 = LINE('',#4765,#4766);
#4765 = CARTESIAN_POINT('',(188.022194,-122.934984,1.6));
#4766 = VECTOR('',#4767,1.);
#4767 = DIRECTION('',(-1.,0.,0.));
#4768 = ORIENTED_EDGE('',*,*,#4769,.F.);
#4769 = EDGE_CURVE('',#4770,#4762,#4772,.T.);
#4770 = VERTEX_POINT('',#4771);
#4771 = CARTESIAN_POINT('',(188.249232,-122.95873,1.6));
#4772 = LINE('',#4773,#4774);
#4773 = CARTESIAN_POINT('',(188.249232,-122.95873,1.6));
#4774 = VECTOR('',#4775,1.);
#4775 = DIRECTION('',(-0.994574891149,0.104023006568,0.));
#4776 = ORIENTED_EDGE('',*,*,#4777,.F.);
#4777 = EDGE_CURVE('',#4778,#4770,#4780,.T.);
#4778 = VERTEX_POINT('',#4779);
#4779 = CARTESIAN_POINT('',(191.594069,-124.75937,1.6));
#4780 = CIRCLE('',#4781,5.412607143049);
#4781 = AXIS2_PLACEMENT_3D('',#4782,#4783,#4784);
#4782 = CARTESIAN_POINT('',(187.5191600408,-128.3218737627,1.6));
#4783 = DIRECTION('',(0.,0.,1.));
#4784 = DIRECTION('',(0.752855112426,0.658186280391,-0.));
#4785 = ORIENTED_EDGE('',*,*,#4786,.F.);
#4786 = EDGE_CURVE('',#4787,#4778,#4789,.T.);
#4787 = VERTEX_POINT('',#4788);
#4788 = CARTESIAN_POINT('',(194.162767,-127.350047,1.6));
#4789 = LINE('',#4790,#4791);
#4790 = CARTESIAN_POINT('',(194.162767,-127.350047,1.6));
#4791 = VECTOR('',#4792,1.);
#4792 = DIRECTION('',(-0.704088108971,0.710112621213,0.));
#4793 = ORIENTED_EDGE('',*,*,#4794,.F.);
#4794 = EDGE_CURVE('',#4795,#4787,#4797,.T.);
#4795 = VERTEX_POINT('',#4796);
#4796 = CARTESIAN_POINT('',(194.27294,-127.457072,1.6));
#4797 = LINE('',#4798,#4799);
#4798 = CARTESIAN_POINT('',(194.27294,-127.457072,1.6));
#4799 = VECTOR('',#4800,1.);
#4800 = DIRECTION('',(-0.717280031634,0.696785014347,0.));
#4801 = ORIENTED_EDGE('',*,*,#4802,.F.);
#4802 = EDGE_CURVE('',#4803,#4795,#4805,.T.);
#4803 = VERTEX_POINT('',#4804);
#4804 = CARTESIAN_POINT('',(197.756621,-127.350047,1.6));
#4805 = CIRCLE('',#4806,2.539217992294);
#4806 = AXIS2_PLACEMENT_3D('',#4807,#4808,#4809);
#4807 = CARTESIAN_POINT('',(195.95806949609,-125.5576071822,1.6));
#4808 = DIRECTION('',(-0.,0.,-1.));
#4809 = DIRECTION('',(0.708309215422,-0.705902298727,-0.));
#4810 = ORIENTED_EDGE('',*,*,#4811,.F.);
#4811 = EDGE_CURVE('',#4812,#4803,#4814,.T.);
#4812 = VERTEX_POINT('',#4813);
#4813 = CARTESIAN_POINT('',(200.325319,-124.75937,1.6));
#4814 = LINE('',#4815,#4816);
#4815 = CARTESIAN_POINT('',(200.325319,-124.75937,1.6));
#4816 = VECTOR('',#4817,1.);
#4817 = DIRECTION('',(-0.704088108971,-0.710112621213,0.));
#4818 = ORIENTED_EDGE('',*,*,#4819,.F.);
#4819 = EDGE_CURVE('',#4820,#4812,#4822,.T.);
#4820 = VERTEX_POINT('',#4821);
#4821 = CARTESIAN_POINT('',(200.477647,-124.589353,1.6));
#4822 = LINE('',#4823,#4824);
#4823 = CARTESIAN_POINT('',(200.477647,-124.589353,1.6));
#4824 = VECTOR('',#4825,1.);
#4825 = DIRECTION('',(-0.667299609671,-0.744789386964,0.));
#4826 = ORIENTED_EDGE('',*,*,#4827,.F.);
#4827 = EDGE_CURVE('',#4828,#4820,#4830,.T.);
#4828 = VERTEX_POINT('',#4829);
#4829 = CARTESIAN_POINT('',(203.897194,-122.934984,1.6));
#4830 = CIRCLE('',#4831,5.412935977638);
#4831 = AXIS2_PLACEMENT_3D('',#4832,#4833,#4834);
#4832 = CARTESIAN_POINT('',(204.39490294865,-128.3249897235,1.6));
#4833 = DIRECTION('',(0.,0.,1.));
#4834 = DIRECTION('',(-9.194805752645E-02,0.995763804683,0.));
#4835 = ORIENTED_EDGE('',*,*,#4836,.F.);
#4836 = EDGE_CURVE('',#4837,#4828,#4839,.T.);
#4837 = VERTEX_POINT('',#4838);
#4838 = CARTESIAN_POINT('',(240.40997,-122.934984,1.6));
#4839 = LINE('',#4840,#4841);
#4840 = CARTESIAN_POINT('',(240.40997,-122.934984,1.6));
#4841 = VECTOR('',#4842,1.);
#4842 = DIRECTION('',(-1.,0.,0.));
#4843 = ORIENTED_EDGE('',*,*,#4844,.F.);
#4844 = EDGE_CURVE('',#4845,#4837,#4847,.T.);
#4845 = VERTEX_POINT('',#4846);
#4846 = CARTESIAN_POINT('',(240.565874,-122.932425,1.6));
#4847 = LINE('',#4848,#4849);
#4848 = CARTESIAN_POINT('',(240.565874,-122.932425,1.6));
#4849 = VECTOR('',#4850,1.);
#4850 = DIRECTION('',(-0.999865318385,-1.641173638747E-02,0.));
#4851 = ORIENTED_EDGE('',*,*,#4852,.F.);
#4852 = EDGE_CURVE('',#4853,#4845,#4855,.T.);
#4853 = VERTEX_POINT('',#4854);
#4854 = CARTESIAN_POINT('',(242.79122,-120.553734,1.6));
#4855 = CIRCLE('',#4856,2.379282599652);
#4856 = AXIS2_PLACEMENT_3D('',#4857,#4858,#4859);
#4857 = CARTESIAN_POINT('',(240.41194145607,-120.558127112,1.6));
#4858 = DIRECTION('',(0.,0.,-1.));
#4859 = DIRECTION('',(0.999998295398,1.846401939455E-03,0.));
#4860 = ORIENTED_EDGE('',*,*,#4861,.F.);
#4861 = EDGE_CURVE('',#4862,#4853,#4864,.T.);
#4862 = VERTEX_POINT('',#4863);
#4863 = CARTESIAN_POINT('',(242.79122,-41.178734,1.6));
#4864 = LINE('',#4865,#4866);
#4865 = CARTESIAN_POINT('',(242.79122,-41.178734,1.6));
#4866 = VECTOR('',#4867,1.);
#4867 = DIRECTION('',(0.,-1.,0.));
#4868 = ORIENTED_EDGE('',*,*,#4869,.F.);
#4869 = EDGE_CURVE('',#4870,#4862,#4872,.T.);
#4870 = VERTEX_POINT('',#4871);
#4871 = CARTESIAN_POINT('',(242.788789,-41.022816,1.6));
#4872 = LINE('',#4873,#4874);
#4873 = CARTESIAN_POINT('',(242.788789,-41.022816,1.6));
#4874 = VECTOR('',#4875,1.);
#4875 = DIRECTION('',(1.558963410864E-02,-0.99987847427,0.));
#4876 = ORIENTED_EDGE('',*,*,#4877,.F.);
#4877 = EDGE_CURVE('',#4878,#4870,#4880,.T.);
#4878 = VERTEX_POINT('',#4879);
#4879 = CARTESIAN_POINT('',(240.40997,-38.797484,1.6));
#4880 = CIRCLE('',#4881,2.37885525707);
#4881 = AXIS2_PLACEMENT_3D('',#4882,#4883,#4884);
#4882 = CARTESIAN_POINT('',(240.41489251796,-41.17633416403,1.6));
#4883 = DIRECTION('',(0.,0.,-1.));
#4884 = DIRECTION('',(-2.06928015205E-03,0.999997859038,0.));
#4885 = ORIENTED_EDGE('',*,*,#4886,.F.);
#4886 = EDGE_CURVE('',#4887,#4878,#4889,.T.);
#4887 = VERTEX_POINT('',#4888);
#4888 = CARTESIAN_POINT('',(203.897595,-38.797484,1.6));
#4889 = LINE('',#4890,#4891);
#4890 = CARTESIAN_POINT('',(203.897595,-38.797484,1.6));
#4891 = VECTOR('',#4892,1.);
#4892 = DIRECTION('',(1.,0.,0.));
#4893 = ORIENTED_EDGE('',*,*,#4894,.F.);
#4894 = EDGE_CURVE('',#4895,#4887,#4897,.T.);
#4895 = VERTEX_POINT('',#4896);
#4896 = CARTESIAN_POINT('',(203.670435,-38.77373,1.6));
#4897 = LINE('',#4898,#4899);
#4898 = CARTESIAN_POINT('',(203.670435,-38.77373,1.6));
#4899 = VECTOR('',#4900,1.);
#4900 = DIRECTION('',(0.994577047107,-0.104002391165,0.));
#4901 = ORIENTED_EDGE('',*,*,#4902,.F.);
#4902 = EDGE_CURVE('',#4903,#4895,#4905,.T.);
#4903 = VERTEX_POINT('',#4904);
#4904 = CARTESIAN_POINT('',(200.325595,-36.973098,1.6));
#4905 = CIRCLE('',#4906,5.413407439589);
#4906 = AXIS2_PLACEMENT_3D('',#4907,#4908,#4909);
#4907 = CARTESIAN_POINT('',(204.40090072206,-33.40983216951,1.6));
#4908 = DIRECTION('',(0.,0.,1.));
#4909 = DIRECTION('',(-0.752817105962,-0.658229750901,0.));
#4910 = ORIENTED_EDGE('',*,*,#4911,.F.);
#4911 = EDGE_CURVE('',#114,#4903,#4912,.T.);
#4912 = LINE('',#4913,#4914);
#4913 = CARTESIAN_POINT('',(197.756897,-34.382421,1.6));
#4914 = VECTOR('',#4915,1.);
#4915 = DIRECTION('',(0.704088108971,-0.710112621213,0.));
#4916 = ORIENTED_EDGE('',*,*,#113,.F.);
#4917 = FACE_BOUND('',#4918,.T.);
#4918 = EDGE_LOOP('',(#4919));
#4919 = ORIENTED_EDGE('',*,*,#4920,.T.);
#4920 = EDGE_CURVE('',#4921,#4921,#4923,.T.);
#4921 = VERTEX_POINT('',#4922);
#4922 = CARTESIAN_POINT('',(91.18497,-126.813109,1.6));
#4923 = CIRCLE('',#4924,1.1);
#4924 = AXIS2_PLACEMENT_3D('',#4925,#4926,#4927);
#4925 = CARTESIAN_POINT('',(91.18497,-125.713109,1.6));
#4926 = DIRECTION('',(-0.,0.,-1.));
#4927 = DIRECTION('',(1.2918958832E-14,-1.,-0.));
#4928 = FACE_BOUND('',#4929,.T.);
#4929 = EDGE_LOOP('',(#4930,#4941,#4949,#4957,#4966,#4974,#4982,#4991,
    #4999,#5007,#5016,#5024,#5032));
#4930 = ORIENTED_EDGE('',*,*,#4931,.F.);
#4931 = EDGE_CURVE('',#4932,#4934,#4936,.T.);
#4932 = VERTEX_POINT('',#4933);
#4933 = CARTESIAN_POINT('',(48.96622,-107.203734,1.6));
#4934 = VERTEX_POINT('',#4935);
#4935 = CARTESIAN_POINT('',(48.468163,-107.638162,1.6));
#4936 = CIRCLE('',#4937,0.49760436513);
#4937 = AXIS2_PLACEMENT_3D('',#4938,#4939,#4940);
#4938 = CARTESIAN_POINT('',(48.961743181199,-107.7013182263,1.6));
#4939 = DIRECTION('',(0.,0.,1.));
#4940 = DIRECTION('',(8.996743425823E-03,0.999959528485,-0.));
#4941 = ORIENTED_EDGE('',*,*,#4942,.F.);
#4942 = EDGE_CURVE('',#4943,#4932,#4945,.T.);
#4943 = VERTEX_POINT('',#4944);
#4944 = CARTESIAN_POINT('',(61.96622,-107.203734,1.6));
#4945 = LINE('',#4946,#4947);
#4946 = CARTESIAN_POINT('',(61.96622,-107.203734,1.6));
#4947 = VECTOR('',#4948,1.);
#4948 = DIRECTION('',(-1.,0.,0.));
#4949 = ORIENTED_EDGE('',*,*,#4950,.F.);
#4950 = EDGE_CURVE('',#4951,#4943,#4953,.T.);
#4951 = VERTEX_POINT('',#4952);
#4952 = CARTESIAN_POINT('',(62.031786,-107.205684,1.6));
#4953 = LINE('',#4954,#4955);
#4954 = CARTESIAN_POINT('',(62.031786,-107.205684,1.6));
#4955 = VECTOR('',#4956,1.);
#4956 = DIRECTION('',(-0.999558028917,2.972787963877E-02,0.));
#4957 = ORIENTED_EDGE('',*,*,#4958,.F.);
#4958 = EDGE_CURVE('',#4959,#4951,#4961,.T.);
#4959 = VERTEX_POINT('',#4960);
#4960 = CARTESIAN_POINT('',(62.46622,-107.703734,1.6));
#4961 = CIRCLE('',#4962,0.497726394619);
#4962 = AXIS2_PLACEMENT_3D('',#4963,#4964,#4965);
#4963 = CARTESIAN_POINT('',(61.968512717805,-107.699372217,1.6));
#4964 = DIRECTION('',(0.,0.,1.));
#4965 = DIRECTION('',(0.999961600542,-8.763414981357E-03,0.));
#4966 = ORIENTED_EDGE('',*,*,#4967,.F.);
#4967 = EDGE_CURVE('',#4968,#4959,#4970,.T.);
#4968 = VERTEX_POINT('',#4969);
#4969 = CARTESIAN_POINT('',(62.46622,-120.703734,1.6));
#4970 = LINE('',#4971,#4972);
#4971 = CARTESIAN_POINT('',(62.46622,-120.703734,1.6));
#4972 = VECTOR('',#4973,1.);
#4973 = DIRECTION('',(0.,1.,0.));
#4974 = ORIENTED_EDGE('',*,*,#4975,.F.);
#4975 = EDGE_CURVE('',#4976,#4968,#4978,.T.);
#4976 = VERTEX_POINT('',#4977);
#4977 = CARTESIAN_POINT('',(62.464077,-120.769277,1.6));
#4978 = LINE('',#4979,#4980);
#4979 = CARTESIAN_POINT('',(62.464077,-120.769277,1.6));
#4980 = VECTOR('',#4981,1.);
#4981 = DIRECTION('',(3.267863001618E-02,0.999465910945,0.));
#4982 = ORIENTED_EDGE('',*,*,#4983,.F.);
#4983 = EDGE_CURVE('',#4984,#4976,#4986,.T.);
#4984 = VERTEX_POINT('',#4985);
#4985 = CARTESIAN_POINT('',(61.96622,-121.203734,1.6));
#4986 = CIRCLE('',#4987,0.49788830137);
#4987 = AXIS2_PLACEMENT_3D('',#4988,#4989,#4990);
#4988 = CARTESIAN_POINT('',(61.970243735536,-120.705861958,1.6));
#4989 = DIRECTION('',(0.,0.,1.));
#4990 = DIRECTION('',(-8.081602892037E-03,-0.999967343314,0.));
#4991 = ORIENTED_EDGE('',*,*,#4992,.F.);
#4992 = EDGE_CURVE('',#4993,#4984,#4995,.T.);
#4993 = VERTEX_POINT('',#4994);
#4994 = CARTESIAN_POINT('',(48.96622,-121.203734,1.6));
#4995 = LINE('',#4996,#4997);
#4996 = CARTESIAN_POINT('',(48.96622,-121.203734,1.6));
#4997 = VECTOR('',#4998,1.);
#4998 = DIRECTION('',(1.,0.,0.));
#4999 = ORIENTED_EDGE('',*,*,#5000,.F.);
#5000 = EDGE_CURVE('',#5001,#4993,#5003,.T.);
#5001 = VERTEX_POINT('',#5002);
#5002 = CARTESIAN_POINT('',(48.90344,-121.200478,1.6));
#5003 = LINE('',#5004,#5005);
#5004 = CARTESIAN_POINT('',(48.90344,-121.200478,1.6));
#5005 = VECTOR('',#5006,1.);
#5006 = DIRECTION('',(0.998657788004,-5.179403882981E-02,0.));
#5007 = ORIENTED_EDGE('',*,*,#5008,.F.);
#5008 = EDGE_CURVE('',#5009,#5001,#5011,.T.);
#5009 = VERTEX_POINT('',#5010);
#5010 = CARTESIAN_POINT('',(48.468984,-120.702618,1.6));
#5011 = CIRCLE('',#5012,0.497855880261);
#5012 = AXIS2_PLACEMENT_3D('',#5013,#5014,#5015);
#5013 = CARTESIAN_POINT('',(48.96682336325,-120.7066733556,1.6));
#5014 = DIRECTION('',(0.,0.,1.));
#5015 = DIRECTION('',(-0.99996682371,8.145641778927E-03,0.));
#5016 = ORIENTED_EDGE('',*,*,#5017,.F.);
#5017 = EDGE_CURVE('',#5018,#5009,#5020,.T.);
#5018 = VERTEX_POINT('',#5019);
#5019 = CARTESIAN_POINT('',(48.46622,-120.703734,1.6));
#5020 = LINE('',#5021,#5022);
#5021 = CARTESIAN_POINT('',(48.46622,-120.703734,1.6));
#5022 = VECTOR('',#5023,1.);
#5023 = DIRECTION('',(0.927268715845,0.374396485847,0.));
#5024 = ORIENTED_EDGE('',*,*,#5025,.F.);
#5025 = EDGE_CURVE('',#5026,#5018,#5028,.T.);
#5026 = VERTEX_POINT('',#5027);
#5027 = CARTESIAN_POINT('',(48.46622,-107.703734,1.6));
#5028 = LINE('',#5029,#5030);
#5029 = CARTESIAN_POINT('',(48.46622,-107.703734,1.6));
#5030 = VECTOR('',#5031,1.);
#5031 = DIRECTION('',(0.,-1.,0.));
#5032 = ORIENTED_EDGE('',*,*,#5033,.F.);
#5033 = EDGE_CURVE('',#4934,#5026,#5034,.T.);
#5034 = LINE('',#5035,#5036);
#5035 = CARTESIAN_POINT('',(48.468163,-107.638162,1.6));
#5036 = VECTOR('',#5037,1.);
#5037 = DIRECTION('',(-2.961854993549E-02,-0.99956127451,0.));
#5038 = FACE_BOUND('',#5039,.T.);
#5039 = EDGE_LOOP('',(#5040,#5051,#5059,#5067,#5076,#5084,#5092,#5101,
    #5109,#5117,#5126,#5134,#5142));
#5040 = ORIENTED_EDGE('',*,*,#5041,.F.);
#5041 = EDGE_CURVE('',#5042,#5044,#5046,.T.);
#5042 = VERTEX_POINT('',#5043);
#5043 = CARTESIAN_POINT('',(87.06622,-107.203734,1.6));
#5044 = VERTEX_POINT('',#5045);
#5045 = CARTESIAN_POINT('',(86.568163,-107.638162,1.6));
#5046 = CIRCLE('',#5047,0.49760436513);
#5047 = AXIS2_PLACEMENT_3D('',#5048,#5049,#5050);
#5048 = CARTESIAN_POINT('',(87.061743181199,-107.7013182263,1.6));
#5049 = DIRECTION('',(0.,0.,1.));
#5050 = DIRECTION('',(8.996743425809E-03,0.999959528485,-0.));
#5051 = ORIENTED_EDGE('',*,*,#5052,.F.);
#5052 = EDGE_CURVE('',#5053,#5042,#5055,.T.);
#5053 = VERTEX_POINT('',#5054);
#5054 = CARTESIAN_POINT('',(100.06622,-107.203734,1.6));
#5055 = LINE('',#5056,#5057);
#5056 = CARTESIAN_POINT('',(100.06622,-107.203734,1.6));
#5057 = VECTOR('',#5058,1.);
#5058 = DIRECTION('',(-1.,0.,0.));
#5059 = ORIENTED_EDGE('',*,*,#5060,.F.);
#5060 = EDGE_CURVE('',#5061,#5053,#5063,.T.);
#5061 = VERTEX_POINT('',#5062);
#5062 = CARTESIAN_POINT('',(100.131786,-107.205684,1.6));
#5063 = LINE('',#5064,#5065);
#5064 = CARTESIAN_POINT('',(100.131786,-107.205684,1.6));
#5065 = VECTOR('',#5066,1.);
#5066 = DIRECTION('',(-0.999558028917,2.972787963877E-02,0.));
#5067 = ORIENTED_EDGE('',*,*,#5068,.F.);
#5068 = EDGE_CURVE('',#5069,#5061,#5071,.T.);
#5069 = VERTEX_POINT('',#5070);
#5070 = CARTESIAN_POINT('',(100.56622,-107.703734,1.6));
#5071 = CIRCLE('',#5072,0.497726394619);
#5072 = AXIS2_PLACEMENT_3D('',#5073,#5074,#5075);
#5073 = CARTESIAN_POINT('',(100.0685127178,-107.699372217,1.6));
#5074 = DIRECTION('',(0.,0.,1.));
#5075 = DIRECTION('',(0.999961600542,-8.763414981328E-03,0.));
#5076 = ORIENTED_EDGE('',*,*,#5077,.F.);
#5077 = EDGE_CURVE('',#5078,#5069,#5080,.T.);
#5078 = VERTEX_POINT('',#5079);
#5079 = CARTESIAN_POINT('',(100.56622,-120.703734,1.6));
#5080 = LINE('',#5081,#5082);
#5081 = CARTESIAN_POINT('',(100.56622,-120.703734,1.6));
#5082 = VECTOR('',#5083,1.);
#5083 = DIRECTION('',(0.,1.,0.));
#5084 = ORIENTED_EDGE('',*,*,#5085,.F.);
#5085 = EDGE_CURVE('',#5086,#5078,#5088,.T.);
#5086 = VERTEX_POINT('',#5087);
#5087 = CARTESIAN_POINT('',(100.564077,-120.769277,1.6));
#5088 = LINE('',#5089,#5090);
#5089 = CARTESIAN_POINT('',(100.564077,-120.769277,1.6));
#5090 = VECTOR('',#5091,1.);
#5091 = DIRECTION('',(3.267863001629E-02,0.999465910945,0.));
#5092 = ORIENTED_EDGE('',*,*,#5093,.F.);
#5093 = EDGE_CURVE('',#5094,#5086,#5096,.T.);
#5094 = VERTEX_POINT('',#5095);
#5095 = CARTESIAN_POINT('',(100.06622,-121.203734,1.6));
#5096 = CIRCLE('',#5097,0.49788830137);
#5097 = AXIS2_PLACEMENT_3D('',#5098,#5099,#5100);
#5098 = CARTESIAN_POINT('',(100.07024373553,-120.705861958,1.6));
#5099 = DIRECTION('',(0.,0.,1.));
#5100 = DIRECTION('',(-8.081602892037E-03,-0.999967343314,0.));
#5101 = ORIENTED_EDGE('',*,*,#5102,.F.);
#5102 = EDGE_CURVE('',#5103,#5094,#5105,.T.);
#5103 = VERTEX_POINT('',#5104);
#5104 = CARTESIAN_POINT('',(87.06622,-121.203734,1.6));
#5105 = LINE('',#5106,#5107);
#5106 = CARTESIAN_POINT('',(87.06622,-121.203734,1.6));
#5107 = VECTOR('',#5108,1.);
#5108 = DIRECTION('',(1.,0.,0.));
#5109 = ORIENTED_EDGE('',*,*,#5110,.F.);
#5110 = EDGE_CURVE('',#5111,#5103,#5113,.T.);
#5111 = VERTEX_POINT('',#5112);
#5112 = CARTESIAN_POINT('',(87.00344,-121.200478,1.6));
#5113 = LINE('',#5114,#5115);
#5114 = CARTESIAN_POINT('',(87.00344,-121.200478,1.6));
#5115 = VECTOR('',#5116,1.);
#5116 = DIRECTION('',(0.998657788004,-5.179403882981E-02,0.));
#5117 = ORIENTED_EDGE('',*,*,#5118,.F.);
#5118 = EDGE_CURVE('',#5119,#5111,#5121,.T.);
#5119 = VERTEX_POINT('',#5120);
#5120 = CARTESIAN_POINT('',(86.568984,-120.702618,1.6));
#5121 = CIRCLE('',#5122,0.497855880261);
#5122 = AXIS2_PLACEMENT_3D('',#5123,#5124,#5125);
#5123 = CARTESIAN_POINT('',(87.06682336325,-120.7066733556,1.6));
#5124 = DIRECTION('',(0.,0.,1.));
#5125 = DIRECTION('',(-0.99996682371,8.145641778927E-03,0.));
#5126 = ORIENTED_EDGE('',*,*,#5127,.F.);
#5127 = EDGE_CURVE('',#5128,#5119,#5130,.T.);
#5128 = VERTEX_POINT('',#5129);
#5129 = CARTESIAN_POINT('',(86.56622,-120.703734,1.6));
#5130 = LINE('',#5131,#5132);
#5131 = CARTESIAN_POINT('',(86.56622,-120.703734,1.6));
#5132 = VECTOR('',#5133,1.);
#5133 = DIRECTION('',(0.927268715845,0.374396485847,0.));
#5134 = ORIENTED_EDGE('',*,*,#5135,.F.);
#5135 = EDGE_CURVE('',#5136,#5128,#5138,.T.);
#5136 = VERTEX_POINT('',#5137);
#5137 = CARTESIAN_POINT('',(86.56622,-107.703734,1.6));
#5138 = LINE('',#5139,#5140);
#5139 = CARTESIAN_POINT('',(86.56622,-107.703734,1.6));
#5140 = VECTOR('',#5141,1.);
#5141 = DIRECTION('',(0.,-1.,0.));
#5142 = ORIENTED_EDGE('',*,*,#5143,.F.);
#5143 = EDGE_CURVE('',#5044,#5136,#5144,.T.);
#5144 = LINE('',#5145,#5146);
#5145 = CARTESIAN_POINT('',(86.568163,-107.638162,1.6));
#5146 = VECTOR('',#5147,1.);
#5147 = DIRECTION('',(-2.961854993549E-02,-0.99956127451,0.));
#5148 = FACE_BOUND('',#5149,.T.);
#5149 = EDGE_LOOP('',(#5150,#5161,#5169,#5177,#5186,#5194,#5202,#5211,
    #5219,#5227,#5236,#5244,#5252));
#5150 = ORIENTED_EDGE('',*,*,#5151,.F.);
#5151 = EDGE_CURVE('',#5152,#5154,#5156,.T.);
#5152 = VERTEX_POINT('',#5153);
#5153 = CARTESIAN_POINT('',(48.96622,-83.391234,1.6));
#5154 = VERTEX_POINT('',#5155);
#5155 = CARTESIAN_POINT('',(48.468163,-83.825662,1.6));
#5156 = CIRCLE('',#5157,0.49760436513);
#5157 = AXIS2_PLACEMENT_3D('',#5158,#5159,#5160);
#5158 = CARTESIAN_POINT('',(48.961743181199,-83.88881822632,1.6));
#5159 = DIRECTION('',(0.,0.,1.));
#5160 = DIRECTION('',(8.996743425823E-03,0.999959528485,-0.));
#5161 = ORIENTED_EDGE('',*,*,#5162,.F.);
#5162 = EDGE_CURVE('',#5163,#5152,#5165,.T.);
#5163 = VERTEX_POINT('',#5164);
#5164 = CARTESIAN_POINT('',(61.96622,-83.391234,1.6));
#5165 = LINE('',#5166,#5167);
#5166 = CARTESIAN_POINT('',(61.96622,-83.391234,1.6));
#5167 = VECTOR('',#5168,1.);
#5168 = DIRECTION('',(-1.,0.,0.));
#5169 = ORIENTED_EDGE('',*,*,#5170,.F.);
#5170 = EDGE_CURVE('',#5171,#5163,#5173,.T.);
#5171 = VERTEX_POINT('',#5172);
#5172 = CARTESIAN_POINT('',(62.031786,-83.393184,1.6));
#5173 = LINE('',#5174,#5175);
#5174 = CARTESIAN_POINT('',(62.031786,-83.393184,1.6));
#5175 = VECTOR('',#5176,1.);
#5176 = DIRECTION('',(-0.999558028917,2.972787963877E-02,0.));
#5177 = ORIENTED_EDGE('',*,*,#5178,.F.);
#5178 = EDGE_CURVE('',#5179,#5171,#5181,.T.);
#5179 = VERTEX_POINT('',#5180);
#5180 = CARTESIAN_POINT('',(62.46622,-83.891234,1.6));
#5181 = CIRCLE('',#5182,0.497726394619);
#5182 = AXIS2_PLACEMENT_3D('',#5183,#5184,#5185);
#5183 = CARTESIAN_POINT('',(61.968512717805,-83.88687221705,1.6));
#5184 = DIRECTION('',(0.,0.,1.));
#5185 = DIRECTION('',(0.999961600542,-8.763414981357E-03,0.));
#5186 = ORIENTED_EDGE('',*,*,#5187,.F.);
#5187 = EDGE_CURVE('',#5188,#5179,#5190,.T.);
#5188 = VERTEX_POINT('',#5189);
#5189 = CARTESIAN_POINT('',(62.46622,-96.891234,1.6));
#5190 = LINE('',#5191,#5192);
#5191 = CARTESIAN_POINT('',(62.46622,-96.891234,1.6));
#5192 = VECTOR('',#5193,1.);
#5193 = DIRECTION('',(0.,1.,0.));
#5194 = ORIENTED_EDGE('',*,*,#5195,.F.);
#5195 = EDGE_CURVE('',#5196,#5188,#5198,.T.);
#5196 = VERTEX_POINT('',#5197);
#5197 = CARTESIAN_POINT('',(62.464077,-96.956777,1.6));
#5198 = LINE('',#5199,#5200);
#5199 = CARTESIAN_POINT('',(62.464077,-96.956777,1.6));
#5200 = VECTOR('',#5201,1.);
#5201 = DIRECTION('',(3.267863001618E-02,0.999465910945,0.));
#5202 = ORIENTED_EDGE('',*,*,#5203,.F.);
#5203 = EDGE_CURVE('',#5204,#5196,#5206,.T.);
#5204 = VERTEX_POINT('',#5205);
#5205 = CARTESIAN_POINT('',(61.96622,-97.391234,1.6));
#5206 = CIRCLE('',#5207,0.49788830137);
#5207 = AXIS2_PLACEMENT_3D('',#5208,#5209,#5210);
#5208 = CARTESIAN_POINT('',(61.970243735536,-96.89336195801,1.6));
#5209 = DIRECTION('',(0.,0.,1.));
#5210 = DIRECTION('',(-8.081602892037E-03,-0.999967343314,0.));
#5211 = ORIENTED_EDGE('',*,*,#5212,.F.);
#5212 = EDGE_CURVE('',#5213,#5204,#5215,.T.);
#5213 = VERTEX_POINT('',#5214);
#5214 = CARTESIAN_POINT('',(48.96622,-97.391234,1.6));
#5215 = LINE('',#5216,#5217);
#5216 = CARTESIAN_POINT('',(48.96622,-97.391234,1.6));
#5217 = VECTOR('',#5218,1.);
#5218 = DIRECTION('',(1.,0.,0.));
#5219 = ORIENTED_EDGE('',*,*,#5220,.F.);
#5220 = EDGE_CURVE('',#5221,#5213,#5223,.T.);
#5221 = VERTEX_POINT('',#5222);
#5222 = CARTESIAN_POINT('',(48.90344,-97.387978,1.6));
#5223 = LINE('',#5224,#5225);
#5224 = CARTESIAN_POINT('',(48.90344,-97.387978,1.6));
#5225 = VECTOR('',#5226,1.);
#5226 = DIRECTION('',(0.998657788004,-5.179403882981E-02,0.));
#5227 = ORIENTED_EDGE('',*,*,#5228,.F.);
#5228 = EDGE_CURVE('',#5229,#5221,#5231,.T.);
#5229 = VERTEX_POINT('',#5230);
#5230 = CARTESIAN_POINT('',(48.468984,-96.890118,1.6));
#5231 = CIRCLE('',#5232,0.497855880261);
#5232 = AXIS2_PLACEMENT_3D('',#5233,#5234,#5235);
#5233 = CARTESIAN_POINT('',(48.96682336325,-96.89417335565,1.6));
#5234 = DIRECTION('',(0.,0.,1.));
#5235 = DIRECTION('',(-0.99996682371,8.145641778927E-03,0.));
#5236 = ORIENTED_EDGE('',*,*,#5237,.F.);
#5237 = EDGE_CURVE('',#5238,#5229,#5240,.T.);
#5238 = VERTEX_POINT('',#5239);
#5239 = CARTESIAN_POINT('',(48.46622,-96.891234,1.6));
#5240 = LINE('',#5241,#5242);
#5241 = CARTESIAN_POINT('',(48.46622,-96.891234,1.6));
#5242 = VECTOR('',#5243,1.);
#5243 = DIRECTION('',(0.927268715845,0.374396485847,0.));
#5244 = ORIENTED_EDGE('',*,*,#5245,.F.);
#5245 = EDGE_CURVE('',#5246,#5238,#5248,.T.);
#5246 = VERTEX_POINT('',#5247);
#5247 = CARTESIAN_POINT('',(48.46622,-83.891234,1.6));
#5248 = LINE('',#5249,#5250);
#5249 = CARTESIAN_POINT('',(48.46622,-83.891234,1.6));
#5250 = VECTOR('',#5251,1.);
#5251 = DIRECTION('',(0.,-1.,0.));
#5252 = ORIENTED_EDGE('',*,*,#5253,.F.);
#5253 = EDGE_CURVE('',#5154,#5246,#5254,.T.);
#5254 = LINE('',#5255,#5256);
#5255 = CARTESIAN_POINT('',(48.468163,-83.825662,1.6));
#5256 = VECTOR('',#5257,1.);
#5257 = DIRECTION('',(-2.961854993549E-02,-0.99956127451,0.));
#5258 = FACE_BOUND('',#5259,.T.);
#5259 = EDGE_LOOP('',(#5260,#5271,#5279,#5287,#5296,#5304,#5312,#5321,
    #5329,#5337,#5346,#5354,#5362));
#5260 = ORIENTED_EDGE('',*,*,#5261,.F.);
#5261 = EDGE_CURVE('',#5262,#5264,#5266,.T.);
#5262 = VERTEX_POINT('',#5263);
#5263 = CARTESIAN_POINT('',(70.39747,-83.391234,1.6));
#5264 = VERTEX_POINT('',#5265);
#5265 = CARTESIAN_POINT('',(69.899413,-83.82566,1.6));
#5266 = CIRCLE('',#5267,0.497554635006);
#5267 = AXIS2_PLACEMENT_3D('',#5268,#5269,#5270);
#5268 = CARTESIAN_POINT('',(70.392949202288,-83.88876809652,1.6));
#5269 = DIRECTION('',(0.,0.,1.));
#5270 = DIRECTION('',(9.086032757149E-03,0.999958721152,-0.));
#5271 = ORIENTED_EDGE('',*,*,#5272,.F.);
#5272 = EDGE_CURVE('',#5273,#5262,#5275,.T.);
#5273 = VERTEX_POINT('',#5274);
#5274 = CARTESIAN_POINT('',(83.39747,-83.391234,1.6));
#5275 = LINE('',#5276,#5277);
#5276 = CARTESIAN_POINT('',(83.39747,-83.391234,1.6));
#5277 = VECTOR('',#5278,1.);
#5278 = DIRECTION('',(-1.,0.,0.));
#5279 = ORIENTED_EDGE('',*,*,#5280,.F.);
#5280 = EDGE_CURVE('',#5281,#5273,#5283,.T.);
#5281 = VERTEX_POINT('',#5282);
#5282 = CARTESIAN_POINT('',(83.463041,-83.393178,1.6));
#5283 = LINE('',#5284,#5285);
#5284 = CARTESIAN_POINT('',(83.463041,-83.393178,1.6));
#5285 = VECTOR('',#5286,1.);
#5286 = DIRECTION('',(-0.999560809708,2.963423181104E-02,0.));
#5287 = ORIENTED_EDGE('',*,*,#5288,.F.);
#5288 = EDGE_CURVE('',#5289,#5281,#5291,.T.);
#5289 = VERTEX_POINT('',#5290);
#5290 = CARTESIAN_POINT('',(83.89747,-83.891234,1.6));
#5291 = CIRCLE('',#5292,0.49762810037);
#5292 = AXIS2_PLACEMENT_3D('',#5293,#5294,#5295);
#5293 = CARTESIAN_POINT('',(83.399861840086,-83.88677917507,1.6));
#5294 = DIRECTION('',(0.,0.,1.));
#5295 = DIRECTION('',(0.999959928999,-8.952116905856E-03,0.));
#5296 = ORIENTED_EDGE('',*,*,#5297,.F.);
#5297 = EDGE_CURVE('',#5298,#5289,#5300,.T.);
#5298 = VERTEX_POINT('',#5299);
#5299 = CARTESIAN_POINT('',(83.89747,-96.891234,1.6));
#5300 = LINE('',#5301,#5302);
#5301 = CARTESIAN_POINT('',(83.89747,-96.891234,1.6));
#5302 = VECTOR('',#5303,1.);
#5303 = DIRECTION('',(0.,1.,0.));
#5304 = ORIENTED_EDGE('',*,*,#5305,.F.);
#5305 = EDGE_CURVE('',#5306,#5298,#5308,.T.);
#5306 = VERTEX_POINT('',#5307);
#5307 = CARTESIAN_POINT('',(83.895327,-96.956774,1.6));
#5308 = LINE('',#5309,#5310);
#5309 = CARTESIAN_POINT('',(83.895327,-96.956774,1.6));
#5310 = VECTOR('',#5311,1.);
#5311 = DIRECTION('',(3.268012423648E-02,0.999465862088,0.));
#5312 = ORIENTED_EDGE('',*,*,#5313,.F.);
#5313 = EDGE_CURVE('',#5314,#5306,#5316,.T.);
#5314 = VERTEX_POINT('',#5315);
#5315 = CARTESIAN_POINT('',(83.39747,-97.391234,1.6));
#5316 = CIRCLE('',#5317,0.497940142437);
#5317 = AXIS2_PLACEMENT_3D('',#5318,#5319,#5320);
#5318 = CARTESIAN_POINT('',(83.401447790147,-96.89330974608,1.6));
#5319 = DIRECTION('',(0.,0.,1.));
#5320 = DIRECTION('',(-7.988490599025E-03,-0.9999680915,0.));
#5321 = ORIENTED_EDGE('',*,*,#5322,.F.);
#5322 = EDGE_CURVE('',#5323,#5314,#5325,.T.);
#5323 = VERTEX_POINT('',#5324);
#5324 = CARTESIAN_POINT('',(70.39747,-97.391234,1.6));
#5325 = LINE('',#5326,#5327);
#5326 = CARTESIAN_POINT('',(70.39747,-97.391234,1.6));
#5327 = VECTOR('',#5328,1.);
#5328 = DIRECTION('',(1.,0.,0.));
#5329 = ORIENTED_EDGE('',*,*,#5330,.F.);
#5330 = EDGE_CURVE('',#5331,#5323,#5333,.T.);
#5331 = VERTEX_POINT('',#5332);
#5332 = CARTESIAN_POINT('',(70.33466,-97.388175,1.6));
#5333 = LINE('',#5334,#5335);
#5334 = CARTESIAN_POINT('',(70.33466,-97.388175,1.6));
#5335 = VECTOR('',#5336,1.);
#5336 = DIRECTION('',(0.998816141971,-4.864477914794E-02,0.));
#5337 = ORIENTED_EDGE('',*,*,#5338,.F.);
#5338 = EDGE_CURVE('',#5339,#5331,#5341,.T.);
#5339 = VERTEX_POINT('',#5340);
#5340 = CARTESIAN_POINT('',(69.900234,-96.890118,1.6));
#5341 = CIRCLE('',#5342,0.497565516144);
#5342 = AXIS2_PLACEMENT_3D('',#5343,#5344,#5345);
#5343 = CARTESIAN_POINT('',(70.397779064948,-96.89462923059,1.6));
#5344 = DIRECTION('',(0.,0.,1.));
#5345 = DIRECTION('',(-0.999958897481,9.066606207062E-03,0.));
#5346 = ORIENTED_EDGE('',*,*,#5347,.F.);
#5347 = EDGE_CURVE('',#5348,#5339,#5350,.T.);
#5348 = VERTEX_POINT('',#5349);
#5349 = CARTESIAN_POINT('',(69.89747,-96.891234,1.6));
#5350 = LINE('',#5351,#5352);
#5351 = CARTESIAN_POINT('',(69.89747,-96.891234,1.6));
#5352 = VECTOR('',#5353,1.);
#5353 = DIRECTION('',(0.927268715845,0.374396485847,0.));
#5354 = ORIENTED_EDGE('',*,*,#5355,.F.);
#5355 = EDGE_CURVE('',#5356,#5348,#5358,.T.);
#5356 = VERTEX_POINT('',#5357);
#5357 = CARTESIAN_POINT('',(69.89747,-83.891234,1.6));
#5358 = LINE('',#5359,#5360);
#5359 = CARTESIAN_POINT('',(69.89747,-83.891234,1.6));
#5360 = VECTOR('',#5361,1.);
#5361 = DIRECTION('',(0.,-1.,0.));
#5362 = ORIENTED_EDGE('',*,*,#5363,.F.);
#5363 = EDGE_CURVE('',#5264,#5356,#5364,.T.);
#5364 = LINE('',#5365,#5366);
#5365 = CARTESIAN_POINT('',(69.899413,-83.82566,1.6));
#5366 = VECTOR('',#5367,1.);
#5367 = DIRECTION('',(-2.961764736532E-02,-0.999561301254,0.));
#5368 = FACE_BOUND('',#5369,.T.);
#5369 = EDGE_LOOP('',(#5370,#5381,#5389,#5397,#5406,#5414,#5422,#5431,
    #5439,#5447,#5456,#5464,#5472));
#5370 = ORIENTED_EDGE('',*,*,#5371,.F.);
#5371 = EDGE_CURVE('',#5372,#5374,#5376,.T.);
#5372 = VERTEX_POINT('',#5373);
#5373 = CARTESIAN_POINT('',(89.44747,-83.391234,1.6));
#5374 = VERTEX_POINT('',#5375);
#5375 = CARTESIAN_POINT('',(88.949413,-83.82566,1.6));
#5376 = CIRCLE('',#5377,0.497554635006);
#5377 = AXIS2_PLACEMENT_3D('',#5378,#5379,#5380);
#5378 = CARTESIAN_POINT('',(89.442949202288,-83.88876809652,1.6));
#5379 = DIRECTION('',(0.,0.,1.));
#5380 = DIRECTION('',(9.086032757207E-03,0.999958721152,-0.));
#5381 = ORIENTED_EDGE('',*,*,#5382,.F.);
#5382 = EDGE_CURVE('',#5383,#5372,#5385,.T.);
#5383 = VERTEX_POINT('',#5384);
#5384 = CARTESIAN_POINT('',(102.44747,-83.391234,1.6));
#5385 = LINE('',#5386,#5387);
#5386 = CARTESIAN_POINT('',(102.44747,-83.391234,1.6));
#5387 = VECTOR('',#5388,1.);
#5388 = DIRECTION('',(-1.,0.,0.));
#5389 = ORIENTED_EDGE('',*,*,#5390,.F.);
#5390 = EDGE_CURVE('',#5391,#5383,#5393,.T.);
#5391 = VERTEX_POINT('',#5392);
#5392 = CARTESIAN_POINT('',(102.513041,-83.393178,1.6));
#5393 = LINE('',#5394,#5395);
#5394 = CARTESIAN_POINT('',(102.513041,-83.393178,1.6));
#5395 = VECTOR('',#5396,1.);
#5396 = DIRECTION('',(-0.999560809708,2.963423181104E-02,0.));
#5397 = ORIENTED_EDGE('',*,*,#5398,.F.);
#5398 = EDGE_CURVE('',#5399,#5391,#5401,.T.);
#5399 = VERTEX_POINT('',#5400);
#5400 = CARTESIAN_POINT('',(102.94747,-83.891234,1.6));
#5401 = CIRCLE('',#5402,0.49762810037);
#5402 = AXIS2_PLACEMENT_3D('',#5403,#5404,#5405);
#5403 = CARTESIAN_POINT('',(102.44986184008,-83.88677917507,1.6));
#5404 = DIRECTION('',(0.,0.,1.));
#5405 = DIRECTION('',(0.999959928999,-8.952116905885E-03,0.));
#5406 = ORIENTED_EDGE('',*,*,#5407,.F.);
#5407 = EDGE_CURVE('',#5408,#5399,#5410,.T.);
#5408 = VERTEX_POINT('',#5409);
#5409 = CARTESIAN_POINT('',(102.94747,-96.891234,1.6));
#5410 = LINE('',#5411,#5412);
#5411 = CARTESIAN_POINT('',(102.94747,-96.891234,1.6));
#5412 = VECTOR('',#5413,1.);
#5413 = DIRECTION('',(0.,1.,0.));
#5414 = ORIENTED_EDGE('',*,*,#5415,.F.);
#5415 = EDGE_CURVE('',#5416,#5408,#5418,.T.);
#5416 = VERTEX_POINT('',#5417);
#5417 = CARTESIAN_POINT('',(102.945327,-96.956774,1.6));
#5418 = LINE('',#5419,#5420);
#5419 = CARTESIAN_POINT('',(102.945327,-96.956774,1.6));
#5420 = VECTOR('',#5421,1.);
#5421 = DIRECTION('',(3.268012423627E-02,0.999465862088,0.));
#5422 = ORIENTED_EDGE('',*,*,#5423,.F.);
#5423 = EDGE_CURVE('',#5424,#5416,#5426,.T.);
#5424 = VERTEX_POINT('',#5425);
#5425 = CARTESIAN_POINT('',(102.44747,-97.391234,1.6));
#5426 = CIRCLE('',#5427,0.497940142437);
#5427 = AXIS2_PLACEMENT_3D('',#5428,#5429,#5430);
#5428 = CARTESIAN_POINT('',(102.45144779014,-96.89330974608,1.6));
#5429 = DIRECTION('',(0.,0.,1.));
#5430 = DIRECTION('',(-7.988490599053E-03,-0.9999680915,0.));
#5431 = ORIENTED_EDGE('',*,*,#5432,.F.);
#5432 = EDGE_CURVE('',#5433,#5424,#5435,.T.);
#5433 = VERTEX_POINT('',#5434);
#5434 = CARTESIAN_POINT('',(89.44747,-97.391234,1.6));
#5435 = LINE('',#5436,#5437);
#5436 = CARTESIAN_POINT('',(89.44747,-97.391234,1.6));
#5437 = VECTOR('',#5438,1.);
#5438 = DIRECTION('',(1.,0.,0.));
#5439 = ORIENTED_EDGE('',*,*,#5440,.F.);
#5440 = EDGE_CURVE('',#5441,#5433,#5443,.T.);
#5441 = VERTEX_POINT('',#5442);
#5442 = CARTESIAN_POINT('',(89.38466,-97.388175,1.6));
#5443 = LINE('',#5444,#5445);
#5444 = CARTESIAN_POINT('',(89.38466,-97.388175,1.6));
#5445 = VECTOR('',#5446,1.);
#5446 = DIRECTION('',(0.998816141971,-4.864477914794E-02,0.));
#5447 = ORIENTED_EDGE('',*,*,#5448,.F.);
#5448 = EDGE_CURVE('',#5449,#5441,#5451,.T.);
#5449 = VERTEX_POINT('',#5450);
#5450 = CARTESIAN_POINT('',(88.950234,-96.890118,1.6));
#5451 = CIRCLE('',#5452,0.497565516144);
#5452 = AXIS2_PLACEMENT_3D('',#5453,#5454,#5455);
#5453 = CARTESIAN_POINT('',(89.447779064948,-96.89462923059,1.6));
#5454 = DIRECTION('',(0.,0.,1.));
#5455 = DIRECTION('',(-0.999958897481,9.066606207033E-03,0.));
#5456 = ORIENTED_EDGE('',*,*,#5457,.F.);
#5457 = EDGE_CURVE('',#5458,#5449,#5460,.T.);
#5458 = VERTEX_POINT('',#5459);
#5459 = CARTESIAN_POINT('',(88.94747,-96.891234,1.6));
#5460 = LINE('',#5461,#5462);
#5461 = CARTESIAN_POINT('',(88.94747,-96.891234,1.6));
#5462 = VECTOR('',#5463,1.);
#5463 = DIRECTION('',(0.927268715845,0.374396485847,0.));
#5464 = ORIENTED_EDGE('',*,*,#5465,.F.);
#5465 = EDGE_CURVE('',#5466,#5458,#5468,.T.);
#5466 = VERTEX_POINT('',#5467);
#5467 = CARTESIAN_POINT('',(88.94747,-83.891234,1.6));
#5468 = LINE('',#5469,#5470);
#5469 = CARTESIAN_POINT('',(88.94747,-83.891234,1.6));
#5470 = VECTOR('',#5471,1.);
#5471 = DIRECTION('',(0.,-1.,0.));
#5472 = ORIENTED_EDGE('',*,*,#5473,.F.);
#5473 = EDGE_CURVE('',#5374,#5466,#5474,.T.);
#5474 = LINE('',#5475,#5476);
#5475 = CARTESIAN_POINT('',(88.949413,-83.82566,1.6));
#5476 = VECTOR('',#5477,1.);
#5477 = DIRECTION('',(-2.961764736554E-02,-0.999561301254,0.));
#5478 = FACE_BOUND('',#5479,.T.);
#5479 = EDGE_LOOP('',(#5480,#5491,#5499,#5507,#5516,#5524,#5532,#5541,
    #5549,#5557,#5566,#5574,#5582));
#5480 = ORIENTED_EDGE('',*,*,#5481,.F.);
#5481 = EDGE_CURVE('',#5482,#5484,#5486,.T.);
#5482 = VERTEX_POINT('',#5483);
#5483 = CARTESIAN_POINT('',(108.49747,-83.391234,1.6));
#5484 = VERTEX_POINT('',#5485);
#5485 = CARTESIAN_POINT('',(107.999413,-83.82566,1.6));
#5486 = CIRCLE('',#5487,0.497554635006);
#5487 = AXIS2_PLACEMENT_3D('',#5488,#5489,#5490);
#5488 = CARTESIAN_POINT('',(108.49294920228,-83.88876809652,1.6));
#5489 = DIRECTION('',(0.,0.,1.));
#5490 = DIRECTION('',(9.086032757178E-03,0.999958721152,-0.));
#5491 = ORIENTED_EDGE('',*,*,#5492,.F.);
#5492 = EDGE_CURVE('',#5493,#5482,#5495,.T.);
#5493 = VERTEX_POINT('',#5494);
#5494 = CARTESIAN_POINT('',(121.49747,-83.391234,1.6));
#5495 = LINE('',#5496,#5497);
#5496 = CARTESIAN_POINT('',(121.49747,-83.391234,1.6));
#5497 = VECTOR('',#5498,1.);
#5498 = DIRECTION('',(-1.,0.,0.));
#5499 = ORIENTED_EDGE('',*,*,#5500,.F.);
#5500 = EDGE_CURVE('',#5501,#5493,#5503,.T.);
#5501 = VERTEX_POINT('',#5502);
#5502 = CARTESIAN_POINT('',(121.563041,-83.393178,1.6));
#5503 = LINE('',#5504,#5505);
#5504 = CARTESIAN_POINT('',(121.563041,-83.393178,1.6));
#5505 = VECTOR('',#5506,1.);
#5506 = DIRECTION('',(-0.999560809708,2.963423181105E-02,0.));
#5507 = ORIENTED_EDGE('',*,*,#5508,.F.);
#5508 = EDGE_CURVE('',#5509,#5501,#5511,.T.);
#5509 = VERTEX_POINT('',#5510);
#5510 = CARTESIAN_POINT('',(121.99747,-83.891234,1.6));
#5511 = CIRCLE('',#5512,0.49762810037);
#5512 = AXIS2_PLACEMENT_3D('',#5513,#5514,#5515);
#5513 = CARTESIAN_POINT('',(121.49986184008,-83.88677917507,1.6));
#5514 = DIRECTION('',(0.,0.,1.));
#5515 = DIRECTION('',(0.999959928999,-8.952116905798E-03,0.));
#5516 = ORIENTED_EDGE('',*,*,#5517,.F.);
#5517 = EDGE_CURVE('',#5518,#5509,#5520,.T.);
#5518 = VERTEX_POINT('',#5519);
#5519 = CARTESIAN_POINT('',(121.99747,-96.891234,1.6));
#5520 = LINE('',#5521,#5522);
#5521 = CARTESIAN_POINT('',(121.99747,-96.891234,1.6));
#5522 = VECTOR('',#5523,1.);
#5523 = DIRECTION('',(0.,1.,0.));
#5524 = ORIENTED_EDGE('',*,*,#5525,.F.);
#5525 = EDGE_CURVE('',#5526,#5518,#5528,.T.);
#5526 = VERTEX_POINT('',#5527);
#5527 = CARTESIAN_POINT('',(121.995327,-96.956774,1.6));
#5528 = LINE('',#5529,#5530);
#5529 = CARTESIAN_POINT('',(121.995327,-96.956774,1.6));
#5530 = VECTOR('',#5531,1.);
#5531 = DIRECTION('',(3.268012423648E-02,0.999465862088,0.));
#5532 = ORIENTED_EDGE('',*,*,#5533,.F.);
#5533 = EDGE_CURVE('',#5534,#5526,#5536,.T.);
#5534 = VERTEX_POINT('',#5535);
#5535 = CARTESIAN_POINT('',(121.49747,-97.391234,1.6));
#5536 = CIRCLE('',#5537,0.497940142437);
#5537 = AXIS2_PLACEMENT_3D('',#5538,#5539,#5540);
#5538 = CARTESIAN_POINT('',(121.50144779014,-96.89330974608,1.6));
#5539 = DIRECTION('',(0.,0.,1.));
#5540 = DIRECTION('',(-7.988490599082E-03,-0.9999680915,0.));
#5541 = ORIENTED_EDGE('',*,*,#5542,.F.);
#5542 = EDGE_CURVE('',#5543,#5534,#5545,.T.);
#5543 = VERTEX_POINT('',#5544);
#5544 = CARTESIAN_POINT('',(108.49747,-97.391234,1.6));
#5545 = LINE('',#5546,#5547);
#5546 = CARTESIAN_POINT('',(108.49747,-97.391234,1.6));
#5547 = VECTOR('',#5548,1.);
#5548 = DIRECTION('',(1.,0.,0.));
#5549 = ORIENTED_EDGE('',*,*,#5550,.F.);
#5550 = EDGE_CURVE('',#5551,#5543,#5553,.T.);
#5551 = VERTEX_POINT('',#5552);
#5552 = CARTESIAN_POINT('',(108.43466,-97.388175,1.6));
#5553 = LINE('',#5554,#5555);
#5554 = CARTESIAN_POINT('',(108.43466,-97.388175,1.6));
#5555 = VECTOR('',#5556,1.);
#5556 = DIRECTION('',(0.998816141971,-4.864477914793E-02,0.));
#5557 = ORIENTED_EDGE('',*,*,#5558,.F.);
#5558 = EDGE_CURVE('',#5559,#5551,#5561,.T.);
#5559 = VERTEX_POINT('',#5560);
#5560 = CARTESIAN_POINT('',(108.000234,-96.890118,1.6));
#5561 = CIRCLE('',#5562,0.497565516144);
#5562 = AXIS2_PLACEMENT_3D('',#5563,#5564,#5565);
#5563 = CARTESIAN_POINT('',(108.49777906494,-96.89462923059,1.6));
#5564 = DIRECTION('',(0.,0.,1.));
#5565 = DIRECTION('',(-0.999958897481,9.066606207033E-03,0.));
#5566 = ORIENTED_EDGE('',*,*,#5567,.F.);
#5567 = EDGE_CURVE('',#5568,#5559,#5570,.T.);
#5568 = VERTEX_POINT('',#5569);
#5569 = CARTESIAN_POINT('',(107.99747,-96.891234,1.6));
#5570 = LINE('',#5571,#5572);
#5571 = CARTESIAN_POINT('',(107.99747,-96.891234,1.6));
#5572 = VECTOR('',#5573,1.);
#5573 = DIRECTION('',(0.927268715845,0.374396485847,0.));
#5574 = ORIENTED_EDGE('',*,*,#5575,.F.);
#5575 = EDGE_CURVE('',#5576,#5568,#5578,.T.);
#5576 = VERTEX_POINT('',#5577);
#5577 = CARTESIAN_POINT('',(107.99747,-83.891234,1.6));
#5578 = LINE('',#5579,#5580);
#5579 = CARTESIAN_POINT('',(107.99747,-83.891234,1.6));
#5580 = VECTOR('',#5581,1.);
#5581 = DIRECTION('',(0.,-1.,0.));
#5582 = ORIENTED_EDGE('',*,*,#5583,.F.);
#5583 = EDGE_CURVE('',#5484,#5576,#5584,.T.);
#5584 = LINE('',#5585,#5586);
#5585 = CARTESIAN_POINT('',(107.999413,-83.82566,1.6));
#5586 = VECTOR('',#5587,1.);
#5587 = DIRECTION('',(-2.961764736532E-02,-0.999561301254,0.));
#5588 = FACE_BOUND('',#5589,.T.);
#5589 = EDGE_LOOP('',(#5590,#5601,#5609,#5617,#5626,#5634,#5642,#5651,
    #5659,#5667,#5676,#5684,#5692));
#5590 = ORIENTED_EDGE('',*,*,#5591,.F.);
#5591 = EDGE_CURVE('',#5592,#5594,#5596,.T.);
#5592 = VERTEX_POINT('',#5593);
#5593 = CARTESIAN_POINT('',(127.54747,-83.391234,1.6));
#5594 = VERTEX_POINT('',#5595);
#5595 = CARTESIAN_POINT('',(127.049413,-83.82566,1.6));
#5596 = CIRCLE('',#5597,0.497554635006);
#5597 = AXIS2_PLACEMENT_3D('',#5598,#5599,#5600);
#5598 = CARTESIAN_POINT('',(127.54294920228,-83.88876809652,1.6));
#5599 = DIRECTION('',(0.,0.,1.));
#5600 = DIRECTION('',(9.086032757149E-03,0.999958721152,-0.));
#5601 = ORIENTED_EDGE('',*,*,#5602,.F.);
#5602 = EDGE_CURVE('',#5603,#5592,#5605,.T.);
#5603 = VERTEX_POINT('',#5604);
#5604 = CARTESIAN_POINT('',(140.54747,-83.391234,1.6));
#5605 = LINE('',#5606,#5607);
#5606 = CARTESIAN_POINT('',(140.54747,-83.391234,1.6));
#5607 = VECTOR('',#5608,1.);
#5608 = DIRECTION('',(-1.,0.,0.));
#5609 = ORIENTED_EDGE('',*,*,#5610,.F.);
#5610 = EDGE_CURVE('',#5611,#5603,#5613,.T.);
#5611 = VERTEX_POINT('',#5612);
#5612 = CARTESIAN_POINT('',(140.613041,-83.393178,1.6));
#5613 = LINE('',#5614,#5615);
#5614 = CARTESIAN_POINT('',(140.613041,-83.393178,1.6));
#5615 = VECTOR('',#5616,1.);
#5616 = DIRECTION('',(-0.999560809708,2.963423181104E-02,0.));
#5617 = ORIENTED_EDGE('',*,*,#5618,.F.);
#5618 = EDGE_CURVE('',#5619,#5611,#5621,.T.);
#5619 = VERTEX_POINT('',#5620);
#5620 = CARTESIAN_POINT('',(141.04747,-83.891234,1.6));
#5621 = CIRCLE('',#5622,0.49762810037);
#5622 = AXIS2_PLACEMENT_3D('',#5623,#5624,#5625);
#5623 = CARTESIAN_POINT('',(140.54986184008,-83.88677917507,1.6));
#5624 = DIRECTION('',(0.,0.,1.));
#5625 = DIRECTION('',(0.999959928999,-8.952116905827E-03,0.));
#5626 = ORIENTED_EDGE('',*,*,#5627,.F.);
#5627 = EDGE_CURVE('',#5628,#5619,#5630,.T.);
#5628 = VERTEX_POINT('',#5629);
#5629 = CARTESIAN_POINT('',(141.04747,-96.891234,1.6));
#5630 = LINE('',#5631,#5632);
#5631 = CARTESIAN_POINT('',(141.04747,-96.891234,1.6));
#5632 = VECTOR('',#5633,1.);
#5633 = DIRECTION('',(0.,1.,0.));
#5634 = ORIENTED_EDGE('',*,*,#5635,.F.);
#5635 = EDGE_CURVE('',#5636,#5628,#5638,.T.);
#5636 = VERTEX_POINT('',#5637);
#5637 = CARTESIAN_POINT('',(141.045327,-96.956774,1.6));
#5638 = LINE('',#5639,#5640);
#5639 = CARTESIAN_POINT('',(141.045327,-96.956774,1.6));
#5640 = VECTOR('',#5641,1.);
#5641 = DIRECTION('',(3.26801242367E-02,0.999465862088,0.));
#5642 = ORIENTED_EDGE('',*,*,#5643,.F.);
#5643 = EDGE_CURVE('',#5644,#5636,#5646,.T.);
#5644 = VERTEX_POINT('',#5645);
#5645 = CARTESIAN_POINT('',(140.54747,-97.391234,1.6));
#5646 = CIRCLE('',#5647,0.497940142437);
#5647 = AXIS2_PLACEMENT_3D('',#5648,#5649,#5650);
#5648 = CARTESIAN_POINT('',(140.55144779014,-96.89330974608,1.6));
#5649 = DIRECTION('',(0.,0.,1.));
#5650 = DIRECTION('',(-7.988490599025E-03,-0.9999680915,0.));
#5651 = ORIENTED_EDGE('',*,*,#5652,.F.);
#5652 = EDGE_CURVE('',#5653,#5644,#5655,.T.);
#5653 = VERTEX_POINT('',#5654);
#5654 = CARTESIAN_POINT('',(127.54747,-97.391234,1.6));
#5655 = LINE('',#5656,#5657);
#5656 = CARTESIAN_POINT('',(127.54747,-97.391234,1.6));
#5657 = VECTOR('',#5658,1.);
#5658 = DIRECTION('',(1.,0.,0.));
#5659 = ORIENTED_EDGE('',*,*,#5660,.F.);
#5660 = EDGE_CURVE('',#5661,#5653,#5663,.T.);
#5661 = VERTEX_POINT('',#5662);
#5662 = CARTESIAN_POINT('',(127.48466,-97.388175,1.6));
#5663 = LINE('',#5664,#5665);
#5664 = CARTESIAN_POINT('',(127.48466,-97.388175,1.6));
#5665 = VECTOR('',#5666,1.);
#5666 = DIRECTION('',(0.998816141971,-4.864477914794E-02,0.));
#5667 = ORIENTED_EDGE('',*,*,#5668,.F.);
#5668 = EDGE_CURVE('',#5669,#5661,#5671,.T.);
#5669 = VERTEX_POINT('',#5670);
#5670 = CARTESIAN_POINT('',(127.050234,-96.890118,1.6));
#5671 = CIRCLE('',#5672,0.497565516144);
#5672 = AXIS2_PLACEMENT_3D('',#5673,#5674,#5675);
#5673 = CARTESIAN_POINT('',(127.54777906494,-96.89462923059,1.6));
#5674 = DIRECTION('',(0.,0.,1.));
#5675 = DIRECTION('',(-0.999958897481,9.066606207062E-03,0.));
#5676 = ORIENTED_EDGE('',*,*,#5677,.F.);
#5677 = EDGE_CURVE('',#5678,#5669,#5680,.T.);
#5678 = VERTEX_POINT('',#5679);
#5679 = CARTESIAN_POINT('',(127.04747,-96.891234,1.6));
#5680 = LINE('',#5681,#5682);
#5681 = CARTESIAN_POINT('',(127.04747,-96.891234,1.6));
#5682 = VECTOR('',#5683,1.);
#5683 = DIRECTION('',(0.927268715845,0.374396485847,0.));
#5684 = ORIENTED_EDGE('',*,*,#5685,.F.);
#5685 = EDGE_CURVE('',#5686,#5678,#5688,.T.);
#5686 = VERTEX_POINT('',#5687);
#5687 = CARTESIAN_POINT('',(127.04747,-83.891234,1.6));
#5688 = LINE('',#5689,#5690);
#5689 = CARTESIAN_POINT('',(127.04747,-83.891234,1.6));
#5690 = VECTOR('',#5691,1.);
#5691 = DIRECTION('',(0.,-1.,0.));
#5692 = ORIENTED_EDGE('',*,*,#5693,.F.);
#5693 = EDGE_CURVE('',#5594,#5686,#5694,.T.);
#5694 = LINE('',#5695,#5696);
#5695 = CARTESIAN_POINT('',(127.049413,-83.82566,1.6));
#5696 = VECTOR('',#5697,1.);
#5697 = DIRECTION('',(-2.961764736532E-02,-0.999561301254,0.));
#5698 = FACE_BOUND('',#5699,.T.);
#5699 = EDGE_LOOP('',(#5700,#5711,#5719,#5727,#5736,#5744,#5752,#5760,
    #5768,#5777,#5785,#5793,#5802,#5810,#5818,#5826,#5834,#5843,#5851,
    #5859,#5868,#5876,#5884,#5892,#5901,#5909,#5917,#5926,#5934,#5942,
    #5951,#5959,#5967,#5976,#5984,#5992,#6001,#6009,#6017,#6025));
#5700 = ORIENTED_EDGE('',*,*,#5701,.F.);
#5701 = EDGE_CURVE('',#5702,#5704,#5706,.T.);
#5702 = VERTEX_POINT('',#5703);
#5703 = CARTESIAN_POINT('',(133.48815,-106.205678,1.6));
#5704 = VERTEX_POINT('',#5705);
#5705 = CARTESIAN_POINT('',(133.05372,-106.703733,1.6));
#5706 = CIRCLE('',#5707,0.497645133506);
#5707 = AXIS2_PLACEMENT_3D('',#5708,#5709,#5710);
#5708 = CARTESIAN_POINT('',(133.55134533761,-106.6992942762,1.6));
#5709 = DIRECTION('',(0.,0.,1.));
#5710 = DIRECTION('',(-0.126988758369,0.991904156281,0.));
#5711 = ORIENTED_EDGE('',*,*,#5712,.F.);
#5712 = EDGE_CURVE('',#5713,#5702,#5715,.T.);
#5713 = VERTEX_POINT('',#5714);
#5714 = CARTESIAN_POINT('',(133.55372,-106.203733,1.6));
#5715 = LINE('',#5716,#5717);
#5716 = CARTESIAN_POINT('',(133.55372,-106.203733,1.6));
#5717 = VECTOR('',#5718,1.);
#5718 = DIRECTION('',(-0.999560344647,-2.964991414282E-02,0.));
#5719 = ORIENTED_EDGE('',*,*,#5720,.F.);
#5720 = EDGE_CURVE('',#5721,#5713,#5723,.T.);
#5721 = VERTEX_POINT('',#5722);
#5722 = CARTESIAN_POINT('',(139.30372,-106.203733,1.6));
#5723 = LINE('',#5724,#5725);
#5724 = CARTESIAN_POINT('',(139.30372,-106.203733,1.6));
#5725 = VECTOR('',#5726,1.);
#5726 = DIRECTION('',(-1.,0.,0.));
#5727 = ORIENTED_EDGE('',*,*,#5728,.F.);
#5728 = EDGE_CURVE('',#5729,#5721,#5731,.T.);
#5729 = VERTEX_POINT('',#5730);
#5730 = CARTESIAN_POINT('',(139.801777,-106.638159,1.6));
#5731 = CIRCLE('',#5732,0.497565516144);
#5732 = AXIS2_PLACEMENT_3D('',#5733,#5734,#5735);
#5733 = CARTESIAN_POINT('',(139.30823123059,-106.7012780649,1.6));
#5734 = DIRECTION('',(0.,0.,1.));
#5735 = DIRECTION('',(0.991921170961,0.126855786625,-0.));
#5736 = ORIENTED_EDGE('',*,*,#5737,.F.);
#5737 = EDGE_CURVE('',#5738,#5729,#5740,.T.);
#5738 = VERTEX_POINT('',#5739);
#5739 = CARTESIAN_POINT('',(139.80372,-106.703733,1.6));
#5740 = LINE('',#5741,#5742);
#5741 = CARTESIAN_POINT('',(139.80372,-106.703733,1.6));
#5742 = VECTOR('',#5743,1.);
#5743 = DIRECTION('',(-2.961764736554E-02,0.999561301254,0.));
#5744 = ORIENTED_EDGE('',*,*,#5745,.F.);
#5745 = EDGE_CURVE('',#5746,#5738,#5748,.T.);
#5746 = VERTEX_POINT('',#5747);
#5747 = CARTESIAN_POINT('',(139.80372,-107.203734,1.6));
#5748 = LINE('',#5749,#5750);
#5749 = CARTESIAN_POINT('',(139.80372,-107.203734,1.6));
#5750 = VECTOR('',#5751,1.);
#5751 = DIRECTION('',(0.,1.,0.));
#5752 = ORIENTED_EDGE('',*,*,#5753,.F.);
#5753 = EDGE_CURVE('',#5754,#5746,#5756,.T.);
#5754 = VERTEX_POINT('',#5755);
#5755 = CARTESIAN_POINT('',(147.33497,-107.203734,1.6));
#5756 = LINE('',#5757,#5758);
#5757 = CARTESIAN_POINT('',(147.33497,-107.203734,1.6));
#5758 = VECTOR('',#5759,1.);
#5759 = DIRECTION('',(-1.,0.,0.));
#5760 = ORIENTED_EDGE('',*,*,#5761,.F.);
#5761 = EDGE_CURVE('',#5762,#5754,#5764,.T.);
#5762 = VERTEX_POINT('',#5763);
#5763 = CARTESIAN_POINT('',(147.341169,-106.703733,1.6));
#5764 = LINE('',#5765,#5766);
#5765 = CARTESIAN_POINT('',(147.341169,-106.703733,1.6));
#5766 = VECTOR('',#5767,1.);
#5767 = DIRECTION('',(-1.239702246882E-02,-0.999923153964,0.));
#5768 = ORIENTED_EDGE('',*,*,#5769,.F.);
#5769 = EDGE_CURVE('',#5770,#5762,#5772,.T.);
#5770 = VERTEX_POINT('',#5771);
#5771 = CARTESIAN_POINT('',(147.775641,-106.205666,1.6));
#5772 = CIRCLE('',#5773,0.497547607076);
#5773 = AXIS2_PLACEMENT_3D('',#5774,#5775,#5776);
#5774 = CARTESIAN_POINT('',(147.83869597464,-106.6992019069,1.6));
#5775 = DIRECTION('',(0.,0.,1.));
#5776 = DIRECTION('',(-0.126731540363,0.99193705278,0.));
#5777 = ORIENTED_EDGE('',*,*,#5778,.F.);
#5778 = EDGE_CURVE('',#5779,#5770,#5781,.T.);
#5779 = VERTEX_POINT('',#5780);
#5780 = CARTESIAN_POINT('',(147.84122,-106.203733,1.6));
#5781 = LINE('',#5782,#5783);
#5782 = CARTESIAN_POINT('',(147.84122,-106.203733,1.6));
#5783 = VECTOR('',#5784,1.);
#5784 = DIRECTION('',(-0.999565868549,-2.946310288202E-02,0.));
#5785 = ORIENTED_EDGE('',*,*,#5786,.F.);
#5786 = EDGE_CURVE('',#5787,#5779,#5789,.T.);
#5787 = VERTEX_POINT('',#5788);
#5788 = CARTESIAN_POINT('',(155.97247,-106.203733,1.6));
#5789 = LINE('',#5790,#5791);
#5790 = CARTESIAN_POINT('',(155.97247,-106.203733,1.6));
#5791 = VECTOR('',#5792,1.);
#5792 = DIRECTION('',(-1.,0.,0.));
#5793 = ORIENTED_EDGE('',*,*,#5794,.F.);
#5794 = EDGE_CURVE('',#5795,#5787,#5797,.T.);
#5795 = VERTEX_POINT('',#5796);
#5796 = CARTESIAN_POINT('',(156.470324,-106.638191,1.6));
#5797 = CIRCLE('',#5798,0.497904474708);
#5798 = AXIS2_PLACEMENT_3D('',#5799,#5800,#5801);
#5799 = CARTESIAN_POINT('',(155.97647639606,-106.7016213556,1.6));
#5800 = DIRECTION('',(0.,0.,1.));
#5801 = DIRECTION('',(0.991852110235,0.1273946287,-0.));
#5802 = ORIENTED_EDGE('',*,*,#5803,.F.);
#5803 = EDGE_CURVE('',#5804,#5795,#5806,.T.);
#5804 = VERTEX_POINT('',#5805);
#5805 = CARTESIAN_POINT('',(156.47247,-106.703733,1.6));
#5806 = LINE('',#5807,#5808);
#5807 = CARTESIAN_POINT('',(156.47247,-106.703733,1.6));
#5808 = VECTOR('',#5809,1.);
#5809 = DIRECTION('',(-3.272482684595E-02,0.99946439942,0.));
#5810 = ORIENTED_EDGE('',*,*,#5811,.F.);
#5811 = EDGE_CURVE('',#5812,#5804,#5814,.T.);
#5812 = VERTEX_POINT('',#5813);
#5813 = CARTESIAN_POINT('',(156.48497,-107.203734,1.6));
#5814 = LINE('',#5815,#5816);
#5815 = CARTESIAN_POINT('',(156.48497,-107.203734,1.6));
#5816 = VECTOR('',#5817,1.);
#5817 = DIRECTION('',(-2.499214120718E-02,0.999687647657,0.));
#5818 = ORIENTED_EDGE('',*,*,#5819,.F.);
#5819 = EDGE_CURVE('',#5820,#5812,#5822,.T.);
#5820 = VERTEX_POINT('',#5821);
#5821 = CARTESIAN_POINT('',(171.15372,-107.203734,1.6));
#5822 = LINE('',#5823,#5824);
#5823 = CARTESIAN_POINT('',(171.15372,-107.203734,1.6));
#5824 = VECTOR('',#5825,1.);
#5825 = DIRECTION('',(-1.,0.,0.));
#5826 = ORIENTED_EDGE('',*,*,#5827,.F.);
#5827 = EDGE_CURVE('',#5828,#5820,#5830,.T.);
#5828 = VERTEX_POINT('',#5829);
#5829 = CARTESIAN_POINT('',(171.15372,-106.703733,1.6));
#5830 = LINE('',#5831,#5832);
#5831 = CARTESIAN_POINT('',(171.15372,-106.703733,1.6));
#5832 = VECTOR('',#5833,1.);
#5833 = DIRECTION('',(0.,-1.,0.));
#5834 = ORIENTED_EDGE('',*,*,#5835,.F.);
#5835 = EDGE_CURVE('',#5836,#5828,#5838,.T.);
#5836 = VERTEX_POINT('',#5837);
#5837 = CARTESIAN_POINT('',(171.58815,-106.205678,1.6));
#5838 = CIRCLE('',#5839,0.497645133506);
#5839 = AXIS2_PLACEMENT_3D('',#5840,#5841,#5842);
#5840 = CARTESIAN_POINT('',(171.65134533761,-106.6992942762,1.6));
#5841 = DIRECTION('',(0.,0.,1.));
#5842 = DIRECTION('',(-0.126988758368,0.991904156281,0.));
#5843 = ORIENTED_EDGE('',*,*,#5844,.F.);
#5844 = EDGE_CURVE('',#5845,#5836,#5847,.T.);
#5845 = VERTEX_POINT('',#5846);
#5846 = CARTESIAN_POINT('',(171.65372,-106.203733,1.6));
#5847 = LINE('',#5848,#5849);
#5848 = CARTESIAN_POINT('',(171.65372,-106.203733,1.6));
#5849 = VECTOR('',#5850,1.);
#5850 = DIRECTION('',(-0.999560344647,-2.964991414284E-02,0.));
#5851 = ORIENTED_EDGE('',*,*,#5852,.F.);
#5852 = EDGE_CURVE('',#5853,#5845,#5855,.T.);
#5853 = VERTEX_POINT('',#5854);
#5854 = CARTESIAN_POINT('',(177.40372,-106.203733,1.6));
#5855 = LINE('',#5856,#5857);
#5856 = CARTESIAN_POINT('',(177.40372,-106.203733,1.6));
#5857 = VECTOR('',#5858,1.);
#5858 = DIRECTION('',(-1.,0.,0.));
#5859 = ORIENTED_EDGE('',*,*,#5860,.F.);
#5860 = EDGE_CURVE('',#5861,#5853,#5863,.T.);
#5861 = VERTEX_POINT('',#5862);
#5862 = CARTESIAN_POINT('',(177.901777,-106.638159,1.6));
#5863 = CIRCLE('',#5864,0.497565516144);
#5864 = AXIS2_PLACEMENT_3D('',#5865,#5866,#5867);
#5865 = CARTESIAN_POINT('',(177.40823123059,-106.7012780649,1.6));
#5866 = DIRECTION('',(0.,0.,1.));
#5867 = DIRECTION('',(0.991921170961,0.126855786625,-0.));
#5868 = ORIENTED_EDGE('',*,*,#5869,.F.);
#5869 = EDGE_CURVE('',#5870,#5861,#5872,.T.);
#5870 = VERTEX_POINT('',#5871);
#5871 = CARTESIAN_POINT('',(177.90372,-106.703733,1.6));
#5872 = LINE('',#5873,#5874);
#5873 = CARTESIAN_POINT('',(177.90372,-106.703733,1.6));
#5874 = VECTOR('',#5875,1.);
#5875 = DIRECTION('',(-2.961764736511E-02,0.999561301254,0.));
#5876 = ORIENTED_EDGE('',*,*,#5877,.F.);
#5877 = EDGE_CURVE('',#5878,#5870,#5880,.T.);
#5878 = VERTEX_POINT('',#5879);
#5879 = CARTESIAN_POINT('',(177.90997,-107.203734,1.6));
#5880 = LINE('',#5881,#5882);
#5881 = CARTESIAN_POINT('',(177.90997,-107.203734,1.6));
#5882 = VECTOR('',#5883,1.);
#5883 = DIRECTION('',(-1.249899855782E-02,0.999921884467,0.));
#5884 = ORIENTED_EDGE('',*,*,#5885,.F.);
#5885 = EDGE_CURVE('',#5886,#5878,#5888,.T.);
#5886 = VERTEX_POINT('',#5887);
#5887 = CARTESIAN_POINT('',(178.64747,-107.203734,1.6));
#5888 = LINE('',#5889,#5890);
#5889 = CARTESIAN_POINT('',(178.64747,-107.203734,1.6));
#5890 = VECTOR('',#5891,1.);
#5891 = DIRECTION('',(-1.,0.,0.));
#5892 = ORIENTED_EDGE('',*,*,#5893,.F.);
#5893 = EDGE_CURVE('',#5894,#5886,#5896,.T.);
#5894 = VERTEX_POINT('',#5895);
#5895 = CARTESIAN_POINT('',(179.145324,-107.638192,1.6));
#5896 = CIRCLE('',#5897,0.497900283934);
#5897 = AXIS2_PLACEMENT_3D('',#5898,#5899,#5900);
#5898 = CARTESIAN_POINT('',(178.65148007918,-107.7016181351,1.6));
#5899 = DIRECTION('',(0.,0.,1.));
#5900 = DIRECTION('',(0.991853061244,0.127387224247,-0.));
#5901 = ORIENTED_EDGE('',*,*,#5902,.F.);
#5902 = EDGE_CURVE('',#5903,#5894,#5905,.T.);
#5903 = VERTEX_POINT('',#5904);
#5904 = CARTESIAN_POINT('',(179.14747,-107.703734,1.6));
#5905 = LINE('',#5906,#5907);
#5906 = CARTESIAN_POINT('',(179.14747,-107.703734,1.6));
#5907 = VECTOR('',#5908,1.);
#5908 = DIRECTION('',(-3.272482684639E-02,0.99946439942,0.));
#5909 = ORIENTED_EDGE('',*,*,#5910,.F.);
#5910 = EDGE_CURVE('',#5911,#5903,#5913,.T.);
#5911 = VERTEX_POINT('',#5912);
#5912 = CARTESIAN_POINT('',(179.14747,-120.703734,1.6));
#5913 = LINE('',#5914,#5915);
#5914 = CARTESIAN_POINT('',(179.14747,-120.703734,1.6));
#5915 = VECTOR('',#5916,1.);
#5916 = DIRECTION('',(0.,1.,0.));
#5917 = ORIENTED_EDGE('',*,*,#5918,.F.);
#5918 = EDGE_CURVE('',#5919,#5911,#5921,.T.);
#5919 = VERTEX_POINT('',#5920);
#5920 = CARTESIAN_POINT('',(178.713039,-121.20179,1.6));
#5921 = CIRCLE('',#5922,0.497658311037);
#5922 = AXIS2_PLACEMENT_3D('',#5923,#5924,#5925);
#5923 = CARTESIAN_POINT('',(178.64983138888,-120.70816201,1.6));
#5924 = DIRECTION('',(0.,0.,1.));
#5925 = DIRECTION('',(0.12701005833,-0.991901429116,0.));
#5926 = ORIENTED_EDGE('',*,*,#5927,.F.);
#5927 = EDGE_CURVE('',#5928,#5919,#5930,.T.);
#5928 = VERTEX_POINT('',#5929);
#5929 = CARTESIAN_POINT('',(178.64747,-121.203734,1.6));
#5930 = LINE('',#5931,#5932);
#5931 = CARTESIAN_POINT('',(178.64747,-121.203734,1.6));
#5932 = VECTOR('',#5933,1.);
#5933 = DIRECTION('',(0.999560782933,2.963513492681E-02,0.));
#5934 = ORIENTED_EDGE('',*,*,#5935,.F.);
#5935 = EDGE_CURVE('',#5936,#5928,#5938,.T.);
#5936 = VERTEX_POINT('',#5937);
#5937 = CARTESIAN_POINT('',(109.738491,-121.200171,1.6));
#5938 = LINE('',#5939,#5940);
#5939 = CARTESIAN_POINT('',(109.738491,-121.200171,1.6));
#5940 = VECTOR('',#5941,1.);
#5941 = DIRECTION('',(0.999999998663,-5.170588865113E-05,0.));
#5942 = ORIENTED_EDGE('',*,*,#5943,.F.);
#5943 = EDGE_CURVE('',#5944,#5936,#5946,.T.);
#5944 = VERTEX_POINT('',#5945);
#5945 = CARTESIAN_POINT('',(109.240645,-120.765765,1.6));
#5946 = CIRCLE('',#5947,0.497970555706);
#5947 = AXIS2_PLACEMENT_3D('',#5948,#5949,#5950);
#5948 = CARTESIAN_POINT('',(109.73454398764,-120.7022160869,1.6));
#5949 = DIRECTION('',(0.,0.,1.));
#5950 = DIRECTION('',(-0.991823677098,-0.127615804459,0.));
#5951 = ORIENTED_EDGE('',*,*,#5952,.F.);
#5952 = EDGE_CURVE('',#5953,#5944,#5955,.T.);
#5953 = VERTEX_POINT('',#5954);
#5954 = CARTESIAN_POINT('',(109.238491,-120.700231,1.6));
#5955 = LINE('',#5956,#5957);
#5956 = CARTESIAN_POINT('',(109.238491,-120.700231,1.6));
#5957 = VECTOR('',#5958,1.);
#5958 = DIRECTION('',(3.285069463456E-02,-0.999460270277,0.));
#5959 = ORIENTED_EDGE('',*,*,#5960,.F.);
#5960 = EDGE_CURVE('',#5961,#5953,#5963,.T.);
#5961 = VERTEX_POINT('',#5962);
#5962 = CARTESIAN_POINT('',(109.24122,-106.703733,1.6));
#5963 = LINE('',#5964,#5965);
#5964 = CARTESIAN_POINT('',(109.24122,-106.703733,1.6));
#5965 = VECTOR('',#5966,1.);
#5966 = DIRECTION('',(-1.949773399124E-04,-0.999999980992,0.));
#5967 = ORIENTED_EDGE('',*,*,#5968,.F.);
#5968 = EDGE_CURVE('',#5969,#5961,#5971,.T.);
#5969 = VERTEX_POINT('',#5970);
#5970 = CARTESIAN_POINT('',(109.675648,-106.205717,1.6));
#5971 = CIRCLE('',#5972,0.497497860179);
#5972 = AXIS2_PLACEMENT_3D('',#5973,#5974,#5975);
#5973 = CARTESIAN_POINT('',(109.73869724009,-106.6992034883,1.6));
#5974 = DIRECTION('',(0.,0.,1.));
#5975 = DIRECTION('',(-0.12673268598,0.991936906413,0.));
#5976 = ORIENTED_EDGE('',*,*,#5977,.F.);
#5977 = EDGE_CURVE('',#5978,#5969,#5980,.T.);
#5978 = VERTEX_POINT('',#5979);
#5979 = CARTESIAN_POINT('',(109.74122,-106.203733,1.6));
#5980 = LINE('',#5981,#5982);
#5981 = CARTESIAN_POINT('',(109.74122,-106.203733,1.6));
#5982 = VECTOR('',#5983,1.);
#5983 = DIRECTION('',(-0.99954257656,-3.024297675689E-02,0.));
#5984 = ORIENTED_EDGE('',*,*,#5985,.F.);
#5985 = EDGE_CURVE('',#5986,#5978,#5988,.T.);
#5986 = VERTEX_POINT('',#5987);
#5987 = CARTESIAN_POINT('',(117.871865,-106.203739,1.6));
#5988 = LINE('',#5989,#5990);
#5989 = CARTESIAN_POINT('',(117.871865,-106.203739,1.6));
#5990 = VECTOR('',#5991,1.);
#5991 = DIRECTION('',(-1.,7.37948834202E-07,0.));
#5992 = ORIENTED_EDGE('',*,*,#5993,.F.);
#5993 = EDGE_CURVE('',#5994,#5986,#5996,.T.);
#5994 = VERTEX_POINT('',#5995);
#5995 = CARTESIAN_POINT('',(118.369707,-106.638195,1.6));
#5996 = CIRCLE('',#5997,0.497994267446);
#5997 = AXIS2_PLACEMENT_3D('',#5998,#5999,#6000);
#5998 = CARTESIAN_POINT('',(117.8757807554,-106.7017178723,1.6));
#5999 = DIRECTION('',(0.,0.,1.));
#6000 = DIRECTION('',(0.991831185389,0.12755743683,-0.));
#6001 = ORIENTED_EDGE('',*,*,#6002,.F.);
#6002 = EDGE_CURVE('',#6003,#5994,#6005,.T.);
#6003 = VERTEX_POINT('',#6004);
#6004 = CARTESIAN_POINT('',(118.371865,-106.703733,1.6));
#6005 = LINE('',#6006,#6007);
#6006 = CARTESIAN_POINT('',(118.371865,-106.703733,1.6));
#6007 = VECTOR('',#6008,1.);
#6008 = DIRECTION('',(-3.290962616315E-02,0.999458331551,0.));
#6009 = ORIENTED_EDGE('',*,*,#6010,.F.);
#6010 = EDGE_CURVE('',#6011,#6003,#6013,.T.);
#6011 = VERTEX_POINT('',#6012);
#6012 = CARTESIAN_POINT('',(118.37197,-107.203734,1.6));
#6013 = LINE('',#6014,#6015);
#6014 = CARTESIAN_POINT('',(118.37197,-107.203734,1.6));
#6015 = VECTOR('',#6016,1.);
#6016 = DIRECTION('',(-2.099995753802E-04,0.99999997795,0.));
#6017 = ORIENTED_EDGE('',*,*,#6018,.F.);
#6018 = EDGE_CURVE('',#6019,#6011,#6021,.T.);
#6019 = VERTEX_POINT('',#6020);
#6020 = CARTESIAN_POINT('',(133.03497,-107.208734,1.6));
#6021 = LINE('',#6022,#6023);
#6022 = CARTESIAN_POINT('',(133.03497,-107.208734,1.6));
#6023 = VECTOR('',#6024,1.);
#6024 = DIRECTION('',(-0.999999941861,3.409943196697E-04,0.));
#6025 = ORIENTED_EDGE('',*,*,#6026,.F.);
#6026 = EDGE_CURVE('',#5704,#6019,#6027,.T.);
#6027 = LINE('',#6028,#6029);
#6028 = CARTESIAN_POINT('',(133.05372,-106.703733,1.6));
#6029 = VECTOR('',#6030,1.);
#6030 = DIRECTION('',(-3.710307419769E-02,-0.999311443888,0.));
#6031 = FACE_BOUND('',#6032,.T.);
#6032 = EDGE_LOOP('',(#6033));
#6033 = ORIENTED_EDGE('',*,*,#6034,.T.);
#6034 = EDGE_CURVE('',#6035,#6035,#6037,.T.);
#6035 = VERTEX_POINT('',#6036);
#6036 = CARTESIAN_POINT('',(195.95997,-126.813109,1.6));
#6037 = CIRCLE('',#6038,1.1);
#6038 = AXIS2_PLACEMENT_3D('',#6039,#6040,#6041);
#6039 = CARTESIAN_POINT('',(195.95997,-125.713109,1.6));
#6040 = DIRECTION('',(-0.,0.,-1.));
#6041 = DIRECTION('',(-0.,-1.,0.));
#6042 = FACE_BOUND('',#6043,.T.);
#6043 = EDGE_LOOP('',(#6044,#6055,#6063,#6071,#6080,#6088,#6096,#6105,
    #6113,#6121,#6130,#6138,#6146));
#6044 = ORIENTED_EDGE('',*,*,#6045,.F.);
#6045 = EDGE_CURVE('',#6046,#6048,#6050,.T.);
#6046 = VERTEX_POINT('',#6047);
#6047 = CARTESIAN_POINT('',(189.45997,-107.203734,1.6));
#6048 = VERTEX_POINT('',#6049);
#6049 = CARTESIAN_POINT('',(188.961913,-107.63816,1.6));
#6050 = CIRCLE('',#6051,0.497554635006);
#6051 = AXIS2_PLACEMENT_3D('',#6052,#6053,#6054);
#6052 = CARTESIAN_POINT('',(189.45544920228,-107.7012680965,1.6));
#6053 = DIRECTION('',(0.,0.,1.));
#6054 = DIRECTION('',(9.086032757149E-03,0.999958721152,-0.));
#6055 = ORIENTED_EDGE('',*,*,#6056,.F.);
#6056 = EDGE_CURVE('',#6057,#6046,#6059,.T.);
#6057 = VERTEX_POINT('',#6058);
#6058 = CARTESIAN_POINT('',(202.45997,-107.203734,1.6));
#6059 = LINE('',#6060,#6061);
#6060 = CARTESIAN_POINT('',(202.45997,-107.203734,1.6));
#6061 = VECTOR('',#6062,1.);
#6062 = DIRECTION('',(-1.,0.,0.));
#6063 = ORIENTED_EDGE('',*,*,#6064,.F.);
#6064 = EDGE_CURVE('',#6065,#6057,#6067,.T.);
#6065 = VERTEX_POINT('',#6066);
#6066 = CARTESIAN_POINT('',(202.525541,-107.205678,1.6));
#6067 = LINE('',#6068,#6069);
#6068 = CARTESIAN_POINT('',(202.525541,-107.205678,1.6));
#6069 = VECTOR('',#6070,1.);
#6070 = DIRECTION('',(-0.999560809708,2.963423181104E-02,0.));
#6071 = ORIENTED_EDGE('',*,*,#6072,.F.);
#6072 = EDGE_CURVE('',#6073,#6065,#6075,.T.);
#6073 = VERTEX_POINT('',#6074);
#6074 = CARTESIAN_POINT('',(202.95997,-107.703734,1.6));
#6075 = CIRCLE('',#6076,0.49762810037);
#6076 = AXIS2_PLACEMENT_3D('',#6077,#6078,#6079);
#6077 = CARTESIAN_POINT('',(202.46236184008,-107.699279175,1.6));
#6078 = DIRECTION('',(0.,0.,1.));
#6079 = DIRECTION('',(0.999959928999,-8.952116905798E-03,0.));
#6080 = ORIENTED_EDGE('',*,*,#6081,.F.);
#6081 = EDGE_CURVE('',#6082,#6073,#6084,.T.);
#6082 = VERTEX_POINT('',#6083);
#6083 = CARTESIAN_POINT('',(202.95997,-120.703734,1.6));
#6084 = LINE('',#6085,#6086);
#6085 = CARTESIAN_POINT('',(202.95997,-120.703734,1.6));
#6086 = VECTOR('',#6087,1.);
#6087 = DIRECTION('',(0.,1.,0.));
#6088 = ORIENTED_EDGE('',*,*,#6089,.F.);
#6089 = EDGE_CURVE('',#6090,#6082,#6092,.T.);
#6090 = VERTEX_POINT('',#6091);
#6091 = CARTESIAN_POINT('',(202.957827,-120.769274,1.6));
#6092 = LINE('',#6093,#6094);
#6093 = CARTESIAN_POINT('',(202.957827,-120.769274,1.6));
#6094 = VECTOR('',#6095,1.);
#6095 = DIRECTION('',(3.268012423627E-02,0.999465862088,0.));
#6096 = ORIENTED_EDGE('',*,*,#6097,.F.);
#6097 = EDGE_CURVE('',#6098,#6090,#6100,.T.);
#6098 = VERTEX_POINT('',#6099);
#6099 = CARTESIAN_POINT('',(202.45997,-121.203734,1.6));
#6100 = CIRCLE('',#6101,0.497940142437);
#6101 = AXIS2_PLACEMENT_3D('',#6102,#6103,#6104);
#6102 = CARTESIAN_POINT('',(202.46394779014,-120.705809746,1.6));
#6103 = DIRECTION('',(0.,0.,1.));
#6104 = DIRECTION('',(-7.988490599139E-03,-0.9999680915,0.));
#6105 = ORIENTED_EDGE('',*,*,#6106,.F.);
#6106 = EDGE_CURVE('',#6107,#6098,#6109,.T.);
#6107 = VERTEX_POINT('',#6108);
#6108 = CARTESIAN_POINT('',(189.45997,-121.203734,1.6));
#6109 = LINE('',#6110,#6111);
#6110 = CARTESIAN_POINT('',(189.45997,-121.203734,1.6));
#6111 = VECTOR('',#6112,1.);
#6112 = DIRECTION('',(1.,0.,0.));
#6113 = ORIENTED_EDGE('',*,*,#6114,.F.);
#6114 = EDGE_CURVE('',#6115,#6107,#6117,.T.);
#6115 = VERTEX_POINT('',#6116);
#6116 = CARTESIAN_POINT('',(189.39716,-121.200675,1.6));
#6117 = LINE('',#6118,#6119);
#6118 = CARTESIAN_POINT('',(189.39716,-121.200675,1.6));
#6119 = VECTOR('',#6120,1.);
#6120 = DIRECTION('',(0.998816141971,-4.864477914795E-02,0.));
#6121 = ORIENTED_EDGE('',*,*,#6122,.F.);
#6122 = EDGE_CURVE('',#6123,#6115,#6125,.T.);
#6123 = VERTEX_POINT('',#6124);
#6124 = CARTESIAN_POINT('',(188.962734,-120.702618,1.6));
#6125 = CIRCLE('',#6126,0.497565516144);
#6126 = AXIS2_PLACEMENT_3D('',#6127,#6128,#6129);
#6127 = CARTESIAN_POINT('',(189.46027906494,-120.7071292305,1.6));
#6128 = DIRECTION('',(0.,0.,1.));
#6129 = DIRECTION('',(-0.999958897481,9.06660620712E-03,0.));
#6130 = ORIENTED_EDGE('',*,*,#6131,.F.);
#6131 = EDGE_CURVE('',#6132,#6123,#6134,.T.);
#6132 = VERTEX_POINT('',#6133);
#6133 = CARTESIAN_POINT('',(188.95997,-120.703734,1.6));
#6134 = LINE('',#6135,#6136);
#6135 = CARTESIAN_POINT('',(188.95997,-120.703734,1.6));
#6136 = VECTOR('',#6137,1.);
#6137 = DIRECTION('',(0.927268715846,0.374396485845,0.));
#6138 = ORIENTED_EDGE('',*,*,#6139,.F.);
#6139 = EDGE_CURVE('',#6140,#6132,#6142,.T.);
#6140 = VERTEX_POINT('',#6141);
#6141 = CARTESIAN_POINT('',(188.95997,-107.703734,1.6));
#6142 = LINE('',#6143,#6144);
#6143 = CARTESIAN_POINT('',(188.95997,-107.703734,1.6));
#6144 = VECTOR('',#6145,1.);
#6145 = DIRECTION('',(0.,-1.,0.));
#6146 = ORIENTED_EDGE('',*,*,#6147,.F.);
#6147 = EDGE_CURVE('',#6048,#6140,#6148,.T.);
#6148 = LINE('',#6149,#6150);
#6149 = CARTESIAN_POINT('',(188.961913,-107.63816,1.6));
#6150 = VECTOR('',#6151,1.);
#6151 = DIRECTION('',(-2.961764736554E-02,-0.999561301254,0.));
#6152 = FACE_BOUND('',#6153,.T.);
#6153 = EDGE_LOOP('',(#6154,#6165,#6173,#6181,#6190,#6198,#6206,#6215,
    #6223,#6231,#6240,#6248,#6256));
#6154 = ORIENTED_EDGE('',*,*,#6155,.F.);
#6155 = EDGE_CURVE('',#6156,#6158,#6160,.T.);
#6156 = VERTEX_POINT('',#6157);
#6157 = CARTESIAN_POINT('',(208.50997,-107.203734,1.6));
#6158 = VERTEX_POINT('',#6159);
#6159 = CARTESIAN_POINT('',(208.011913,-107.63816,1.6));
#6160 = CIRCLE('',#6161,0.497554635006);
#6161 = AXIS2_PLACEMENT_3D('',#6162,#6163,#6164);
#6162 = CARTESIAN_POINT('',(208.50544920228,-107.7012680965,1.6));
#6163 = DIRECTION('',(0.,0.,1.));
#6164 = DIRECTION('',(9.086032757149E-03,0.999958721152,-0.));
#6165 = ORIENTED_EDGE('',*,*,#6166,.F.);
#6166 = EDGE_CURVE('',#6167,#6156,#6169,.T.);
#6167 = VERTEX_POINT('',#6168);
#6168 = CARTESIAN_POINT('',(221.50997,-107.203734,1.6));
#6169 = LINE('',#6170,#6171);
#6170 = CARTESIAN_POINT('',(221.50997,-107.203734,1.6));
#6171 = VECTOR('',#6172,1.);
#6172 = DIRECTION('',(-1.,0.,0.));
#6173 = ORIENTED_EDGE('',*,*,#6174,.F.);
#6174 = EDGE_CURVE('',#6175,#6167,#6177,.T.);
#6175 = VERTEX_POINT('',#6176);
#6176 = CARTESIAN_POINT('',(221.575541,-107.205678,1.6));
#6177 = LINE('',#6178,#6179);
#6178 = CARTESIAN_POINT('',(221.575541,-107.205678,1.6));
#6179 = VECTOR('',#6180,1.);
#6180 = DIRECTION('',(-0.999560809708,2.963423181105E-02,0.));
#6181 = ORIENTED_EDGE('',*,*,#6182,.F.);
#6182 = EDGE_CURVE('',#6183,#6175,#6185,.T.);
#6183 = VERTEX_POINT('',#6184);
#6184 = CARTESIAN_POINT('',(222.00997,-107.703734,1.6));
#6185 = CIRCLE('',#6186,0.49762810037);
#6186 = AXIS2_PLACEMENT_3D('',#6187,#6188,#6189);
#6187 = CARTESIAN_POINT('',(221.51236184008,-107.699279175,1.6));
#6188 = DIRECTION('',(0.,0.,1.));
#6189 = DIRECTION('',(0.999959928999,-8.952116905798E-03,0.));
#6190 = ORIENTED_EDGE('',*,*,#6191,.F.);
#6191 = EDGE_CURVE('',#6192,#6183,#6194,.T.);
#6192 = VERTEX_POINT('',#6193);
#6193 = CARTESIAN_POINT('',(222.00997,-120.703734,1.6));
#6194 = LINE('',#6195,#6196);
#6195 = CARTESIAN_POINT('',(222.00997,-120.703734,1.6));
#6196 = VECTOR('',#6197,1.);
#6197 = DIRECTION('',(0.,1.,0.));
#6198 = ORIENTED_EDGE('',*,*,#6199,.F.);
#6199 = EDGE_CURVE('',#6200,#6192,#6202,.T.);
#6200 = VERTEX_POINT('',#6201);
#6201 = CARTESIAN_POINT('',(222.007827,-120.769274,1.6));
#6202 = LINE('',#6203,#6204);
#6203 = CARTESIAN_POINT('',(222.007827,-120.769274,1.6));
#6204 = VECTOR('',#6205,1.);
#6205 = DIRECTION('',(3.26801242367E-02,0.999465862088,0.));
#6206 = ORIENTED_EDGE('',*,*,#6207,.F.);
#6207 = EDGE_CURVE('',#6208,#6200,#6210,.T.);
#6208 = VERTEX_POINT('',#6209);
#6209 = CARTESIAN_POINT('',(221.50997,-121.203734,1.6));
#6210 = CIRCLE('',#6211,0.497940142437);
#6211 = AXIS2_PLACEMENT_3D('',#6212,#6213,#6214);
#6212 = CARTESIAN_POINT('',(221.51394779014,-120.705809746,1.6));
#6213 = DIRECTION('',(0.,0.,1.));
#6214 = DIRECTION('',(-7.988490599025E-03,-0.9999680915,0.));
#6215 = ORIENTED_EDGE('',*,*,#6216,.F.);
#6216 = EDGE_CURVE('',#6217,#6208,#6219,.T.);
#6217 = VERTEX_POINT('',#6218);
#6218 = CARTESIAN_POINT('',(208.50997,-121.203734,1.6));
#6219 = LINE('',#6220,#6221);
#6220 = CARTESIAN_POINT('',(208.50997,-121.203734,1.6));
#6221 = VECTOR('',#6222,1.);
#6222 = DIRECTION('',(1.,0.,0.));
#6223 = ORIENTED_EDGE('',*,*,#6224,.F.);
#6224 = EDGE_CURVE('',#6225,#6217,#6227,.T.);
#6225 = VERTEX_POINT('',#6226);
#6226 = CARTESIAN_POINT('',(208.44716,-121.200675,1.6));
#6227 = LINE('',#6228,#6229);
#6228 = CARTESIAN_POINT('',(208.44716,-121.200675,1.6));
#6229 = VECTOR('',#6230,1.);
#6230 = DIRECTION('',(0.998816141971,-4.864477914793E-02,0.));
#6231 = ORIENTED_EDGE('',*,*,#6232,.F.);
#6232 = EDGE_CURVE('',#6233,#6225,#6235,.T.);
#6233 = VERTEX_POINT('',#6234);
#6234 = CARTESIAN_POINT('',(208.012734,-120.702618,1.6));
#6235 = CIRCLE('',#6236,0.497565516144);
#6236 = AXIS2_PLACEMENT_3D('',#6237,#6238,#6239);
#6237 = CARTESIAN_POINT('',(208.51027906494,-120.7071292305,1.6));
#6238 = DIRECTION('',(0.,0.,1.));
#6239 = DIRECTION('',(-0.999958897481,9.066606206975E-03,0.));
#6240 = ORIENTED_EDGE('',*,*,#6241,.F.);
#6241 = EDGE_CURVE('',#6242,#6233,#6244,.T.);
#6242 = VERTEX_POINT('',#6243);
#6243 = CARTESIAN_POINT('',(208.00997,-120.703734,1.6));
#6244 = LINE('',#6245,#6246);
#6245 = CARTESIAN_POINT('',(208.00997,-120.703734,1.6));
#6246 = VECTOR('',#6247,1.);
#6247 = DIRECTION('',(0.927268715845,0.374396485848,0.));
#6248 = ORIENTED_EDGE('',*,*,#6249,.F.);
#6249 = EDGE_CURVE('',#6250,#6242,#6252,.T.);
#6250 = VERTEX_POINT('',#6251);
#6251 = CARTESIAN_POINT('',(208.00997,-107.703734,1.6));
#6252 = LINE('',#6253,#6254);
#6253 = CARTESIAN_POINT('',(208.00997,-107.703734,1.6));
#6254 = VECTOR('',#6255,1.);
#6255 = DIRECTION('',(0.,-1.,0.));
#6256 = ORIENTED_EDGE('',*,*,#6257,.F.);
#6257 = EDGE_CURVE('',#6158,#6250,#6258,.T.);
#6258 = LINE('',#6259,#6260);
#6259 = CARTESIAN_POINT('',(208.011913,-107.63816,1.6));
#6260 = VECTOR('',#6261,1.);
#6261 = DIRECTION('',(-2.961764736511E-02,-0.999561301254,0.));
#6262 = FACE_BOUND('',#6263,.T.);
#6263 = EDGE_LOOP('',(#6264,#6275,#6283,#6291,#6300,#6308,#6316,#6325,
    #6333,#6341,#6350,#6358,#6366));
#6264 = ORIENTED_EDGE('',*,*,#6265,.F.);
#6265 = EDGE_CURVE('',#6266,#6268,#6270,.T.);
#6266 = VERTEX_POINT('',#6267);
#6267 = CARTESIAN_POINT('',(227.55997,-107.203734,1.6));
#6268 = VERTEX_POINT('',#6269);
#6269 = CARTESIAN_POINT('',(227.061913,-107.63816,1.6));
#6270 = CIRCLE('',#6271,0.497554635006);
#6271 = AXIS2_PLACEMENT_3D('',#6272,#6273,#6274);
#6272 = CARTESIAN_POINT('',(227.55544920228,-107.7012680965,1.6));
#6273 = DIRECTION('',(0.,0.,1.));
#6274 = DIRECTION('',(9.086032757149E-03,0.999958721152,-0.));
#6275 = ORIENTED_EDGE('',*,*,#6276,.F.);
#6276 = EDGE_CURVE('',#6277,#6266,#6279,.T.);
#6277 = VERTEX_POINT('',#6278);
#6278 = CARTESIAN_POINT('',(240.55997,-107.203734,1.6));
#6279 = LINE('',#6280,#6281);
#6280 = CARTESIAN_POINT('',(240.55997,-107.203734,1.6));
#6281 = VECTOR('',#6282,1.);
#6282 = DIRECTION('',(-1.,0.,0.));
#6283 = ORIENTED_EDGE('',*,*,#6284,.F.);
#6284 = EDGE_CURVE('',#6285,#6277,#6287,.T.);
#6285 = VERTEX_POINT('',#6286);
#6286 = CARTESIAN_POINT('',(240.625541,-107.205678,1.6));
#6287 = LINE('',#6288,#6289);
#6288 = CARTESIAN_POINT('',(240.625541,-107.205678,1.6));
#6289 = VECTOR('',#6290,1.);
#6290 = DIRECTION('',(-0.999560809708,2.963423181104E-02,0.));
#6291 = ORIENTED_EDGE('',*,*,#6292,.F.);
#6292 = EDGE_CURVE('',#6293,#6285,#6295,.T.);
#6293 = VERTEX_POINT('',#6294);
#6294 = CARTESIAN_POINT('',(241.05997,-107.703734,1.6));
#6295 = CIRCLE('',#6296,0.49762810037);
#6296 = AXIS2_PLACEMENT_3D('',#6297,#6298,#6299);
#6297 = CARTESIAN_POINT('',(240.56236184008,-107.699279175,1.6));
#6298 = DIRECTION('',(0.,0.,1.));
#6299 = DIRECTION('',(0.999959928999,-8.952116905942E-03,0.));
#6300 = ORIENTED_EDGE('',*,*,#6301,.F.);
#6301 = EDGE_CURVE('',#6302,#6293,#6304,.T.);
#6302 = VERTEX_POINT('',#6303);
#6303 = CARTESIAN_POINT('',(241.05997,-120.703734,1.6));
#6304 = LINE('',#6305,#6306);
#6305 = CARTESIAN_POINT('',(241.05997,-120.703734,1.6));
#6306 = VECTOR('',#6307,1.);
#6307 = DIRECTION('',(0.,1.,0.));
#6308 = ORIENTED_EDGE('',*,*,#6309,.F.);
#6309 = EDGE_CURVE('',#6310,#6302,#6312,.T.);
#6310 = VERTEX_POINT('',#6311);
#6311 = CARTESIAN_POINT('',(241.057827,-120.769274,1.6));
#6312 = LINE('',#6313,#6314);
#6313 = CARTESIAN_POINT('',(241.057827,-120.769274,1.6));
#6314 = VECTOR('',#6315,1.);
#6315 = DIRECTION('',(3.268012423627E-02,0.999465862088,0.));
#6316 = ORIENTED_EDGE('',*,*,#6317,.F.);
#6317 = EDGE_CURVE('',#6318,#6310,#6320,.T.);
#6318 = VERTEX_POINT('',#6319);
#6319 = CARTESIAN_POINT('',(240.55997,-121.203734,1.6));
#6320 = CIRCLE('',#6321,0.497940142437);
#6321 = AXIS2_PLACEMENT_3D('',#6322,#6323,#6324);
#6322 = CARTESIAN_POINT('',(240.56394779014,-120.705809746,1.6));
#6323 = DIRECTION('',(0.,0.,1.));
#6324 = DIRECTION('',(-7.988490599025E-03,-0.9999680915,0.));
#6325 = ORIENTED_EDGE('',*,*,#6326,.F.);
#6326 = EDGE_CURVE('',#6327,#6318,#6329,.T.);
#6327 = VERTEX_POINT('',#6328);
#6328 = CARTESIAN_POINT('',(227.55997,-121.203734,1.6));
#6329 = LINE('',#6330,#6331);
#6330 = CARTESIAN_POINT('',(227.55997,-121.203734,1.6));
#6331 = VECTOR('',#6332,1.);
#6332 = DIRECTION('',(1.,0.,0.));
#6333 = ORIENTED_EDGE('',*,*,#6334,.F.);
#6334 = EDGE_CURVE('',#6335,#6327,#6337,.T.);
#6335 = VERTEX_POINT('',#6336);
#6336 = CARTESIAN_POINT('',(227.49716,-121.200675,1.6));
#6337 = LINE('',#6338,#6339);
#6338 = CARTESIAN_POINT('',(227.49716,-121.200675,1.6));
#6339 = VECTOR('',#6340,1.);
#6340 = DIRECTION('',(0.998816141971,-4.864477914795E-02,0.));
#6341 = ORIENTED_EDGE('',*,*,#6342,.F.);
#6342 = EDGE_CURVE('',#6343,#6335,#6345,.T.);
#6343 = VERTEX_POINT('',#6344);
#6344 = CARTESIAN_POINT('',(227.062734,-120.702618,1.6));
#6345 = CIRCLE('',#6346,0.497565516144);
#6346 = AXIS2_PLACEMENT_3D('',#6347,#6348,#6349);
#6347 = CARTESIAN_POINT('',(227.56027906494,-120.7071292305,1.6));
#6348 = DIRECTION('',(0.,0.,1.));
#6349 = DIRECTION('',(-0.999958897481,9.066606207091E-03,0.));
#6350 = ORIENTED_EDGE('',*,*,#6351,.F.);
#6351 = EDGE_CURVE('',#6352,#6343,#6354,.T.);
#6352 = VERTEX_POINT('',#6353);
#6353 = CARTESIAN_POINT('',(227.05997,-120.703734,1.6));
#6354 = LINE('',#6355,#6356);
#6355 = CARTESIAN_POINT('',(227.05997,-120.703734,1.6));
#6356 = VECTOR('',#6357,1.);
#6357 = DIRECTION('',(0.927268715846,0.374396485845,0.));
#6358 = ORIENTED_EDGE('',*,*,#6359,.F.);
#6359 = EDGE_CURVE('',#6360,#6352,#6362,.T.);
#6360 = VERTEX_POINT('',#6361);
#6361 = CARTESIAN_POINT('',(227.05997,-107.703734,1.6));
#6362 = LINE('',#6363,#6364);
#6363 = CARTESIAN_POINT('',(227.05997,-107.703734,1.6));
#6364 = VECTOR('',#6365,1.);
#6365 = DIRECTION('',(0.,-1.,0.));
#6366 = ORIENTED_EDGE('',*,*,#6367,.F.);
#6367 = EDGE_CURVE('',#6268,#6360,#6368,.T.);
#6368 = LINE('',#6369,#6370);
#6369 = CARTESIAN_POINT('',(227.061913,-107.63816,1.6));
#6370 = VECTOR('',#6371,1.);
#6371 = DIRECTION('',(-2.961764736554E-02,-0.999561301254,0.));
#6372 = FACE_BOUND('',#6373,.T.);
#6373 = EDGE_LOOP('',(#6374,#6385,#6393,#6401,#6410,#6418,#6426,#6435,
    #6443,#6451,#6460,#6468,#6476));
#6374 = ORIENTED_EDGE('',*,*,#6375,.F.);
#6375 = EDGE_CURVE('',#6376,#6378,#6380,.T.);
#6376 = VERTEX_POINT('',#6377);
#6377 = CARTESIAN_POINT('',(146.59747,-83.391234,1.6));
#6378 = VERTEX_POINT('',#6379);
#6379 = CARTESIAN_POINT('',(146.099413,-83.82566,1.6));
#6380 = CIRCLE('',#6381,0.497554635006);
#6381 = AXIS2_PLACEMENT_3D('',#6382,#6383,#6384);
#6382 = CARTESIAN_POINT('',(146.59294920228,-83.88876809652,1.6));
#6383 = DIRECTION('',(0.,0.,1.));
#6384 = DIRECTION('',(9.086032757149E-03,0.999958721152,-0.));
#6385 = ORIENTED_EDGE('',*,*,#6386,.F.);
#6386 = EDGE_CURVE('',#6387,#6376,#6389,.T.);
#6387 = VERTEX_POINT('',#6388);
#6388 = CARTESIAN_POINT('',(159.59747,-83.391234,1.6));
#6389 = LINE('',#6390,#6391);
#6390 = CARTESIAN_POINT('',(159.59747,-83.391234,1.6));
#6391 = VECTOR('',#6392,1.);
#6392 = DIRECTION('',(-1.,0.,0.));
#6393 = ORIENTED_EDGE('',*,*,#6394,.F.);
#6394 = EDGE_CURVE('',#6395,#6387,#6397,.T.);
#6395 = VERTEX_POINT('',#6396);
#6396 = CARTESIAN_POINT('',(159.663041,-83.393178,1.6));
#6397 = LINE('',#6398,#6399);
#6398 = CARTESIAN_POINT('',(159.663041,-83.393178,1.6));
#6399 = VECTOR('',#6400,1.);
#6400 = DIRECTION('',(-0.999560809708,2.963423181104E-02,0.));
#6401 = ORIENTED_EDGE('',*,*,#6402,.F.);
#6402 = EDGE_CURVE('',#6403,#6395,#6405,.T.);
#6403 = VERTEX_POINT('',#6404);
#6404 = CARTESIAN_POINT('',(160.09747,-83.891234,1.6));
#6405 = CIRCLE('',#6406,0.49762810037);
#6406 = AXIS2_PLACEMENT_3D('',#6407,#6408,#6409);
#6407 = CARTESIAN_POINT('',(159.59986184008,-83.88677917507,1.6));
#6408 = DIRECTION('',(0.,0.,1.));
#6409 = DIRECTION('',(0.999959928999,-8.952116905913E-03,0.));
#6410 = ORIENTED_EDGE('',*,*,#6411,.F.);
#6411 = EDGE_CURVE('',#6412,#6403,#6414,.T.);
#6412 = VERTEX_POINT('',#6413);
#6413 = CARTESIAN_POINT('',(160.09747,-96.891234,1.6));
#6414 = LINE('',#6415,#6416);
#6415 = CARTESIAN_POINT('',(160.09747,-96.891234,1.6));
#6416 = VECTOR('',#6417,1.);
#6417 = DIRECTION('',(0.,1.,0.));
#6418 = ORIENTED_EDGE('',*,*,#6419,.F.);
#6419 = EDGE_CURVE('',#6420,#6412,#6422,.T.);
#6420 = VERTEX_POINT('',#6421);
#6421 = CARTESIAN_POINT('',(160.095327,-96.956774,1.6));
#6422 = LINE('',#6423,#6424);
#6423 = CARTESIAN_POINT('',(160.095327,-96.956774,1.6));
#6424 = VECTOR('',#6425,1.);
#6425 = DIRECTION('',(3.268012423627E-02,0.999465862088,0.));
#6426 = ORIENTED_EDGE('',*,*,#6427,.F.);
#6427 = EDGE_CURVE('',#6428,#6420,#6430,.T.);
#6428 = VERTEX_POINT('',#6429);
#6429 = CARTESIAN_POINT('',(159.59747,-97.391234,1.6));
#6430 = CIRCLE('',#6431,0.497940142437);
#6431 = AXIS2_PLACEMENT_3D('',#6432,#6433,#6434);
#6432 = CARTESIAN_POINT('',(159.60144779014,-96.89330974608,1.6));
#6433 = DIRECTION('',(0.,0.,1.));
#6434 = DIRECTION('',(-7.988490599139E-03,-0.9999680915,0.));
#6435 = ORIENTED_EDGE('',*,*,#6436,.F.);
#6436 = EDGE_CURVE('',#6437,#6428,#6439,.T.);
#6437 = VERTEX_POINT('',#6438);
#6438 = CARTESIAN_POINT('',(146.59747,-97.391234,1.6));
#6439 = LINE('',#6440,#6441);
#6440 = CARTESIAN_POINT('',(146.59747,-97.391234,1.6));
#6441 = VECTOR('',#6442,1.);
#6442 = DIRECTION('',(1.,0.,0.));
#6443 = ORIENTED_EDGE('',*,*,#6444,.F.);
#6444 = EDGE_CURVE('',#6445,#6437,#6447,.T.);
#6445 = VERTEX_POINT('',#6446);
#6446 = CARTESIAN_POINT('',(146.53466,-97.388175,1.6));
#6447 = LINE('',#6448,#6449);
#6448 = CARTESIAN_POINT('',(146.53466,-97.388175,1.6));
#6449 = VECTOR('',#6450,1.);
#6450 = DIRECTION('',(0.998816141971,-4.864477914795E-02,0.));
#6451 = ORIENTED_EDGE('',*,*,#6452,.F.);
#6452 = EDGE_CURVE('',#6453,#6445,#6455,.T.);
#6453 = VERTEX_POINT('',#6454);
#6454 = CARTESIAN_POINT('',(146.100234,-96.890118,1.6));
#6455 = CIRCLE('',#6456,0.497565516144);
#6456 = AXIS2_PLACEMENT_3D('',#6457,#6458,#6459);
#6457 = CARTESIAN_POINT('',(146.59777906494,-96.89462923059,1.6));
#6458 = DIRECTION('',(0.,0.,1.));
#6459 = DIRECTION('',(-0.999958897481,9.066606207004E-03,0.));
#6460 = ORIENTED_EDGE('',*,*,#6461,.F.);
#6461 = EDGE_CURVE('',#6462,#6453,#6464,.T.);
#6462 = VERTEX_POINT('',#6463);
#6463 = CARTESIAN_POINT('',(146.09747,-96.891234,1.6));
#6464 = LINE('',#6465,#6466);
#6465 = CARTESIAN_POINT('',(146.09747,-96.891234,1.6));
#6466 = VECTOR('',#6467,1.);
#6467 = DIRECTION('',(0.927268715846,0.374396485845,0.));
#6468 = ORIENTED_EDGE('',*,*,#6469,.F.);
#6469 = EDGE_CURVE('',#6470,#6462,#6472,.T.);
#6470 = VERTEX_POINT('',#6471);
#6471 = CARTESIAN_POINT('',(146.09747,-83.891234,1.6));
#6472 = LINE('',#6473,#6474);
#6473 = CARTESIAN_POINT('',(146.09747,-83.891234,1.6));
#6474 = VECTOR('',#6475,1.);
#6475 = DIRECTION('',(0.,-1.,0.));
#6476 = ORIENTED_EDGE('',*,*,#6477,.F.);
#6477 = EDGE_CURVE('',#6378,#6470,#6478,.T.);
#6478 = LINE('',#6479,#6480);
#6479 = CARTESIAN_POINT('',(146.099413,-83.82566,1.6));
#6480 = VECTOR('',#6481,1.);
#6481 = DIRECTION('',(-2.961764736554E-02,-0.999561301254,0.));
#6482 = FACE_BOUND('',#6483,.T.);
#6483 = EDGE_LOOP('',(#6484,#6495,#6503,#6511,#6520,#6528,#6536,#6545,
    #6553,#6561,#6570,#6578,#6586));
#6484 = ORIENTED_EDGE('',*,*,#6485,.F.);
#6485 = EDGE_CURVE('',#6486,#6488,#6490,.T.);
#6486 = VERTEX_POINT('',#6487);
#6487 = CARTESIAN_POINT('',(165.64747,-83.391234,1.6));
#6488 = VERTEX_POINT('',#6489);
#6489 = CARTESIAN_POINT('',(165.149413,-83.82566,1.6));
#6490 = CIRCLE('',#6491,0.497554635006);
#6491 = AXIS2_PLACEMENT_3D('',#6492,#6493,#6494);
#6492 = CARTESIAN_POINT('',(165.64294920228,-83.88876809652,1.6));
#6493 = DIRECTION('',(0.,0.,1.));
#6494 = DIRECTION('',(9.086032757149E-03,0.999958721152,-0.));
#6495 = ORIENTED_EDGE('',*,*,#6496,.F.);
#6496 = EDGE_CURVE('',#6497,#6486,#6499,.T.);
#6497 = VERTEX_POINT('',#6498);
#6498 = CARTESIAN_POINT('',(178.64747,-83.391234,1.6));
#6499 = LINE('',#6500,#6501);
#6500 = CARTESIAN_POINT('',(178.64747,-83.391234,1.6));
#6501 = VECTOR('',#6502,1.);
#6502 = DIRECTION('',(-1.,0.,0.));
#6503 = ORIENTED_EDGE('',*,*,#6504,.F.);
#6504 = EDGE_CURVE('',#6505,#6497,#6507,.T.);
#6505 = VERTEX_POINT('',#6506);
#6506 = CARTESIAN_POINT('',(178.713041,-83.393178,1.6));
#6507 = LINE('',#6508,#6509);
#6508 = CARTESIAN_POINT('',(178.713041,-83.393178,1.6));
#6509 = VECTOR('',#6510,1.);
#6510 = DIRECTION('',(-0.999560809708,2.963423181104E-02,0.));
#6511 = ORIENTED_EDGE('',*,*,#6512,.F.);
#6512 = EDGE_CURVE('',#6513,#6505,#6515,.T.);
#6513 = VERTEX_POINT('',#6514);
#6514 = CARTESIAN_POINT('',(179.14747,-83.891234,1.6));
#6515 = CIRCLE('',#6516,0.49762810037);
#6516 = AXIS2_PLACEMENT_3D('',#6517,#6518,#6519);
#6517 = CARTESIAN_POINT('',(178.64986184008,-83.88677917507,1.6));
#6518 = DIRECTION('',(0.,0.,1.));
#6519 = DIRECTION('',(0.999959928999,-8.952116905798E-03,0.));
#6520 = ORIENTED_EDGE('',*,*,#6521,.F.);
#6521 = EDGE_CURVE('',#6522,#6513,#6524,.T.);
#6522 = VERTEX_POINT('',#6523);
#6523 = CARTESIAN_POINT('',(179.14747,-96.891234,1.6));
#6524 = LINE('',#6525,#6526);
#6525 = CARTESIAN_POINT('',(179.14747,-96.891234,1.6));
#6526 = VECTOR('',#6527,1.);
#6527 = DIRECTION('',(0.,1.,0.));
#6528 = ORIENTED_EDGE('',*,*,#6529,.F.);
#6529 = EDGE_CURVE('',#6530,#6522,#6532,.T.);
#6530 = VERTEX_POINT('',#6531);
#6531 = CARTESIAN_POINT('',(179.145327,-96.956774,1.6));
#6532 = LINE('',#6533,#6534);
#6533 = CARTESIAN_POINT('',(179.145327,-96.956774,1.6));
#6534 = VECTOR('',#6535,1.);
#6535 = DIRECTION('',(3.268012423627E-02,0.999465862088,0.));
#6536 = ORIENTED_EDGE('',*,*,#6537,.F.);
#6537 = EDGE_CURVE('',#6538,#6530,#6540,.T.);
#6538 = VERTEX_POINT('',#6539);
#6539 = CARTESIAN_POINT('',(178.64747,-97.391234,1.6));
#6540 = CIRCLE('',#6541,0.497940142437);
#6541 = AXIS2_PLACEMENT_3D('',#6542,#6543,#6544);
#6542 = CARTESIAN_POINT('',(178.65144779014,-96.89330974608,1.6));
#6543 = DIRECTION('',(0.,0.,1.));
#6544 = DIRECTION('',(-7.988490599139E-03,-0.9999680915,0.));
#6545 = ORIENTED_EDGE('',*,*,#6546,.F.);
#6546 = EDGE_CURVE('',#6547,#6538,#6549,.T.);
#6547 = VERTEX_POINT('',#6548);
#6548 = CARTESIAN_POINT('',(165.64747,-97.391234,1.6));
#6549 = LINE('',#6550,#6551);
#6550 = CARTESIAN_POINT('',(165.64747,-97.391234,1.6));
#6551 = VECTOR('',#6552,1.);
#6552 = DIRECTION('',(1.,0.,0.));
#6553 = ORIENTED_EDGE('',*,*,#6554,.F.);
#6554 = EDGE_CURVE('',#6555,#6547,#6557,.T.);
#6555 = VERTEX_POINT('',#6556);
#6556 = CARTESIAN_POINT('',(165.58466,-97.388175,1.6));
#6557 = LINE('',#6558,#6559);
#6558 = CARTESIAN_POINT('',(165.58466,-97.388175,1.6));
#6559 = VECTOR('',#6560,1.);
#6560 = DIRECTION('',(0.998816141971,-4.864477914795E-02,0.));
#6561 = ORIENTED_EDGE('',*,*,#6562,.F.);
#6562 = EDGE_CURVE('',#6563,#6555,#6565,.T.);
#6563 = VERTEX_POINT('',#6564);
#6564 = CARTESIAN_POINT('',(165.150234,-96.890118,1.6));
#6565 = CIRCLE('',#6566,0.497565516144);
#6566 = AXIS2_PLACEMENT_3D('',#6567,#6568,#6569);
#6567 = CARTESIAN_POINT('',(165.64777906494,-96.89462923059,1.6));
#6568 = DIRECTION('',(0.,0.,1.));
#6569 = DIRECTION('',(-0.999958897481,9.06660620712E-03,0.));
#6570 = ORIENTED_EDGE('',*,*,#6571,.F.);
#6571 = EDGE_CURVE('',#6572,#6563,#6574,.T.);
#6572 = VERTEX_POINT('',#6573);
#6573 = CARTESIAN_POINT('',(165.14747,-96.891234,1.6));
#6574 = LINE('',#6575,#6576);
#6575 = CARTESIAN_POINT('',(165.14747,-96.891234,1.6));
#6576 = VECTOR('',#6577,1.);
#6577 = DIRECTION('',(0.927268715846,0.374396485845,0.));
#6578 = ORIENTED_EDGE('',*,*,#6579,.F.);
#6579 = EDGE_CURVE('',#6580,#6572,#6582,.T.);
#6580 = VERTEX_POINT('',#6581);
#6581 = CARTESIAN_POINT('',(165.14747,-83.891234,1.6));
#6582 = LINE('',#6583,#6584);
#6583 = CARTESIAN_POINT('',(165.14747,-83.891234,1.6));
#6584 = VECTOR('',#6585,1.);
#6585 = DIRECTION('',(0.,-1.,0.));
#6586 = ORIENTED_EDGE('',*,*,#6587,.F.);
#6587 = EDGE_CURVE('',#6488,#6580,#6588,.T.);
#6588 = LINE('',#6589,#6590);
#6589 = CARTESIAN_POINT('',(165.149413,-83.82566,1.6));
#6590 = VECTOR('',#6591,1.);
#6591 = DIRECTION('',(-2.961764736554E-02,-0.999561301254,0.));
#6592 = FACE_BOUND('',#6593,.T.);
#6593 = EDGE_LOOP('',(#6594,#6605,#6613,#6621,#6630,#6638,#6646,#6655,
    #6663,#6671,#6680,#6688,#6696));
#6594 = ORIENTED_EDGE('',*,*,#6595,.F.);
#6595 = EDGE_CURVE('',#6596,#6598,#6600,.T.);
#6596 = VERTEX_POINT('',#6597);
#6597 = CARTESIAN_POINT('',(208.50997,-88.153734,1.6));
#6598 = VERTEX_POINT('',#6599);
#6599 = CARTESIAN_POINT('',(208.011913,-88.58816,1.6));
#6600 = CIRCLE('',#6601,0.497554635006);
#6601 = AXIS2_PLACEMENT_3D('',#6602,#6603,#6604);
#6602 = CARTESIAN_POINT('',(208.50544920228,-88.65126809652,1.6));
#6603 = DIRECTION('',(0.,0.,1.));
#6604 = DIRECTION('',(9.086032757264E-03,0.999958721152,-0.));
#6605 = ORIENTED_EDGE('',*,*,#6606,.F.);
#6606 = EDGE_CURVE('',#6607,#6596,#6609,.T.);
#6607 = VERTEX_POINT('',#6608);
#6608 = CARTESIAN_POINT('',(221.50997,-88.153734,1.6));
#6609 = LINE('',#6610,#6611);
#6610 = CARTESIAN_POINT('',(221.50997,-88.153734,1.6));
#6611 = VECTOR('',#6612,1.);
#6612 = DIRECTION('',(-1.,0.,0.));
#6613 = ORIENTED_EDGE('',*,*,#6614,.F.);
#6614 = EDGE_CURVE('',#6615,#6607,#6617,.T.);
#6615 = VERTEX_POINT('',#6616);
#6616 = CARTESIAN_POINT('',(221.575541,-88.155678,1.6));
#6617 = LINE('',#6618,#6619);
#6618 = CARTESIAN_POINT('',(221.575541,-88.155678,1.6));
#6619 = VECTOR('',#6620,1.);
#6620 = DIRECTION('',(-0.999560809708,2.963423181084E-02,0.));
#6621 = ORIENTED_EDGE('',*,*,#6622,.F.);
#6622 = EDGE_CURVE('',#6623,#6615,#6625,.T.);
#6623 = VERTEX_POINT('',#6624);
#6624 = CARTESIAN_POINT('',(222.00997,-88.653734,1.6));
#6625 = CIRCLE('',#6626,0.49762810037);
#6626 = AXIS2_PLACEMENT_3D('',#6627,#6628,#6629);
#6627 = CARTESIAN_POINT('',(221.51236184008,-88.64927917507,1.6));
#6628 = DIRECTION('',(0.,0.,1.));
#6629 = DIRECTION('',(0.999959928999,-8.952116905827E-03,0.));
#6630 = ORIENTED_EDGE('',*,*,#6631,.F.);
#6631 = EDGE_CURVE('',#6632,#6623,#6634,.T.);
#6632 = VERTEX_POINT('',#6633);
#6633 = CARTESIAN_POINT('',(222.00997,-101.653734,1.6));
#6634 = LINE('',#6635,#6636);
#6635 = CARTESIAN_POINT('',(222.00997,-101.653734,1.6));
#6636 = VECTOR('',#6637,1.);
#6637 = DIRECTION('',(0.,1.,0.));
#6638 = ORIENTED_EDGE('',*,*,#6639,.F.);
#6639 = EDGE_CURVE('',#6640,#6632,#6642,.T.);
#6640 = VERTEX_POINT('',#6641);
#6641 = CARTESIAN_POINT('',(222.007827,-101.719274,1.6));
#6642 = LINE('',#6643,#6644);
#6643 = CARTESIAN_POINT('',(222.007827,-101.719274,1.6));
#6644 = VECTOR('',#6645,1.);
#6645 = DIRECTION('',(3.26801242367E-02,0.999465862088,0.));
#6646 = ORIENTED_EDGE('',*,*,#6647,.F.);
#6647 = EDGE_CURVE('',#6648,#6640,#6650,.T.);
#6648 = VERTEX_POINT('',#6649);
#6649 = CARTESIAN_POINT('',(221.50997,-102.153734,1.6));
#6650 = CIRCLE('',#6651,0.497940142437);
#6651 = AXIS2_PLACEMENT_3D('',#6652,#6653,#6654);
#6652 = CARTESIAN_POINT('',(221.51394779014,-101.655809746,1.6));
#6653 = DIRECTION('',(0.,0.,1.));
#6654 = DIRECTION('',(-7.988490599025E-03,-0.9999680915,0.));
#6655 = ORIENTED_EDGE('',*,*,#6656,.F.);
#6656 = EDGE_CURVE('',#6657,#6648,#6659,.T.);
#6657 = VERTEX_POINT('',#6658);
#6658 = CARTESIAN_POINT('',(208.50997,-102.153734,1.6));
#6659 = LINE('',#6660,#6661);
#6660 = CARTESIAN_POINT('',(208.50997,-102.153734,1.6));
#6661 = VECTOR('',#6662,1.);
#6662 = DIRECTION('',(1.,0.,0.));
#6663 = ORIENTED_EDGE('',*,*,#6664,.F.);
#6664 = EDGE_CURVE('',#6665,#6657,#6667,.T.);
#6665 = VERTEX_POINT('',#6666);
#6666 = CARTESIAN_POINT('',(208.44716,-102.150675,1.6));
#6667 = LINE('',#6668,#6669);
#6668 = CARTESIAN_POINT('',(208.44716,-102.150675,1.6));
#6669 = VECTOR('',#6670,1.);
#6670 = DIRECTION('',(0.998816141971,-4.864477914793E-02,0.));
#6671 = ORIENTED_EDGE('',*,*,#6672,.F.);
#6672 = EDGE_CURVE('',#6673,#6665,#6675,.T.);
#6673 = VERTEX_POINT('',#6674);
#6674 = CARTESIAN_POINT('',(208.012734,-101.652618,1.6));
#6675 = CIRCLE('',#6676,0.497565516144);
#6676 = AXIS2_PLACEMENT_3D('',#6677,#6678,#6679);
#6677 = CARTESIAN_POINT('',(208.51027906494,-101.6571292305,1.6));
#6678 = DIRECTION('',(0.,0.,1.));
#6679 = DIRECTION('',(-0.999958897481,9.066606206947E-03,0.));
#6680 = ORIENTED_EDGE('',*,*,#6681,.F.);
#6681 = EDGE_CURVE('',#6682,#6673,#6684,.T.);
#6682 = VERTEX_POINT('',#6683);
#6683 = CARTESIAN_POINT('',(208.00997,-101.653734,1.6));
#6684 = LINE('',#6685,#6686);
#6685 = CARTESIAN_POINT('',(208.00997,-101.653734,1.6));
#6686 = VECTOR('',#6687,1.);
#6687 = DIRECTION('',(0.927268715845,0.374396485848,0.));
#6688 = ORIENTED_EDGE('',*,*,#6689,.F.);
#6689 = EDGE_CURVE('',#6690,#6682,#6692,.T.);
#6690 = VERTEX_POINT('',#6691);
#6691 = CARTESIAN_POINT('',(208.00997,-88.653734,1.6));
#6692 = LINE('',#6693,#6694);
#6693 = CARTESIAN_POINT('',(208.00997,-88.653734,1.6));
#6694 = VECTOR('',#6695,1.);
#6695 = DIRECTION('',(0.,-1.,0.));
#6696 = ORIENTED_EDGE('',*,*,#6697,.F.);
#6697 = EDGE_CURVE('',#6598,#6690,#6698,.T.);
#6698 = LINE('',#6699,#6700);
#6699 = CARTESIAN_POINT('',(208.011913,-88.58816,1.6));
#6700 = VECTOR('',#6701,1.);
#6701 = DIRECTION('',(-2.961764736511E-02,-0.999561301254,0.));
#6702 = FACE_BOUND('',#6703,.T.);
#6703 = EDGE_LOOP('',(#6704,#6715,#6723,#6731,#6740,#6748,#6756,#6765,
    #6773,#6781,#6790,#6798,#6806));
#6704 = ORIENTED_EDGE('',*,*,#6705,.F.);
#6705 = EDGE_CURVE('',#6706,#6708,#6710,.T.);
#6706 = VERTEX_POINT('',#6707);
#6707 = CARTESIAN_POINT('',(48.96622,-64.341234,1.6));
#6708 = VERTEX_POINT('',#6709);
#6709 = CARTESIAN_POINT('',(48.468163,-64.775662,1.6));
#6710 = CIRCLE('',#6711,0.49760436513);
#6711 = AXIS2_PLACEMENT_3D('',#6712,#6713,#6714);
#6712 = CARTESIAN_POINT('',(48.961743181199,-64.83881822632,1.6));
#6713 = DIRECTION('',(0.,0.,1.));
#6714 = DIRECTION('',(8.996743425823E-03,0.999959528485,-0.));
#6715 = ORIENTED_EDGE('',*,*,#6716,.F.);
#6716 = EDGE_CURVE('',#6717,#6706,#6719,.T.);
#6717 = VERTEX_POINT('',#6718);
#6718 = CARTESIAN_POINT('',(61.96622,-64.341234,1.6));
#6719 = LINE('',#6720,#6721);
#6720 = CARTESIAN_POINT('',(61.96622,-64.341234,1.6));
#6721 = VECTOR('',#6722,1.);
#6722 = DIRECTION('',(-1.,0.,0.));
#6723 = ORIENTED_EDGE('',*,*,#6724,.F.);
#6724 = EDGE_CURVE('',#6725,#6717,#6727,.T.);
#6725 = VERTEX_POINT('',#6726);
#6726 = CARTESIAN_POINT('',(62.031786,-64.343184,1.6));
#6727 = LINE('',#6728,#6729);
#6728 = CARTESIAN_POINT('',(62.031786,-64.343184,1.6));
#6729 = VECTOR('',#6730,1.);
#6730 = DIRECTION('',(-0.999558028917,2.972787963856E-02,0.));
#6731 = ORIENTED_EDGE('',*,*,#6732,.F.);
#6732 = EDGE_CURVE('',#6733,#6725,#6735,.T.);
#6733 = VERTEX_POINT('',#6734);
#6734 = CARTESIAN_POINT('',(62.46622,-64.841234,1.6));
#6735 = CIRCLE('',#6736,0.497726394619);
#6736 = AXIS2_PLACEMENT_3D('',#6737,#6738,#6739);
#6737 = CARTESIAN_POINT('',(61.968512717805,-64.83687221705,1.6));
#6738 = DIRECTION('',(0.,0.,1.));
#6739 = DIRECTION('',(0.999961600542,-8.763414981414E-03,0.));
#6740 = ORIENTED_EDGE('',*,*,#6741,.F.);
#6741 = EDGE_CURVE('',#6742,#6733,#6744,.T.);
#6742 = VERTEX_POINT('',#6743);
#6743 = CARTESIAN_POINT('',(62.46622,-77.841234,1.6));
#6744 = LINE('',#6745,#6746);
#6745 = CARTESIAN_POINT('',(62.46622,-77.841234,1.6));
#6746 = VECTOR('',#6747,1.);
#6747 = DIRECTION('',(0.,1.,0.));
#6748 = ORIENTED_EDGE('',*,*,#6749,.F.);
#6749 = EDGE_CURVE('',#6750,#6742,#6752,.T.);
#6750 = VERTEX_POINT('',#6751);
#6751 = CARTESIAN_POINT('',(62.464077,-77.906777,1.6));
#6752 = LINE('',#6753,#6754);
#6753 = CARTESIAN_POINT('',(62.464077,-77.906777,1.6));
#6754 = VECTOR('',#6755,1.);
#6755 = DIRECTION('',(3.267863001618E-02,0.999465910945,0.));
#6756 = ORIENTED_EDGE('',*,*,#6757,.F.);
#6757 = EDGE_CURVE('',#6758,#6750,#6760,.T.);
#6758 = VERTEX_POINT('',#6759);
#6759 = CARTESIAN_POINT('',(61.96622,-78.341234,1.6));
#6760 = CIRCLE('',#6761,0.49788830137);
#6761 = AXIS2_PLACEMENT_3D('',#6762,#6763,#6764);
#6762 = CARTESIAN_POINT('',(61.970243735536,-77.84336195801,1.6));
#6763 = DIRECTION('',(0.,0.,1.));
#6764 = DIRECTION('',(-8.081602892023E-03,-0.999967343314,0.));
#6765 = ORIENTED_EDGE('',*,*,#6766,.F.);
#6766 = EDGE_CURVE('',#6767,#6758,#6769,.T.);
#6767 = VERTEX_POINT('',#6768);
#6768 = CARTESIAN_POINT('',(48.96622,-78.341234,1.6));
#6769 = LINE('',#6770,#6771);
#6770 = CARTESIAN_POINT('',(48.96622,-78.341234,1.6));
#6771 = VECTOR('',#6772,1.);
#6772 = DIRECTION('',(1.,0.,0.));
#6773 = ORIENTED_EDGE('',*,*,#6774,.F.);
#6774 = EDGE_CURVE('',#6775,#6767,#6777,.T.);
#6775 = VERTEX_POINT('',#6776);
#6776 = CARTESIAN_POINT('',(48.90344,-78.337978,1.6));
#6777 = LINE('',#6778,#6779);
#6778 = CARTESIAN_POINT('',(48.90344,-78.337978,1.6));
#6779 = VECTOR('',#6780,1.);
#6780 = DIRECTION('',(0.998657788004,-5.179403882981E-02,0.));
#6781 = ORIENTED_EDGE('',*,*,#6782,.F.);
#6782 = EDGE_CURVE('',#6783,#6775,#6785,.T.);
#6783 = VERTEX_POINT('',#6784);
#6784 = CARTESIAN_POINT('',(48.468984,-77.840118,1.6));
#6785 = CIRCLE('',#6786,0.497855880261);
#6786 = AXIS2_PLACEMENT_3D('',#6787,#6788,#6789);
#6787 = CARTESIAN_POINT('',(48.96682336325,-77.84417335565,1.6));
#6788 = DIRECTION('',(0.,0.,1.));
#6789 = DIRECTION('',(-0.99996682371,8.145641778899E-03,0.));
#6790 = ORIENTED_EDGE('',*,*,#6791,.F.);
#6791 = EDGE_CURVE('',#6792,#6783,#6794,.T.);
#6792 = VERTEX_POINT('',#6793);
#6793 = CARTESIAN_POINT('',(48.46622,-77.841234,1.6));
#6794 = LINE('',#6795,#6796);
#6795 = CARTESIAN_POINT('',(48.46622,-77.841234,1.6));
#6796 = VECTOR('',#6797,1.);
#6797 = DIRECTION('',(0.927268715845,0.374396485847,0.));
#6798 = ORIENTED_EDGE('',*,*,#6799,.F.);
#6799 = EDGE_CURVE('',#6800,#6792,#6802,.T.);
#6800 = VERTEX_POINT('',#6801);
#6801 = CARTESIAN_POINT('',(48.46622,-64.841234,1.6));
#6802 = LINE('',#6803,#6804);
#6803 = CARTESIAN_POINT('',(48.46622,-64.841234,1.6));
#6804 = VECTOR('',#6805,1.);
#6805 = DIRECTION('',(0.,-1.,0.));
#6806 = ORIENTED_EDGE('',*,*,#6807,.F.);
#6807 = EDGE_CURVE('',#6708,#6800,#6808,.T.);
#6808 = LINE('',#6809,#6810);
#6809 = CARTESIAN_POINT('',(48.468163,-64.775662,1.6));
#6810 = VECTOR('',#6811,1.);
#6811 = DIRECTION('',(-2.961854993549E-02,-0.99956127451,0.));
#6812 = FACE_BOUND('',#6813,.T.);
#6813 = EDGE_LOOP('',(#6814,#6825,#6833,#6841,#6850,#6858,#6866,#6875,
    #6883,#6891,#6900,#6908,#6916));
#6814 = ORIENTED_EDGE('',*,*,#6815,.F.);
#6815 = EDGE_CURVE('',#6816,#6818,#6820,.T.);
#6816 = VERTEX_POINT('',#6817);
#6817 = CARTESIAN_POINT('',(70.39747,-64.341234,1.6));
#6818 = VERTEX_POINT('',#6819);
#6819 = CARTESIAN_POINT('',(69.899413,-64.77566,1.6));
#6820 = CIRCLE('',#6821,0.497554635006);
#6821 = AXIS2_PLACEMENT_3D('',#6822,#6823,#6824);
#6822 = CARTESIAN_POINT('',(70.392949202288,-64.83876809652,1.6));
#6823 = DIRECTION('',(0.,0.,1.));
#6824 = DIRECTION('',(9.086032757207E-03,0.999958721152,-0.));
#6825 = ORIENTED_EDGE('',*,*,#6826,.F.);
#6826 = EDGE_CURVE('',#6827,#6816,#6829,.T.);
#6827 = VERTEX_POINT('',#6828);
#6828 = CARTESIAN_POINT('',(83.39747,-64.341234,1.6));
#6829 = LINE('',#6830,#6831);
#6830 = CARTESIAN_POINT('',(83.39747,-64.341234,1.6));
#6831 = VECTOR('',#6832,1.);
#6832 = DIRECTION('',(-1.,0.,0.));
#6833 = ORIENTED_EDGE('',*,*,#6834,.F.);
#6834 = EDGE_CURVE('',#6835,#6827,#6837,.T.);
#6835 = VERTEX_POINT('',#6836);
#6836 = CARTESIAN_POINT('',(83.463041,-64.343178,1.6));
#6837 = LINE('',#6838,#6839);
#6838 = CARTESIAN_POINT('',(83.463041,-64.343178,1.6));
#6839 = VECTOR('',#6840,1.);
#6840 = DIRECTION('',(-0.999560809708,2.963423181083E-02,0.));
#6841 = ORIENTED_EDGE('',*,*,#6842,.F.);
#6842 = EDGE_CURVE('',#6843,#6835,#6845,.T.);
#6843 = VERTEX_POINT('',#6844);
#6844 = CARTESIAN_POINT('',(83.89747,-64.841234,1.6));
#6845 = CIRCLE('',#6846,0.49762810037);
#6846 = AXIS2_PLACEMENT_3D('',#6847,#6848,#6849);
#6847 = CARTESIAN_POINT('',(83.399861840086,-64.83677917507,1.6));
#6848 = DIRECTION('',(0.,0.,1.));
#6849 = DIRECTION('',(0.999959928999,-8.952116905856E-03,0.));
#6850 = ORIENTED_EDGE('',*,*,#6851,.F.);
#6851 = EDGE_CURVE('',#6852,#6843,#6854,.T.);
#6852 = VERTEX_POINT('',#6853);
#6853 = CARTESIAN_POINT('',(83.89747,-77.841234,1.6));
#6854 = LINE('',#6855,#6856);
#6855 = CARTESIAN_POINT('',(83.89747,-77.841234,1.6));
#6856 = VECTOR('',#6857,1.);
#6857 = DIRECTION('',(0.,1.,0.));
#6858 = ORIENTED_EDGE('',*,*,#6859,.F.);
#6859 = EDGE_CURVE('',#6860,#6852,#6862,.T.);
#6860 = VERTEX_POINT('',#6861);
#6861 = CARTESIAN_POINT('',(83.895327,-77.906774,1.6));
#6862 = LINE('',#6863,#6864);
#6863 = CARTESIAN_POINT('',(83.895327,-77.906774,1.6));
#6864 = VECTOR('',#6865,1.);
#6865 = DIRECTION('',(3.268012423648E-02,0.999465862088,0.));
#6866 = ORIENTED_EDGE('',*,*,#6867,.F.);
#6867 = EDGE_CURVE('',#6868,#6860,#6870,.T.);
#6868 = VERTEX_POINT('',#6869);
#6869 = CARTESIAN_POINT('',(83.39747,-78.341234,1.6));
#6870 = CIRCLE('',#6871,0.497940142437);
#6871 = AXIS2_PLACEMENT_3D('',#6872,#6873,#6874);
#6872 = CARTESIAN_POINT('',(83.401447790147,-77.84330974608,1.6));
#6873 = DIRECTION('',(0.,0.,1.));
#6874 = DIRECTION('',(-7.988490599025E-03,-0.9999680915,0.));
#6875 = ORIENTED_EDGE('',*,*,#6876,.F.);
#6876 = EDGE_CURVE('',#6877,#6868,#6879,.T.);
#6877 = VERTEX_POINT('',#6878);
#6878 = CARTESIAN_POINT('',(70.39747,-78.341234,1.6));
#6879 = LINE('',#6880,#6881);
#6880 = CARTESIAN_POINT('',(70.39747,-78.341234,1.6));
#6881 = VECTOR('',#6882,1.);
#6882 = DIRECTION('',(1.,0.,0.));
#6883 = ORIENTED_EDGE('',*,*,#6884,.F.);
#6884 = EDGE_CURVE('',#6885,#6877,#6887,.T.);
#6885 = VERTEX_POINT('',#6886);
#6886 = CARTESIAN_POINT('',(70.33466,-78.338175,1.6));
#6887 = LINE('',#6888,#6889);
#6888 = CARTESIAN_POINT('',(70.33466,-78.338175,1.6));
#6889 = VECTOR('',#6890,1.);
#6890 = DIRECTION('',(0.998816141971,-4.864477914794E-02,0.));
#6891 = ORIENTED_EDGE('',*,*,#6892,.F.);
#6892 = EDGE_CURVE('',#6893,#6885,#6895,.T.);
#6893 = VERTEX_POINT('',#6894);
#6894 = CARTESIAN_POINT('',(69.900234,-77.840118,1.6));
#6895 = CIRCLE('',#6896,0.497565516144);
#6896 = AXIS2_PLACEMENT_3D('',#6897,#6898,#6899);
#6897 = CARTESIAN_POINT('',(70.397779064948,-77.84462923059,1.6));
#6898 = DIRECTION('',(0.,0.,1.));
#6899 = DIRECTION('',(-0.999958897481,9.066606207033E-03,0.));
#6900 = ORIENTED_EDGE('',*,*,#6901,.F.);
#6901 = EDGE_CURVE('',#6902,#6893,#6904,.T.);
#6902 = VERTEX_POINT('',#6903);
#6903 = CARTESIAN_POINT('',(69.89747,-77.841234,1.6));
#6904 = LINE('',#6905,#6906);
#6905 = CARTESIAN_POINT('',(69.89747,-77.841234,1.6));
#6906 = VECTOR('',#6907,1.);
#6907 = DIRECTION('',(0.927268715845,0.374396485847,0.));
#6908 = ORIENTED_EDGE('',*,*,#6909,.F.);
#6909 = EDGE_CURVE('',#6910,#6902,#6912,.T.);
#6910 = VERTEX_POINT('',#6911);
#6911 = CARTESIAN_POINT('',(69.89747,-64.841234,1.6));
#6912 = LINE('',#6913,#6914);
#6913 = CARTESIAN_POINT('',(69.89747,-64.841234,1.6));
#6914 = VECTOR('',#6915,1.);
#6915 = DIRECTION('',(0.,-1.,0.));
#6916 = ORIENTED_EDGE('',*,*,#6917,.F.);
#6917 = EDGE_CURVE('',#6818,#6910,#6918,.T.);
#6918 = LINE('',#6919,#6920);
#6919 = CARTESIAN_POINT('',(69.899413,-64.77566,1.6));
#6920 = VECTOR('',#6921,1.);
#6921 = DIRECTION('',(-2.961764736532E-02,-0.999561301254,0.));
#6922 = FACE_BOUND('',#6923,.T.);
#6923 = EDGE_LOOP('',(#6924,#6935,#6943,#6951,#6960,#6968,#6976,#6985,
    #6993,#7001,#7010,#7018,#7026));
#6924 = ORIENTED_EDGE('',*,*,#6925,.F.);
#6925 = EDGE_CURVE('',#6926,#6928,#6930,.T.);
#6926 = VERTEX_POINT('',#6927);
#6927 = CARTESIAN_POINT('',(89.44747,-64.341234,1.6));
#6928 = VERTEX_POINT('',#6929);
#6929 = CARTESIAN_POINT('',(88.949413,-64.77566,1.6));
#6930 = CIRCLE('',#6931,0.497554635006);
#6931 = AXIS2_PLACEMENT_3D('',#6932,#6933,#6934);
#6932 = CARTESIAN_POINT('',(89.442949202288,-64.83876809652,1.6));
#6933 = DIRECTION('',(0.,0.,1.));
#6934 = DIRECTION('',(9.086032757293E-03,0.999958721152,-0.));
#6935 = ORIENTED_EDGE('',*,*,#6936,.F.);
#6936 = EDGE_CURVE('',#6937,#6926,#6939,.T.);
#6937 = VERTEX_POINT('',#6938);
#6938 = CARTESIAN_POINT('',(102.44747,-64.341234,1.6));
#6939 = LINE('',#6940,#6941);
#6940 = CARTESIAN_POINT('',(102.44747,-64.341234,1.6));
#6941 = VECTOR('',#6942,1.);
#6942 = DIRECTION('',(-1.,0.,0.));
#6943 = ORIENTED_EDGE('',*,*,#6944,.F.);
#6944 = EDGE_CURVE('',#6945,#6937,#6947,.T.);
#6945 = VERTEX_POINT('',#6946);
#6946 = CARTESIAN_POINT('',(102.513041,-64.343178,1.6));
#6947 = LINE('',#6948,#6949);
#6948 = CARTESIAN_POINT('',(102.513041,-64.343178,1.6));
#6949 = VECTOR('',#6950,1.);
#6950 = DIRECTION('',(-0.999560809708,2.963423181083E-02,0.));
#6951 = ORIENTED_EDGE('',*,*,#6952,.F.);
#6952 = EDGE_CURVE('',#6953,#6945,#6955,.T.);
#6953 = VERTEX_POINT('',#6954);
#6954 = CARTESIAN_POINT('',(102.94747,-64.841234,1.6));
#6955 = CIRCLE('',#6956,0.49762810037);
#6956 = AXIS2_PLACEMENT_3D('',#6957,#6958,#6959);
#6957 = CARTESIAN_POINT('',(102.44986184008,-64.83677917507,1.6));
#6958 = DIRECTION('',(0.,0.,1.));
#6959 = DIRECTION('',(0.999959928999,-8.952116905884E-03,0.));
#6960 = ORIENTED_EDGE('',*,*,#6961,.F.);
#6961 = EDGE_CURVE('',#6962,#6953,#6964,.T.);
#6962 = VERTEX_POINT('',#6963);
#6963 = CARTESIAN_POINT('',(102.94747,-77.841234,1.6));
#6964 = LINE('',#6965,#6966);
#6965 = CARTESIAN_POINT('',(102.94747,-77.841234,1.6));
#6966 = VECTOR('',#6967,1.);
#6967 = DIRECTION('',(0.,1.,0.));
#6968 = ORIENTED_EDGE('',*,*,#6969,.F.);
#6969 = EDGE_CURVE('',#6970,#6962,#6972,.T.);
#6970 = VERTEX_POINT('',#6971);
#6971 = CARTESIAN_POINT('',(102.945327,-77.906774,1.6));
#6972 = LINE('',#6973,#6974);
#6973 = CARTESIAN_POINT('',(102.945327,-77.906774,1.6));
#6974 = VECTOR('',#6975,1.);
#6975 = DIRECTION('',(3.268012423627E-02,0.999465862088,0.));
#6976 = ORIENTED_EDGE('',*,*,#6977,.F.);
#6977 = EDGE_CURVE('',#6978,#6970,#6980,.T.);
#6978 = VERTEX_POINT('',#6979);
#6979 = CARTESIAN_POINT('',(102.44747,-78.341234,1.6));
#6980 = CIRCLE('',#6981,0.497940142437);
#6981 = AXIS2_PLACEMENT_3D('',#6982,#6983,#6984);
#6982 = CARTESIAN_POINT('',(102.45144779014,-77.84330974608,1.6));
#6983 = DIRECTION('',(0.,0.,1.));
#6984 = DIRECTION('',(-7.988490599053E-03,-0.9999680915,0.));
#6985 = ORIENTED_EDGE('',*,*,#6986,.F.);
#6986 = EDGE_CURVE('',#6987,#6978,#6989,.T.);
#6987 = VERTEX_POINT('',#6988);
#6988 = CARTESIAN_POINT('',(89.44747,-78.341234,1.6));
#6989 = LINE('',#6990,#6991);
#6990 = CARTESIAN_POINT('',(89.44747,-78.341234,1.6));
#6991 = VECTOR('',#6992,1.);
#6992 = DIRECTION('',(1.,0.,0.));
#6993 = ORIENTED_EDGE('',*,*,#6994,.F.);
#6994 = EDGE_CURVE('',#6995,#6987,#6997,.T.);
#6995 = VERTEX_POINT('',#6996);
#6996 = CARTESIAN_POINT('',(89.38466,-78.338175,1.6));
#6997 = LINE('',#6998,#6999);
#6998 = CARTESIAN_POINT('',(89.38466,-78.338175,1.6));
#6999 = VECTOR('',#7000,1.);
#7000 = DIRECTION('',(0.998816141971,-4.864477914794E-02,0.));
#7001 = ORIENTED_EDGE('',*,*,#7002,.F.);
#7002 = EDGE_CURVE('',#7003,#6995,#7005,.T.);
#7003 = VERTEX_POINT('',#7004);
#7004 = CARTESIAN_POINT('',(88.950234,-77.840118,1.6));
#7005 = CIRCLE('',#7006,0.497565516144);
#7006 = AXIS2_PLACEMENT_3D('',#7007,#7008,#7009);
#7007 = CARTESIAN_POINT('',(89.447779064948,-77.84462923059,1.6));
#7008 = DIRECTION('',(0.,0.,1.));
#7009 = DIRECTION('',(-0.999958897481,9.066606207004E-03,0.));
#7010 = ORIENTED_EDGE('',*,*,#7011,.F.);
#7011 = EDGE_CURVE('',#7012,#7003,#7014,.T.);
#7012 = VERTEX_POINT('',#7013);
#7013 = CARTESIAN_POINT('',(88.94747,-77.841234,1.6));
#7014 = LINE('',#7015,#7016);
#7015 = CARTESIAN_POINT('',(88.94747,-77.841234,1.6));
#7016 = VECTOR('',#7017,1.);
#7017 = DIRECTION('',(0.927268715845,0.374396485847,0.));
#7018 = ORIENTED_EDGE('',*,*,#7019,.F.);
#7019 = EDGE_CURVE('',#7020,#7012,#7022,.T.);
#7020 = VERTEX_POINT('',#7021);
#7021 = CARTESIAN_POINT('',(88.94747,-64.841234,1.6));
#7022 = LINE('',#7023,#7024);
#7023 = CARTESIAN_POINT('',(88.94747,-64.841234,1.6));
#7024 = VECTOR('',#7025,1.);
#7025 = DIRECTION('',(0.,-1.,0.));
#7026 = ORIENTED_EDGE('',*,*,#7027,.F.);
#7027 = EDGE_CURVE('',#6928,#7020,#7028,.T.);
#7028 = LINE('',#7029,#7030);
#7029 = CARTESIAN_POINT('',(88.949413,-64.77566,1.6));
#7030 = VECTOR('',#7031,1.);
#7031 = DIRECTION('',(-2.961764736554E-02,-0.999561301254,0.));
#7032 = FACE_BOUND('',#7033,.T.);
#7033 = EDGE_LOOP('',(#7034,#7045,#7053,#7061,#7070,#7078,#7086,#7095,
    #7103,#7111,#7120,#7128,#7136));
#7034 = ORIENTED_EDGE('',*,*,#7035,.F.);
#7035 = EDGE_CURVE('',#7036,#7038,#7040,.T.);
#7036 = VERTEX_POINT('',#7037);
#7037 = CARTESIAN_POINT('',(108.49747,-64.341234,1.6));
#7038 = VERTEX_POINT('',#7039);
#7039 = CARTESIAN_POINT('',(107.999413,-64.77566,1.6));
#7040 = CIRCLE('',#7041,0.497554635006);
#7041 = AXIS2_PLACEMENT_3D('',#7042,#7043,#7044);
#7042 = CARTESIAN_POINT('',(108.49294920228,-64.83876809652,1.6));
#7043 = DIRECTION('',(0.,0.,1.));
#7044 = DIRECTION('',(9.086032757264E-03,0.999958721152,-0.));
#7045 = ORIENTED_EDGE('',*,*,#7046,.F.);
#7046 = EDGE_CURVE('',#7047,#7036,#7049,.T.);
#7047 = VERTEX_POINT('',#7048);
#7048 = CARTESIAN_POINT('',(121.49747,-64.341234,1.6));
#7049 = LINE('',#7050,#7051);
#7050 = CARTESIAN_POINT('',(121.49747,-64.341234,1.6));
#7051 = VECTOR('',#7052,1.);
#7052 = DIRECTION('',(-1.,0.,0.));
#7053 = ORIENTED_EDGE('',*,*,#7054,.F.);
#7054 = EDGE_CURVE('',#7055,#7047,#7057,.T.);
#7055 = VERTEX_POINT('',#7056);
#7056 = CARTESIAN_POINT('',(121.563041,-64.343178,1.6));
#7057 = LINE('',#7058,#7059);
#7058 = CARTESIAN_POINT('',(121.563041,-64.343178,1.6));
#7059 = VECTOR('',#7060,1.);
#7060 = DIRECTION('',(-0.999560809708,2.963423181083E-02,0.));
#7061 = ORIENTED_EDGE('',*,*,#7062,.F.);
#7062 = EDGE_CURVE('',#7063,#7055,#7065,.T.);
#7063 = VERTEX_POINT('',#7064);
#7064 = CARTESIAN_POINT('',(121.99747,-64.841234,1.6));
#7065 = CIRCLE('',#7066,0.49762810037);
#7066 = AXIS2_PLACEMENT_3D('',#7067,#7068,#7069);
#7067 = CARTESIAN_POINT('',(121.49986184008,-64.83677917507,1.6));
#7068 = DIRECTION('',(0.,0.,1.));
#7069 = DIRECTION('',(0.999959928999,-8.952116905798E-03,0.));
#7070 = ORIENTED_EDGE('',*,*,#7071,.F.);
#7071 = EDGE_CURVE('',#7072,#7063,#7074,.T.);
#7072 = VERTEX_POINT('',#7073);
#7073 = CARTESIAN_POINT('',(121.99747,-77.841234,1.6));
#7074 = LINE('',#7075,#7076);
#7075 = CARTESIAN_POINT('',(121.99747,-77.841234,1.6));
#7076 = VECTOR('',#7077,1.);
#7077 = DIRECTION('',(0.,1.,0.));
#7078 = ORIENTED_EDGE('',*,*,#7079,.F.);
#7079 = EDGE_CURVE('',#7080,#7072,#7082,.T.);
#7080 = VERTEX_POINT('',#7081);
#7081 = CARTESIAN_POINT('',(121.995327,-77.906774,1.6));
#7082 = LINE('',#7083,#7084);
#7083 = CARTESIAN_POINT('',(121.995327,-77.906774,1.6));
#7084 = VECTOR('',#7085,1.);
#7085 = DIRECTION('',(3.268012423648E-02,0.999465862088,0.));
#7086 = ORIENTED_EDGE('',*,*,#7087,.F.);
#7087 = EDGE_CURVE('',#7088,#7080,#7090,.T.);
#7088 = VERTEX_POINT('',#7089);
#7089 = CARTESIAN_POINT('',(121.49747,-78.341234,1.6));
#7090 = CIRCLE('',#7091,0.497940142437);
#7091 = AXIS2_PLACEMENT_3D('',#7092,#7093,#7094);
#7092 = CARTESIAN_POINT('',(121.50144779014,-77.84330974608,1.6));
#7093 = DIRECTION('',(0.,0.,1.));
#7094 = DIRECTION('',(-7.988490599082E-03,-0.9999680915,0.));
#7095 = ORIENTED_EDGE('',*,*,#7096,.F.);
#7096 = EDGE_CURVE('',#7097,#7088,#7099,.T.);
#7097 = VERTEX_POINT('',#7098);
#7098 = CARTESIAN_POINT('',(108.49747,-78.341234,1.6));
#7099 = LINE('',#7100,#7101);
#7100 = CARTESIAN_POINT('',(108.49747,-78.341234,1.6));
#7101 = VECTOR('',#7102,1.);
#7102 = DIRECTION('',(1.,0.,0.));
#7103 = ORIENTED_EDGE('',*,*,#7104,.F.);
#7104 = EDGE_CURVE('',#7105,#7097,#7107,.T.);
#7105 = VERTEX_POINT('',#7106);
#7106 = CARTESIAN_POINT('',(108.43466,-78.338175,1.6));
#7107 = LINE('',#7108,#7109);
#7108 = CARTESIAN_POINT('',(108.43466,-78.338175,1.6));
#7109 = VECTOR('',#7110,1.);
#7110 = DIRECTION('',(0.998816141971,-4.864477914793E-02,0.));
#7111 = ORIENTED_EDGE('',*,*,#7112,.F.);
#7112 = EDGE_CURVE('',#7113,#7105,#7115,.T.);
#7113 = VERTEX_POINT('',#7114);
#7114 = CARTESIAN_POINT('',(108.000234,-77.840118,1.6));
#7115 = CIRCLE('',#7116,0.497565516144);
#7116 = AXIS2_PLACEMENT_3D('',#7117,#7118,#7119);
#7117 = CARTESIAN_POINT('',(108.49777906494,-77.84462923059,1.6));
#7118 = DIRECTION('',(0.,0.,1.));
#7119 = DIRECTION('',(-0.999958897481,9.066606207004E-03,0.));
#7120 = ORIENTED_EDGE('',*,*,#7121,.F.);
#7121 = EDGE_CURVE('',#7122,#7113,#7124,.T.);
#7122 = VERTEX_POINT('',#7123);
#7123 = CARTESIAN_POINT('',(107.99747,-77.841234,1.6));
#7124 = LINE('',#7125,#7126);
#7125 = CARTESIAN_POINT('',(107.99747,-77.841234,1.6));
#7126 = VECTOR('',#7127,1.);
#7127 = DIRECTION('',(0.927268715845,0.374396485847,0.));
#7128 = ORIENTED_EDGE('',*,*,#7129,.F.);
#7129 = EDGE_CURVE('',#7130,#7122,#7132,.T.);
#7130 = VERTEX_POINT('',#7131);
#7131 = CARTESIAN_POINT('',(107.99747,-64.841234,1.6));
#7132 = LINE('',#7133,#7134);
#7133 = CARTESIAN_POINT('',(107.99747,-64.841234,1.6));
#7134 = VECTOR('',#7135,1.);
#7135 = DIRECTION('',(0.,-1.,0.));
#7136 = ORIENTED_EDGE('',*,*,#7137,.F.);
#7137 = EDGE_CURVE('',#7038,#7130,#7138,.T.);
#7138 = LINE('',#7139,#7140);
#7139 = CARTESIAN_POINT('',(107.999413,-64.77566,1.6));
#7140 = VECTOR('',#7141,1.);
#7141 = DIRECTION('',(-2.961764736532E-02,-0.999561301254,0.));
#7142 = FACE_BOUND('',#7143,.T.);
#7143 = EDGE_LOOP('',(#7144,#7155,#7163,#7171,#7180,#7188,#7196,#7205,
    #7213,#7221,#7230,#7238,#7246));
#7144 = ORIENTED_EDGE('',*,*,#7145,.F.);
#7145 = EDGE_CURVE('',#7146,#7148,#7150,.T.);
#7146 = VERTEX_POINT('',#7147);
#7147 = CARTESIAN_POINT('',(127.54747,-64.341234,1.6));
#7148 = VERTEX_POINT('',#7149);
#7149 = CARTESIAN_POINT('',(127.049413,-64.77566,1.6));
#7150 = CIRCLE('',#7151,0.497554635006);
#7151 = AXIS2_PLACEMENT_3D('',#7152,#7153,#7154);
#7152 = CARTESIAN_POINT('',(127.54294920228,-64.83876809652,1.6));
#7153 = DIRECTION('',(0.,0.,1.));
#7154 = DIRECTION('',(9.086032757207E-03,0.999958721152,-0.));
#7155 = ORIENTED_EDGE('',*,*,#7156,.F.);
#7156 = EDGE_CURVE('',#7157,#7146,#7159,.T.);
#7157 = VERTEX_POINT('',#7158);
#7158 = CARTESIAN_POINT('',(140.54747,-64.341234,1.6));
#7159 = LINE('',#7160,#7161);
#7160 = CARTESIAN_POINT('',(140.54747,-64.341234,1.6));
#7161 = VECTOR('',#7162,1.);
#7162 = DIRECTION('',(-1.,0.,0.));
#7163 = ORIENTED_EDGE('',*,*,#7164,.F.);
#7164 = EDGE_CURVE('',#7165,#7157,#7167,.T.);
#7165 = VERTEX_POINT('',#7166);
#7166 = CARTESIAN_POINT('',(140.613041,-64.343178,1.6));
#7167 = LINE('',#7168,#7169);
#7168 = CARTESIAN_POINT('',(140.613041,-64.343178,1.6));
#7169 = VECTOR('',#7170,1.);
#7170 = DIRECTION('',(-0.999560809708,2.963423181083E-02,0.));
#7171 = ORIENTED_EDGE('',*,*,#7172,.F.);
#7172 = EDGE_CURVE('',#7173,#7165,#7175,.T.);
#7173 = VERTEX_POINT('',#7174);
#7174 = CARTESIAN_POINT('',(141.04747,-64.841234,1.6));
#7175 = CIRCLE('',#7176,0.49762810037);
#7176 = AXIS2_PLACEMENT_3D('',#7177,#7178,#7179);
#7177 = CARTESIAN_POINT('',(140.54986184008,-64.83677917507,1.6));
#7178 = DIRECTION('',(0.,0.,1.));
#7179 = DIRECTION('',(0.999959928999,-8.952116905827E-03,0.));
#7180 = ORIENTED_EDGE('',*,*,#7181,.F.);
#7181 = EDGE_CURVE('',#7182,#7173,#7184,.T.);
#7182 = VERTEX_POINT('',#7183);
#7183 = CARTESIAN_POINT('',(141.04747,-77.841234,1.6));
#7184 = LINE('',#7185,#7186);
#7185 = CARTESIAN_POINT('',(141.04747,-77.841234,1.6));
#7186 = VECTOR('',#7187,1.);
#7187 = DIRECTION('',(0.,1.,0.));
#7188 = ORIENTED_EDGE('',*,*,#7189,.F.);
#7189 = EDGE_CURVE('',#7190,#7182,#7192,.T.);
#7190 = VERTEX_POINT('',#7191);
#7191 = CARTESIAN_POINT('',(141.045327,-77.906774,1.6));
#7192 = LINE('',#7193,#7194);
#7193 = CARTESIAN_POINT('',(141.045327,-77.906774,1.6));
#7194 = VECTOR('',#7195,1.);
#7195 = DIRECTION('',(3.26801242367E-02,0.999465862088,0.));
#7196 = ORIENTED_EDGE('',*,*,#7197,.F.);
#7197 = EDGE_CURVE('',#7198,#7190,#7200,.T.);
#7198 = VERTEX_POINT('',#7199);
#7199 = CARTESIAN_POINT('',(140.54747,-78.341234,1.6));
#7200 = CIRCLE('',#7201,0.497940142437);
#7201 = AXIS2_PLACEMENT_3D('',#7202,#7203,#7204);
#7202 = CARTESIAN_POINT('',(140.55144779014,-77.84330974608,1.6));
#7203 = DIRECTION('',(0.,0.,1.));
#7204 = DIRECTION('',(-7.988490599025E-03,-0.9999680915,0.));
#7205 = ORIENTED_EDGE('',*,*,#7206,.F.);
#7206 = EDGE_CURVE('',#7207,#7198,#7209,.T.);
#7207 = VERTEX_POINT('',#7208);
#7208 = CARTESIAN_POINT('',(127.54747,-78.341234,1.6));
#7209 = LINE('',#7210,#7211);
#7210 = CARTESIAN_POINT('',(127.54747,-78.341234,1.6));
#7211 = VECTOR('',#7212,1.);
#7212 = DIRECTION('',(1.,0.,0.));
#7213 = ORIENTED_EDGE('',*,*,#7214,.F.);
#7214 = EDGE_CURVE('',#7215,#7207,#7217,.T.);
#7215 = VERTEX_POINT('',#7216);
#7216 = CARTESIAN_POINT('',(127.48466,-78.338175,1.6));
#7217 = LINE('',#7218,#7219);
#7218 = CARTESIAN_POINT('',(127.48466,-78.338175,1.6));
#7219 = VECTOR('',#7220,1.);
#7220 = DIRECTION('',(0.998816141971,-4.864477914794E-02,0.));
#7221 = ORIENTED_EDGE('',*,*,#7222,.F.);
#7222 = EDGE_CURVE('',#7223,#7215,#7225,.T.);
#7223 = VERTEX_POINT('',#7224);
#7224 = CARTESIAN_POINT('',(127.050234,-77.840118,1.6));
#7225 = CIRCLE('',#7226,0.497565516144);
#7226 = AXIS2_PLACEMENT_3D('',#7227,#7228,#7229);
#7227 = CARTESIAN_POINT('',(127.54777906494,-77.84462923059,1.6));
#7228 = DIRECTION('',(0.,0.,1.));
#7229 = DIRECTION('',(-0.999958897481,9.066606207033E-03,0.));
#7230 = ORIENTED_EDGE('',*,*,#7231,.F.);
#7231 = EDGE_CURVE('',#7232,#7223,#7234,.T.);
#7232 = VERTEX_POINT('',#7233);
#7233 = CARTESIAN_POINT('',(127.04747,-77.841234,1.6));
#7234 = LINE('',#7235,#7236);
#7235 = CARTESIAN_POINT('',(127.04747,-77.841234,1.6));
#7236 = VECTOR('',#7237,1.);
#7237 = DIRECTION('',(0.927268715845,0.374396485847,0.));
#7238 = ORIENTED_EDGE('',*,*,#7239,.F.);
#7239 = EDGE_CURVE('',#7240,#7232,#7242,.T.);
#7240 = VERTEX_POINT('',#7241);
#7241 = CARTESIAN_POINT('',(127.04747,-64.841234,1.6));
#7242 = LINE('',#7243,#7244);
#7243 = CARTESIAN_POINT('',(127.04747,-64.841234,1.6));
#7244 = VECTOR('',#7245,1.);
#7245 = DIRECTION('',(0.,-1.,0.));
#7246 = ORIENTED_EDGE('',*,*,#7247,.F.);
#7247 = EDGE_CURVE('',#7148,#7240,#7248,.T.);
#7248 = LINE('',#7249,#7250);
#7249 = CARTESIAN_POINT('',(127.049413,-64.77566,1.6));
#7250 = VECTOR('',#7251,1.);
#7251 = DIRECTION('',(-2.961764736532E-02,-0.999561301254,0.));
#7252 = FACE_BOUND('',#7253,.T.);
#7253 = EDGE_LOOP('',(#7254,#7265,#7273,#7281,#7290,#7298,#7306,#7315,
    #7323,#7331,#7340,#7348,#7356));
#7254 = ORIENTED_EDGE('',*,*,#7255,.F.);
#7255 = EDGE_CURVE('',#7256,#7258,#7260,.T.);
#7256 = VERTEX_POINT('',#7257);
#7257 = CARTESIAN_POINT('',(46.58497,-40.528734,1.6));
#7258 = VERTEX_POINT('',#7259);
#7259 = CARTESIAN_POINT('',(46.086913,-40.96316,1.6));
#7260 = CIRCLE('',#7261,0.497554635006);
#7261 = AXIS2_PLACEMENT_3D('',#7262,#7263,#7264);
#7262 = CARTESIAN_POINT('',(46.580449202288,-41.02626809652,1.6));
#7263 = DIRECTION('',(0.,0.,1.));
#7264 = DIRECTION('',(9.086032757221E-03,0.999958721152,-0.));
#7265 = ORIENTED_EDGE('',*,*,#7266,.F.);
#7266 = EDGE_CURVE('',#7267,#7256,#7269,.T.);
#7267 = VERTEX_POINT('',#7268);
#7268 = CARTESIAN_POINT('',(59.58497,-40.528734,1.6));
#7269 = LINE('',#7270,#7271);
#7270 = CARTESIAN_POINT('',(59.58497,-40.528734,1.6));
#7271 = VECTOR('',#7272,1.);
#7272 = DIRECTION('',(-1.,0.,0.));
#7273 = ORIENTED_EDGE('',*,*,#7274,.F.);
#7274 = EDGE_CURVE('',#7275,#7267,#7277,.T.);
#7275 = VERTEX_POINT('',#7276);
#7276 = CARTESIAN_POINT('',(59.650541,-40.530678,1.6));
#7277 = LINE('',#7278,#7279);
#7278 = CARTESIAN_POINT('',(59.650541,-40.530678,1.6));
#7279 = VECTOR('',#7280,1.);
#7280 = DIRECTION('',(-0.999560809708,2.963423181094E-02,0.));
#7281 = ORIENTED_EDGE('',*,*,#7282,.F.);
#7282 = EDGE_CURVE('',#7283,#7275,#7285,.T.);
#7283 = VERTEX_POINT('',#7284);
#7284 = CARTESIAN_POINT('',(60.08497,-41.028734,1.6));
#7285 = CIRCLE('',#7286,0.49762810037);
#7286 = AXIS2_PLACEMENT_3D('',#7287,#7288,#7289);
#7287 = CARTESIAN_POINT('',(59.587361840086,-41.02427917507,1.6));
#7288 = DIRECTION('',(0.,0.,1.));
#7289 = DIRECTION('',(0.999959928999,-8.952116905841E-03,0.));
#7290 = ORIENTED_EDGE('',*,*,#7291,.F.);
#7291 = EDGE_CURVE('',#7292,#7283,#7294,.T.);
#7292 = VERTEX_POINT('',#7293);
#7293 = CARTESIAN_POINT('',(60.08497,-54.028734,1.6));
#7294 = LINE('',#7295,#7296);
#7295 = CARTESIAN_POINT('',(60.08497,-54.028734,1.6));
#7296 = VECTOR('',#7297,1.);
#7297 = DIRECTION('',(0.,1.,0.));
#7298 = ORIENTED_EDGE('',*,*,#7299,.F.);
#7299 = EDGE_CURVE('',#7300,#7292,#7302,.T.);
#7300 = VERTEX_POINT('',#7301);
#7301 = CARTESIAN_POINT('',(60.082827,-54.094274,1.6));
#7302 = LINE('',#7303,#7304);
#7303 = CARTESIAN_POINT('',(60.082827,-54.094274,1.6));
#7304 = VECTOR('',#7305,1.);
#7305 = DIRECTION('',(3.268012423637E-02,0.999465862088,0.));
#7306 = ORIENTED_EDGE('',*,*,#7307,.F.);
#7307 = EDGE_CURVE('',#7308,#7300,#7310,.T.);
#7308 = VERTEX_POINT('',#7309);
#7309 = CARTESIAN_POINT('',(59.58497,-54.528734,1.6));
#7310 = CIRCLE('',#7311,0.497940142437);
#7311 = AXIS2_PLACEMENT_3D('',#7312,#7313,#7314);
#7312 = CARTESIAN_POINT('',(59.588947790147,-54.03080974608,1.6));
#7313 = DIRECTION('',(0.,0.,1.));
#7314 = DIRECTION('',(-7.988490599082E-03,-0.9999680915,0.));
#7315 = ORIENTED_EDGE('',*,*,#7316,.F.);
#7316 = EDGE_CURVE('',#7317,#7308,#7319,.T.);
#7317 = VERTEX_POINT('',#7318);
#7318 = CARTESIAN_POINT('',(46.58497,-54.528734,1.6));
#7319 = LINE('',#7320,#7321);
#7320 = CARTESIAN_POINT('',(46.58497,-54.528734,1.6));
#7321 = VECTOR('',#7322,1.);
#7322 = DIRECTION('',(1.,0.,0.));
#7323 = ORIENTED_EDGE('',*,*,#7324,.F.);
#7324 = EDGE_CURVE('',#7325,#7317,#7327,.T.);
#7325 = VERTEX_POINT('',#7326);
#7326 = CARTESIAN_POINT('',(46.52216,-54.525675,1.6));
#7327 = LINE('',#7328,#7329);
#7328 = CARTESIAN_POINT('',(46.52216,-54.525675,1.6));
#7329 = VECTOR('',#7330,1.);
#7330 = DIRECTION('',(0.998816141971,-4.864477914806E-02,0.));
#7331 = ORIENTED_EDGE('',*,*,#7332,.F.);
#7332 = EDGE_CURVE('',#7333,#7325,#7335,.T.);
#7333 = VERTEX_POINT('',#7334);
#7334 = CARTESIAN_POINT('',(46.087734,-54.027618,1.6));
#7335 = CIRCLE('',#7336,0.497565516144);
#7336 = AXIS2_PLACEMENT_3D('',#7337,#7338,#7339);
#7337 = CARTESIAN_POINT('',(46.585279064948,-54.03212923059,1.6));
#7338 = DIRECTION('',(0.,0.,1.));
#7339 = DIRECTION('',(-0.999958897481,9.066606207033E-03,0.));
#7340 = ORIENTED_EDGE('',*,*,#7341,.F.);
#7341 = EDGE_CURVE('',#7342,#7333,#7344,.T.);
#7342 = VERTEX_POINT('',#7343);
#7343 = CARTESIAN_POINT('',(46.08497,-54.028734,1.6));
#7344 = LINE('',#7345,#7346);
#7345 = CARTESIAN_POINT('',(46.08497,-54.028734,1.6));
#7346 = VECTOR('',#7347,1.);
#7347 = DIRECTION('',(0.927268715845,0.374396485849,0.));
#7348 = ORIENTED_EDGE('',*,*,#7349,.F.);
#7349 = EDGE_CURVE('',#7350,#7342,#7352,.T.);
#7350 = VERTEX_POINT('',#7351);
#7351 = CARTESIAN_POINT('',(46.08497,-41.028734,1.6));
#7352 = LINE('',#7353,#7354);
#7353 = CARTESIAN_POINT('',(46.08497,-41.028734,1.6));
#7354 = VECTOR('',#7355,1.);
#7355 = DIRECTION('',(0.,-1.,0.));
#7356 = ORIENTED_EDGE('',*,*,#7357,.F.);
#7357 = EDGE_CURVE('',#7258,#7350,#7358,.T.);
#7358 = LINE('',#7359,#7360);
#7359 = CARTESIAN_POINT('',(46.086913,-40.96316,1.6));
#7360 = VECTOR('',#7361,1.);
#7361 = DIRECTION('',(-2.961764736543E-02,-0.999561301254,0.));
#7362 = FACE_BOUND('',#7363,.T.);
#7363 = EDGE_LOOP('',(#7364,#7375,#7383,#7391,#7400,#7408,#7416,#7425,
    #7433,#7441,#7450,#7458));
#7364 = ORIENTED_EDGE('',*,*,#7365,.F.);
#7365 = EDGE_CURVE('',#7366,#7368,#7370,.T.);
#7366 = VERTEX_POINT('',#7367);
#7367 = CARTESIAN_POINT('',(70.39747,-40.528734,1.6));
#7368 = VERTEX_POINT('',#7369);
#7369 = CARTESIAN_POINT('',(69.899413,-40.96316,1.6));
#7370 = CIRCLE('',#7371,0.497554635006);
#7371 = AXIS2_PLACEMENT_3D('',#7372,#7373,#7374);
#7372 = CARTESIAN_POINT('',(70.392949202288,-41.02626809652,1.6));
#7373 = DIRECTION('',(0.,0.,1.));
#7374 = DIRECTION('',(9.086032757178E-03,0.999958721152,-0.));
#7375 = ORIENTED_EDGE('',*,*,#7376,.F.);
#7376 = EDGE_CURVE('',#7377,#7366,#7379,.T.);
#7377 = VERTEX_POINT('',#7378);
#7378 = CARTESIAN_POINT('',(83.39747,-40.528734,1.6));
#7379 = LINE('',#7380,#7381);
#7380 = CARTESIAN_POINT('',(83.39747,-40.528734,1.6));
#7381 = VECTOR('',#7382,1.);
#7382 = DIRECTION('',(-1.,0.,0.));
#7383 = ORIENTED_EDGE('',*,*,#7384,.F.);
#7384 = EDGE_CURVE('',#7385,#7377,#7387,.T.);
#7385 = VERTEX_POINT('',#7386);
#7386 = CARTESIAN_POINT('',(83.463041,-40.530678,1.6));
#7387 = LINE('',#7388,#7389);
#7388 = CARTESIAN_POINT('',(83.463041,-40.530678,1.6));
#7389 = VECTOR('',#7390,1.);
#7390 = DIRECTION('',(-0.999560809708,2.963423181093E-02,0.));
#7391 = ORIENTED_EDGE('',*,*,#7392,.F.);
#7392 = EDGE_CURVE('',#7393,#7385,#7395,.T.);
#7393 = VERTEX_POINT('',#7394);
#7394 = CARTESIAN_POINT('',(83.89747,-41.028734,1.6));
#7395 = CIRCLE('',#7396,0.49762810037);
#7396 = AXIS2_PLACEMENT_3D('',#7397,#7398,#7399);
#7397 = CARTESIAN_POINT('',(83.399861840086,-41.02427917507,1.6));
#7398 = DIRECTION('',(0.,0.,1.));
#7399 = DIRECTION('',(0.999959928999,-8.952116905841E-03,0.));
#7400 = ORIENTED_EDGE('',*,*,#7401,.F.);
#7401 = EDGE_CURVE('',#7402,#7393,#7404,.T.);
#7402 = VERTEX_POINT('',#7403);
#7403 = CARTESIAN_POINT('',(83.89747,-54.028734,1.6));
#7404 = LINE('',#7405,#7406);
#7405 = CARTESIAN_POINT('',(83.89747,-54.028734,1.6));
#7406 = VECTOR('',#7407,1.);
#7407 = DIRECTION('',(0.,1.,0.));
#7408 = ORIENTED_EDGE('',*,*,#7409,.F.);
#7409 = EDGE_CURVE('',#7410,#7402,#7412,.T.);
#7410 = VERTEX_POINT('',#7411);
#7411 = CARTESIAN_POINT('',(83.895327,-54.094274,1.6));
#7412 = LINE('',#7413,#7414);
#7413 = CARTESIAN_POINT('',(83.895327,-54.094274,1.6));
#7414 = VECTOR('',#7415,1.);
#7415 = DIRECTION('',(3.268012423648E-02,0.999465862088,0.));
#7416 = ORIENTED_EDGE('',*,*,#7417,.F.);
#7417 = EDGE_CURVE('',#7418,#7410,#7420,.T.);
#7418 = VERTEX_POINT('',#7419);
#7419 = CARTESIAN_POINT('',(83.39747,-54.528734,1.6));
#7420 = CIRCLE('',#7421,0.497940142437);
#7421 = AXIS2_PLACEMENT_3D('',#7422,#7423,#7424);
#7422 = CARTESIAN_POINT('',(83.401447790147,-54.03080974608,1.6));
#7423 = DIRECTION('',(0.,0.,1.));
#7424 = DIRECTION('',(-7.988490599025E-03,-0.9999680915,0.));
#7425 = ORIENTED_EDGE('',*,*,#7426,.F.);
#7426 = EDGE_CURVE('',#7427,#7418,#7429,.T.);
#7427 = VERTEX_POINT('',#7428);
#7428 = CARTESIAN_POINT('',(70.39747,-54.528734,1.6));
#7429 = LINE('',#7430,#7431);
#7430 = CARTESIAN_POINT('',(70.39747,-54.528734,1.6));
#7431 = VECTOR('',#7432,1.);
#7432 = DIRECTION('',(1.,0.,0.));
#7433 = ORIENTED_EDGE('',*,*,#7434,.F.);
#7434 = EDGE_CURVE('',#7435,#7427,#7437,.T.);
#7435 = VERTEX_POINT('',#7436);
#7436 = CARTESIAN_POINT('',(70.33466,-54.525675,1.6));
#7437 = LINE('',#7438,#7439);
#7438 = CARTESIAN_POINT('',(70.33466,-54.525675,1.6));
#7439 = VECTOR('',#7440,1.);
#7440 = DIRECTION('',(0.998816141971,-4.864477914806E-02,0.));
#7441 = ORIENTED_EDGE('',*,*,#7442,.F.);
#7442 = EDGE_CURVE('',#7443,#7435,#7445,.T.);
#7443 = VERTEX_POINT('',#7444);
#7444 = CARTESIAN_POINT('',(69.900234,-54.027618,1.6));
#7445 = CIRCLE('',#7446,0.497565516144);
#7446 = AXIS2_PLACEMENT_3D('',#7447,#7448,#7449);
#7447 = CARTESIAN_POINT('',(70.397779064948,-54.03212923059,1.6));
#7448 = DIRECTION('',(0.,0.,1.));
#7449 = DIRECTION('',(-0.999958897481,9.066606207062E-03,0.));
#7450 = ORIENTED_EDGE('',*,*,#7451,.F.);
#7451 = EDGE_CURVE('',#7452,#7443,#7454,.T.);
#7452 = VERTEX_POINT('',#7453);
#7453 = CARTESIAN_POINT('',(69.89747,-41.028734,1.6));
#7454 = LINE('',#7455,#7456);
#7455 = CARTESIAN_POINT('',(69.89747,-41.028734,1.6));
#7456 = VECTOR('',#7457,1.);
#7457 = DIRECTION('',(2.126336335884E-04,-0.999999977393,0.));
#7458 = ORIENTED_EDGE('',*,*,#7459,.F.);
#7459 = EDGE_CURVE('',#7368,#7452,#7460,.T.);
#7460 = LINE('',#7461,#7462);
#7461 = CARTESIAN_POINT('',(69.899413,-40.96316,1.6));
#7462 = VECTOR('',#7463,1.);
#7463 = DIRECTION('',(-2.961764736532E-02,-0.999561301254,0.));
#7464 = FACE_BOUND('',#7465,.T.);
#7465 = EDGE_LOOP('',(#7466));
#7466 = ORIENTED_EDGE('',*,*,#7467,.T.);
#7467 = EDGE_CURVE('',#7468,#7468,#7470,.T.);
#7468 = VERTEX_POINT('',#7469);
#7469 = CARTESIAN_POINT('',(91.18497,-37.119359,1.6));
#7470 = CIRCLE('',#7471,1.1);
#7471 = AXIS2_PLACEMENT_3D('',#7472,#7473,#7474);
#7472 = CARTESIAN_POINT('',(91.18497,-36.019359,1.6));
#7473 = DIRECTION('',(-0.,0.,-1.));
#7474 = DIRECTION('',(1.2918958832E-14,-1.,-0.));
#7475 = FACE_BOUND('',#7476,.T.);
#7476 = EDGE_LOOP('',(#7477,#7488,#7496,#7504,#7513,#7521,#7529,#7538,
    #7546,#7554,#7563,#7571,#7579));
#7477 = ORIENTED_EDGE('',*,*,#7478,.F.);
#7478 = EDGE_CURVE('',#7479,#7481,#7483,.T.);
#7479 = VERTEX_POINT('',#7480);
#7480 = CARTESIAN_POINT('',(89.44747,-40.528734,1.6));
#7481 = VERTEX_POINT('',#7482);
#7482 = CARTESIAN_POINT('',(88.949413,-40.96316,1.6));
#7483 = CIRCLE('',#7484,0.497554635006);
#7484 = AXIS2_PLACEMENT_3D('',#7485,#7486,#7487);
#7485 = CARTESIAN_POINT('',(89.442949202288,-41.02626809652,1.6));
#7486 = DIRECTION('',(0.,0.,1.));
#7487 = DIRECTION('',(9.086032757264E-03,0.999958721152,-0.));
#7488 = ORIENTED_EDGE('',*,*,#7489,.F.);
#7489 = EDGE_CURVE('',#7490,#7479,#7492,.T.);
#7490 = VERTEX_POINT('',#7491);
#7491 = CARTESIAN_POINT('',(102.44747,-40.528734,1.6));
#7492 = LINE('',#7493,#7494);
#7493 = CARTESIAN_POINT('',(102.44747,-40.528734,1.6));
#7494 = VECTOR('',#7495,1.);
#7495 = DIRECTION('',(-1.,0.,0.));
#7496 = ORIENTED_EDGE('',*,*,#7497,.F.);
#7497 = EDGE_CURVE('',#7498,#7490,#7500,.T.);
#7498 = VERTEX_POINT('',#7499);
#7499 = CARTESIAN_POINT('',(102.513041,-40.530678,1.6));
#7500 = LINE('',#7501,#7502);
#7501 = CARTESIAN_POINT('',(102.513041,-40.530678,1.6));
#7502 = VECTOR('',#7503,1.);
#7503 = DIRECTION('',(-0.999560809708,2.963423181093E-02,0.));
#7504 = ORIENTED_EDGE('',*,*,#7505,.F.);
#7505 = EDGE_CURVE('',#7506,#7498,#7508,.T.);
#7506 = VERTEX_POINT('',#7507);
#7507 = CARTESIAN_POINT('',(102.94747,-41.028734,1.6));
#7508 = CIRCLE('',#7509,0.49762810037);
#7509 = AXIS2_PLACEMENT_3D('',#7510,#7511,#7512);
#7510 = CARTESIAN_POINT('',(102.44986184008,-41.02427917507,1.6));
#7511 = DIRECTION('',(0.,0.,1.));
#7512 = DIRECTION('',(0.999959928999,-8.95211690587E-03,0.));
#7513 = ORIENTED_EDGE('',*,*,#7514,.F.);
#7514 = EDGE_CURVE('',#7515,#7506,#7517,.T.);
#7515 = VERTEX_POINT('',#7516);
#7516 = CARTESIAN_POINT('',(102.94747,-54.028734,1.6));
#7517 = LINE('',#7518,#7519);
#7518 = CARTESIAN_POINT('',(102.94747,-54.028734,1.6));
#7519 = VECTOR('',#7520,1.);
#7520 = DIRECTION('',(0.,1.,0.));
#7521 = ORIENTED_EDGE('',*,*,#7522,.F.);
#7522 = EDGE_CURVE('',#7523,#7515,#7525,.T.);
#7523 = VERTEX_POINT('',#7524);
#7524 = CARTESIAN_POINT('',(102.945327,-54.094274,1.6));
#7525 = LINE('',#7526,#7527);
#7526 = CARTESIAN_POINT('',(102.945327,-54.094274,1.6));
#7527 = VECTOR('',#7528,1.);
#7528 = DIRECTION('',(3.268012423627E-02,0.999465862088,0.));
#7529 = ORIENTED_EDGE('',*,*,#7530,.F.);
#7530 = EDGE_CURVE('',#7531,#7523,#7533,.T.);
#7531 = VERTEX_POINT('',#7532);
#7532 = CARTESIAN_POINT('',(102.44747,-54.528734,1.6));
#7533 = CIRCLE('',#7534,0.497940142437);
#7534 = AXIS2_PLACEMENT_3D('',#7535,#7536,#7537);
#7535 = CARTESIAN_POINT('',(102.45144779014,-54.03080974608,1.6));
#7536 = DIRECTION('',(0.,0.,1.));
#7537 = DIRECTION('',(-7.988490599053E-03,-0.9999680915,0.));
#7538 = ORIENTED_EDGE('',*,*,#7539,.F.);
#7539 = EDGE_CURVE('',#7540,#7531,#7542,.T.);
#7540 = VERTEX_POINT('',#7541);
#7541 = CARTESIAN_POINT('',(89.44747,-54.528734,1.6));
#7542 = LINE('',#7543,#7544);
#7543 = CARTESIAN_POINT('',(89.44747,-54.528734,1.6));
#7544 = VECTOR('',#7545,1.);
#7545 = DIRECTION('',(1.,0.,0.));
#7546 = ORIENTED_EDGE('',*,*,#7547,.F.);
#7547 = EDGE_CURVE('',#7548,#7540,#7550,.T.);
#7548 = VERTEX_POINT('',#7549);
#7549 = CARTESIAN_POINT('',(89.38466,-54.525675,1.6));
#7550 = LINE('',#7551,#7552);
#7551 = CARTESIAN_POINT('',(89.38466,-54.525675,1.6));
#7552 = VECTOR('',#7553,1.);
#7553 = DIRECTION('',(0.998816141971,-4.864477914806E-02,0.));
#7554 = ORIENTED_EDGE('',*,*,#7555,.F.);
#7555 = EDGE_CURVE('',#7556,#7548,#7558,.T.);
#7556 = VERTEX_POINT('',#7557);
#7557 = CARTESIAN_POINT('',(88.950234,-54.027618,1.6));
#7558 = CIRCLE('',#7559,0.497565516144);
#7559 = AXIS2_PLACEMENT_3D('',#7560,#7561,#7562);
#7560 = CARTESIAN_POINT('',(89.447779064948,-54.03212923059,1.6));
#7561 = DIRECTION('',(0.,0.,1.));
#7562 = DIRECTION('',(-0.999958897481,9.066606207047E-03,0.));
#7563 = ORIENTED_EDGE('',*,*,#7564,.F.);
#7564 = EDGE_CURVE('',#7565,#7556,#7567,.T.);
#7565 = VERTEX_POINT('',#7566);
#7566 = CARTESIAN_POINT('',(88.94747,-54.028734,1.6));
#7567 = LINE('',#7568,#7569);
#7568 = CARTESIAN_POINT('',(88.94747,-54.028734,1.6));
#7569 = VECTOR('',#7570,1.);
#7570 = DIRECTION('',(0.927268715845,0.374396485849,0.));
#7571 = ORIENTED_EDGE('',*,*,#7572,.F.);
#7572 = EDGE_CURVE('',#7573,#7565,#7575,.T.);
#7573 = VERTEX_POINT('',#7574);
#7574 = CARTESIAN_POINT('',(88.94747,-41.028734,1.6));
#7575 = LINE('',#7576,#7577);
#7576 = CARTESIAN_POINT('',(88.94747,-41.028734,1.6));
#7577 = VECTOR('',#7578,1.);
#7578 = DIRECTION('',(0.,-1.,0.));
#7579 = ORIENTED_EDGE('',*,*,#7580,.F.);
#7580 = EDGE_CURVE('',#7481,#7573,#7581,.T.);
#7581 = LINE('',#7582,#7583);
#7582 = CARTESIAN_POINT('',(88.949413,-40.96316,1.6));
#7583 = VECTOR('',#7584,1.);
#7584 = DIRECTION('',(-2.961764736554E-02,-0.999561301254,0.));
#7585 = FACE_BOUND('',#7586,.T.);
#7586 = EDGE_LOOP('',(#7587,#7598,#7606,#7614,#7623,#7631,#7639,#7648,
    #7656,#7664,#7673,#7681,#7689));
#7587 = ORIENTED_EDGE('',*,*,#7588,.F.);
#7588 = EDGE_CURVE('',#7589,#7591,#7593,.T.);
#7589 = VERTEX_POINT('',#7590);
#7590 = CARTESIAN_POINT('',(108.49747,-40.528734,1.6));
#7591 = VERTEX_POINT('',#7592);
#7592 = CARTESIAN_POINT('',(107.999413,-40.96316,1.6));
#7593 = CIRCLE('',#7594,0.497554635006);
#7594 = AXIS2_PLACEMENT_3D('',#7595,#7596,#7597);
#7595 = CARTESIAN_POINT('',(108.49294920228,-41.02626809652,1.6));
#7596 = DIRECTION('',(0.,0.,1.));
#7597 = DIRECTION('',(9.086032757235E-03,0.999958721152,-0.));
#7598 = ORIENTED_EDGE('',*,*,#7599,.F.);
#7599 = EDGE_CURVE('',#7600,#7589,#7602,.T.);
#7600 = VERTEX_POINT('',#7601);
#7601 = CARTESIAN_POINT('',(121.49747,-40.528734,1.6));
#7602 = LINE('',#7603,#7604);
#7603 = CARTESIAN_POINT('',(121.49747,-40.528734,1.6));
#7604 = VECTOR('',#7605,1.);
#7605 = DIRECTION('',(-1.,0.,0.));
#7606 = ORIENTED_EDGE('',*,*,#7607,.F.);
#7607 = EDGE_CURVE('',#7608,#7600,#7610,.T.);
#7608 = VERTEX_POINT('',#7609);
#7609 = CARTESIAN_POINT('',(121.563041,-40.530678,1.6));
#7610 = LINE('',#7611,#7612);
#7611 = CARTESIAN_POINT('',(121.563041,-40.530678,1.6));
#7612 = VECTOR('',#7613,1.);
#7613 = DIRECTION('',(-0.999560809708,2.963423181094E-02,0.));
#7614 = ORIENTED_EDGE('',*,*,#7615,.F.);
#7615 = EDGE_CURVE('',#7616,#7608,#7618,.T.);
#7616 = VERTEX_POINT('',#7617);
#7617 = CARTESIAN_POINT('',(121.99747,-41.028734,1.6));
#7618 = CIRCLE('',#7619,0.49762810037);
#7619 = AXIS2_PLACEMENT_3D('',#7620,#7621,#7622);
#7620 = CARTESIAN_POINT('',(121.49986184008,-41.02427917507,1.6));
#7621 = DIRECTION('',(0.,0.,1.));
#7622 = DIRECTION('',(0.999959928999,-8.952116905798E-03,0.));
#7623 = ORIENTED_EDGE('',*,*,#7624,.F.);
#7624 = EDGE_CURVE('',#7625,#7616,#7627,.T.);
#7625 = VERTEX_POINT('',#7626);
#7626 = CARTESIAN_POINT('',(121.99747,-54.028734,1.6));
#7627 = LINE('',#7628,#7629);
#7628 = CARTESIAN_POINT('',(121.99747,-54.028734,1.6));
#7629 = VECTOR('',#7630,1.);
#7630 = DIRECTION('',(0.,1.,0.));
#7631 = ORIENTED_EDGE('',*,*,#7632,.F.);
#7632 = EDGE_CURVE('',#7633,#7625,#7635,.T.);
#7633 = VERTEX_POINT('',#7634);
#7634 = CARTESIAN_POINT('',(121.995327,-54.094274,1.6));
#7635 = LINE('',#7636,#7637);
#7636 = CARTESIAN_POINT('',(121.995327,-54.094274,1.6));
#7637 = VECTOR('',#7638,1.);
#7638 = DIRECTION('',(3.268012423648E-02,0.999465862088,0.));
#7639 = ORIENTED_EDGE('',*,*,#7640,.F.);
#7640 = EDGE_CURVE('',#7641,#7633,#7643,.T.);
#7641 = VERTEX_POINT('',#7642);
#7642 = CARTESIAN_POINT('',(121.49747,-54.528734,1.6));
#7643 = CIRCLE('',#7644,0.497940142437);
#7644 = AXIS2_PLACEMENT_3D('',#7645,#7646,#7647);
#7645 = CARTESIAN_POINT('',(121.50144779014,-54.03080974608,1.6));
#7646 = DIRECTION('',(0.,0.,1.));
#7647 = DIRECTION('',(-7.988490599082E-03,-0.9999680915,0.));
#7648 = ORIENTED_EDGE('',*,*,#7649,.F.);
#7649 = EDGE_CURVE('',#7650,#7641,#7652,.T.);
#7650 = VERTEX_POINT('',#7651);
#7651 = CARTESIAN_POINT('',(108.49747,-54.528734,1.6));
#7652 = LINE('',#7653,#7654);
#7653 = CARTESIAN_POINT('',(108.49747,-54.528734,1.6));
#7654 = VECTOR('',#7655,1.);
#7655 = DIRECTION('',(1.,0.,0.));
#7656 = ORIENTED_EDGE('',*,*,#7657,.F.);
#7657 = EDGE_CURVE('',#7658,#7650,#7660,.T.);
#7658 = VERTEX_POINT('',#7659);
#7659 = CARTESIAN_POINT('',(108.43466,-54.525675,1.6));
#7660 = LINE('',#7661,#7662);
#7661 = CARTESIAN_POINT('',(108.43466,-54.525675,1.6));
#7662 = VECTOR('',#7663,1.);
#7663 = DIRECTION('',(0.998816141971,-4.864477914805E-02,0.));
#7664 = ORIENTED_EDGE('',*,*,#7665,.F.);
#7665 = EDGE_CURVE('',#7666,#7658,#7668,.T.);
#7666 = VERTEX_POINT('',#7667);
#7667 = CARTESIAN_POINT('',(108.000234,-54.027618,1.6));
#7668 = CIRCLE('',#7669,0.497565516144);
#7669 = AXIS2_PLACEMENT_3D('',#7670,#7671,#7672);
#7670 = CARTESIAN_POINT('',(108.49777906494,-54.03212923059,1.6));
#7671 = DIRECTION('',(0.,0.,1.));
#7672 = DIRECTION('',(-0.999958897481,9.066606207047E-03,0.));
#7673 = ORIENTED_EDGE('',*,*,#7674,.F.);
#7674 = EDGE_CURVE('',#7675,#7666,#7677,.T.);
#7675 = VERTEX_POINT('',#7676);
#7676 = CARTESIAN_POINT('',(107.99747,-54.028734,1.6));
#7677 = LINE('',#7678,#7679);
#7678 = CARTESIAN_POINT('',(107.99747,-54.028734,1.6));
#7679 = VECTOR('',#7680,1.);
#7680 = DIRECTION('',(0.927268715845,0.374396485849,0.));
#7681 = ORIENTED_EDGE('',*,*,#7682,.F.);
#7682 = EDGE_CURVE('',#7683,#7675,#7685,.T.);
#7683 = VERTEX_POINT('',#7684);
#7684 = CARTESIAN_POINT('',(107.99747,-41.028734,1.6));
#7685 = LINE('',#7686,#7687);
#7686 = CARTESIAN_POINT('',(107.99747,-41.028734,1.6));
#7687 = VECTOR('',#7688,1.);
#7688 = DIRECTION('',(0.,-1.,0.));
#7689 = ORIENTED_EDGE('',*,*,#7690,.F.);
#7690 = EDGE_CURVE('',#7591,#7683,#7691,.T.);
#7691 = LINE('',#7692,#7693);
#7692 = CARTESIAN_POINT('',(107.999413,-40.96316,1.6));
#7693 = VECTOR('',#7694,1.);
#7694 = DIRECTION('',(-2.961764736532E-02,-0.999561301254,0.));
#7695 = FACE_BOUND('',#7696,.T.);
#7696 = EDGE_LOOP('',(#7697,#7708,#7716,#7724,#7733,#7741,#7749,#7758,
    #7766,#7774,#7783,#7791,#7799));
#7697 = ORIENTED_EDGE('',*,*,#7698,.F.);
#7698 = EDGE_CURVE('',#7699,#7701,#7703,.T.);
#7699 = VERTEX_POINT('',#7700);
#7700 = CARTESIAN_POINT('',(127.54747,-40.528734,1.6));
#7701 = VERTEX_POINT('',#7702);
#7702 = CARTESIAN_POINT('',(127.049413,-40.96316,1.6));
#7703 = CIRCLE('',#7704,0.497554635006);
#7704 = AXIS2_PLACEMENT_3D('',#7705,#7706,#7707);
#7705 = CARTESIAN_POINT('',(127.54294920228,-41.02626809652,1.6));
#7706 = DIRECTION('',(0.,0.,1.));
#7707 = DIRECTION('',(9.086032757178E-03,0.999958721152,-0.));
#7708 = ORIENTED_EDGE('',*,*,#7709,.F.);
#7709 = EDGE_CURVE('',#7710,#7699,#7712,.T.);
#7710 = VERTEX_POINT('',#7711);
#7711 = CARTESIAN_POINT('',(140.54747,-40.528734,1.6));
#7712 = LINE('',#7713,#7714);
#7713 = CARTESIAN_POINT('',(140.54747,-40.528734,1.6));
#7714 = VECTOR('',#7715,1.);
#7715 = DIRECTION('',(-1.,0.,0.));
#7716 = ORIENTED_EDGE('',*,*,#7717,.F.);
#7717 = EDGE_CURVE('',#7718,#7710,#7720,.T.);
#7718 = VERTEX_POINT('',#7719);
#7719 = CARTESIAN_POINT('',(140.613041,-40.530678,1.6));
#7720 = LINE('',#7721,#7722);
#7721 = CARTESIAN_POINT('',(140.613041,-40.530678,1.6));
#7722 = VECTOR('',#7723,1.);
#7723 = DIRECTION('',(-0.999560809708,2.963423181093E-02,0.));
#7724 = ORIENTED_EDGE('',*,*,#7725,.F.);
#7725 = EDGE_CURVE('',#7726,#7718,#7728,.T.);
#7726 = VERTEX_POINT('',#7727);
#7727 = CARTESIAN_POINT('',(141.04747,-41.028734,1.6));
#7728 = CIRCLE('',#7729,0.49762810037);
#7729 = AXIS2_PLACEMENT_3D('',#7730,#7731,#7732);
#7730 = CARTESIAN_POINT('',(140.54986184008,-41.02427917507,1.6));
#7731 = DIRECTION('',(0.,0.,1.));
#7732 = DIRECTION('',(0.999959928999,-8.952116905812E-03,0.));
#7733 = ORIENTED_EDGE('',*,*,#7734,.F.);
#7734 = EDGE_CURVE('',#7735,#7726,#7737,.T.);
#7735 = VERTEX_POINT('',#7736);
#7736 = CARTESIAN_POINT('',(141.04747,-54.028734,1.6));
#7737 = LINE('',#7738,#7739);
#7738 = CARTESIAN_POINT('',(141.04747,-54.028734,1.6));
#7739 = VECTOR('',#7740,1.);
#7740 = DIRECTION('',(0.,1.,0.));
#7741 = ORIENTED_EDGE('',*,*,#7742,.F.);
#7742 = EDGE_CURVE('',#7743,#7735,#7745,.T.);
#7743 = VERTEX_POINT('',#7744);
#7744 = CARTESIAN_POINT('',(141.045327,-54.094274,1.6));
#7745 = LINE('',#7746,#7747);
#7746 = CARTESIAN_POINT('',(141.045327,-54.094274,1.6));
#7747 = VECTOR('',#7748,1.);
#7748 = DIRECTION('',(3.26801242367E-02,0.999465862088,0.));
#7749 = ORIENTED_EDGE('',*,*,#7750,.F.);
#7750 = EDGE_CURVE('',#7751,#7743,#7753,.T.);
#7751 = VERTEX_POINT('',#7752);
#7752 = CARTESIAN_POINT('',(140.54747,-54.528734,1.6));
#7753 = CIRCLE('',#7754,0.497940142437);
#7754 = AXIS2_PLACEMENT_3D('',#7755,#7756,#7757);
#7755 = CARTESIAN_POINT('',(140.55144779014,-54.03080974608,1.6));
#7756 = DIRECTION('',(0.,0.,1.));
#7757 = DIRECTION('',(-7.988490599025E-03,-0.9999680915,0.));
#7758 = ORIENTED_EDGE('',*,*,#7759,.F.);
#7759 = EDGE_CURVE('',#7760,#7751,#7762,.T.);
#7760 = VERTEX_POINT('',#7761);
#7761 = CARTESIAN_POINT('',(127.54747,-54.528734,1.6));
#7762 = LINE('',#7763,#7764);
#7763 = CARTESIAN_POINT('',(127.54747,-54.528734,1.6));
#7764 = VECTOR('',#7765,1.);
#7765 = DIRECTION('',(1.,0.,0.));
#7766 = ORIENTED_EDGE('',*,*,#7767,.F.);
#7767 = EDGE_CURVE('',#7768,#7760,#7770,.T.);
#7768 = VERTEX_POINT('',#7769);
#7769 = CARTESIAN_POINT('',(127.48466,-54.525675,1.6));
#7770 = LINE('',#7771,#7772);
#7771 = CARTESIAN_POINT('',(127.48466,-54.525675,1.6));
#7772 = VECTOR('',#7773,1.);
#7773 = DIRECTION('',(0.998816141971,-4.864477914806E-02,0.));
#7774 = ORIENTED_EDGE('',*,*,#7775,.F.);
#7775 = EDGE_CURVE('',#7776,#7768,#7778,.T.);
#7776 = VERTEX_POINT('',#7777);
#7777 = CARTESIAN_POINT('',(127.050234,-54.027618,1.6));
#7778 = CIRCLE('',#7779,0.497565516144);
#7779 = AXIS2_PLACEMENT_3D('',#7780,#7781,#7782);
#7780 = CARTESIAN_POINT('',(127.54777906494,-54.03212923059,1.6));
#7781 = DIRECTION('',(0.,0.,1.));
#7782 = DIRECTION('',(-0.999958897481,9.066606207062E-03,0.));
#7783 = ORIENTED_EDGE('',*,*,#7784,.F.);
#7784 = EDGE_CURVE('',#7785,#7776,#7787,.T.);
#7785 = VERTEX_POINT('',#7786);
#7786 = CARTESIAN_POINT('',(127.04747,-54.028734,1.6));
#7787 = LINE('',#7788,#7789);
#7788 = CARTESIAN_POINT('',(127.04747,-54.028734,1.6));
#7789 = VECTOR('',#7790,1.);
#7790 = DIRECTION('',(0.927268715845,0.374396485849,0.));
#7791 = ORIENTED_EDGE('',*,*,#7792,.F.);
#7792 = EDGE_CURVE('',#7793,#7785,#7795,.T.);
#7793 = VERTEX_POINT('',#7794);
#7794 = CARTESIAN_POINT('',(127.04747,-41.028734,1.6));
#7795 = LINE('',#7796,#7797);
#7796 = CARTESIAN_POINT('',(127.04747,-41.028734,1.6));
#7797 = VECTOR('',#7798,1.);
#7798 = DIRECTION('',(0.,-1.,0.));
#7799 = ORIENTED_EDGE('',*,*,#7800,.F.);
#7800 = EDGE_CURVE('',#7701,#7793,#7801,.T.);
#7801 = LINE('',#7802,#7803);
#7802 = CARTESIAN_POINT('',(127.049413,-40.96316,1.6));
#7803 = VECTOR('',#7804,1.);
#7804 = DIRECTION('',(-2.961764736532E-02,-0.999561301254,0.));
#7805 = FACE_BOUND('',#7806,.T.);
#7806 = EDGE_LOOP('',(#7807,#7818,#7826,#7834,#7843,#7851,#7859,#7868,
    #7876,#7884,#7893,#7901,#7909));
#7807 = ORIENTED_EDGE('',*,*,#7808,.F.);
#7808 = EDGE_CURVE('',#7809,#7811,#7813,.T.);
#7809 = VERTEX_POINT('',#7810);
#7810 = CARTESIAN_POINT('',(146.59747,-64.341234,1.6));
#7811 = VERTEX_POINT('',#7812);
#7812 = CARTESIAN_POINT('',(146.099413,-64.77566,1.6));
#7813 = CIRCLE('',#7814,0.497554635006);
#7814 = AXIS2_PLACEMENT_3D('',#7815,#7816,#7817);
#7815 = CARTESIAN_POINT('',(146.59294920228,-64.83876809652,1.6));
#7816 = DIRECTION('',(0.,0.,1.));
#7817 = DIRECTION('',(9.086032757207E-03,0.999958721152,-0.));
#7818 = ORIENTED_EDGE('',*,*,#7819,.F.);
#7819 = EDGE_CURVE('',#7820,#7809,#7822,.T.);
#7820 = VERTEX_POINT('',#7821);
#7821 = CARTESIAN_POINT('',(159.59747,-64.341234,1.6));
#7822 = LINE('',#7823,#7824);
#7823 = CARTESIAN_POINT('',(159.59747,-64.341234,1.6));
#7824 = VECTOR('',#7825,1.);
#7825 = DIRECTION('',(-1.,0.,0.));
#7826 = ORIENTED_EDGE('',*,*,#7827,.F.);
#7827 = EDGE_CURVE('',#7828,#7820,#7830,.T.);
#7828 = VERTEX_POINT('',#7829);
#7829 = CARTESIAN_POINT('',(159.663041,-64.343178,1.6));
#7830 = LINE('',#7831,#7832);
#7831 = CARTESIAN_POINT('',(159.663041,-64.343178,1.6));
#7832 = VECTOR('',#7833,1.);
#7833 = DIRECTION('',(-0.999560809708,2.963423181083E-02,0.));
#7834 = ORIENTED_EDGE('',*,*,#7835,.F.);
#7835 = EDGE_CURVE('',#7836,#7828,#7838,.T.);
#7836 = VERTEX_POINT('',#7837);
#7837 = CARTESIAN_POINT('',(160.09747,-64.841234,1.6));
#7838 = CIRCLE('',#7839,0.49762810037);
#7839 = AXIS2_PLACEMENT_3D('',#7840,#7841,#7842);
#7840 = CARTESIAN_POINT('',(159.59986184008,-64.83677917507,1.6));
#7841 = DIRECTION('',(0.,0.,1.));
#7842 = DIRECTION('',(0.999959928999,-8.952116905913E-03,0.));
#7843 = ORIENTED_EDGE('',*,*,#7844,.F.);
#7844 = EDGE_CURVE('',#7845,#7836,#7847,.T.);
#7845 = VERTEX_POINT('',#7846);
#7846 = CARTESIAN_POINT('',(160.09747,-77.841234,1.6));
#7847 = LINE('',#7848,#7849);
#7848 = CARTESIAN_POINT('',(160.09747,-77.841234,1.6));
#7849 = VECTOR('',#7850,1.);
#7850 = DIRECTION('',(0.,1.,0.));
#7851 = ORIENTED_EDGE('',*,*,#7852,.F.);
#7852 = EDGE_CURVE('',#7853,#7845,#7855,.T.);
#7853 = VERTEX_POINT('',#7854);
#7854 = CARTESIAN_POINT('',(160.095327,-77.906774,1.6));
#7855 = LINE('',#7856,#7857);
#7856 = CARTESIAN_POINT('',(160.095327,-77.906774,1.6));
#7857 = VECTOR('',#7858,1.);
#7858 = DIRECTION('',(3.268012423627E-02,0.999465862088,0.));
#7859 = ORIENTED_EDGE('',*,*,#7860,.F.);
#7860 = EDGE_CURVE('',#7861,#7853,#7863,.T.);
#7861 = VERTEX_POINT('',#7862);
#7862 = CARTESIAN_POINT('',(159.59747,-78.341234,1.6));
#7863 = CIRCLE('',#7864,0.497940142437);
#7864 = AXIS2_PLACEMENT_3D('',#7865,#7866,#7867);
#7865 = CARTESIAN_POINT('',(159.60144779014,-77.84330974608,1.6));
#7866 = DIRECTION('',(0.,0.,1.));
#7867 = DIRECTION('',(-7.98849059914E-03,-0.9999680915,0.));
#7868 = ORIENTED_EDGE('',*,*,#7869,.F.);
#7869 = EDGE_CURVE('',#7870,#7861,#7872,.T.);
#7870 = VERTEX_POINT('',#7871);
#7871 = CARTESIAN_POINT('',(146.59747,-78.341234,1.6));
#7872 = LINE('',#7873,#7874);
#7873 = CARTESIAN_POINT('',(146.59747,-78.341234,1.6));
#7874 = VECTOR('',#7875,1.);
#7875 = DIRECTION('',(1.,0.,0.));
#7876 = ORIENTED_EDGE('',*,*,#7877,.F.);
#7877 = EDGE_CURVE('',#7878,#7870,#7880,.T.);
#7878 = VERTEX_POINT('',#7879);
#7879 = CARTESIAN_POINT('',(146.53466,-78.338175,1.6));
#7880 = LINE('',#7881,#7882);
#7881 = CARTESIAN_POINT('',(146.53466,-78.338175,1.6));
#7882 = VECTOR('',#7883,1.);
#7883 = DIRECTION('',(0.998816141971,-4.864477914795E-02,0.));
#7884 = ORIENTED_EDGE('',*,*,#7885,.F.);
#7885 = EDGE_CURVE('',#7886,#7878,#7888,.T.);
#7886 = VERTEX_POINT('',#7887);
#7887 = CARTESIAN_POINT('',(146.100234,-77.840118,1.6));
#7888 = CIRCLE('',#7889,0.497565516144);
#7889 = AXIS2_PLACEMENT_3D('',#7890,#7891,#7892);
#7890 = CARTESIAN_POINT('',(146.59777906494,-77.84462923059,1.6));
#7891 = DIRECTION('',(0.,0.,1.));
#7892 = DIRECTION('',(-0.999958897481,9.066606206975E-03,0.));
#7893 = ORIENTED_EDGE('',*,*,#7894,.F.);
#7894 = EDGE_CURVE('',#7895,#7886,#7897,.T.);
#7895 = VERTEX_POINT('',#7896);
#7896 = CARTESIAN_POINT('',(146.09747,-77.841234,1.6));
#7897 = LINE('',#7898,#7899);
#7898 = CARTESIAN_POINT('',(146.09747,-77.841234,1.6));
#7899 = VECTOR('',#7900,1.);
#7900 = DIRECTION('',(0.927268715846,0.374396485845,0.));
#7901 = ORIENTED_EDGE('',*,*,#7902,.F.);
#7902 = EDGE_CURVE('',#7903,#7895,#7905,.T.);
#7903 = VERTEX_POINT('',#7904);
#7904 = CARTESIAN_POINT('',(146.09747,-64.841234,1.6));
#7905 = LINE('',#7906,#7907);
#7906 = CARTESIAN_POINT('',(146.09747,-64.841234,1.6));
#7907 = VECTOR('',#7908,1.);
#7908 = DIRECTION('',(0.,-1.,0.));
#7909 = ORIENTED_EDGE('',*,*,#7910,.F.);
#7910 = EDGE_CURVE('',#7811,#7903,#7911,.T.);
#7911 = LINE('',#7912,#7913);
#7912 = CARTESIAN_POINT('',(146.099413,-64.77566,1.6));
#7913 = VECTOR('',#7914,1.);
#7914 = DIRECTION('',(-2.961764736554E-02,-0.999561301254,0.));
#7915 = FACE_BOUND('',#7916,.T.);
#7916 = EDGE_LOOP('',(#7917,#7928,#7936,#7944,#7953,#7961,#7969,#7978,
    #7986,#7994,#8003,#8011,#8019));
#7917 = ORIENTED_EDGE('',*,*,#7918,.F.);
#7918 = EDGE_CURVE('',#7919,#7921,#7923,.T.);
#7919 = VERTEX_POINT('',#7920);
#7920 = CARTESIAN_POINT('',(165.64747,-64.341234,1.6));
#7921 = VERTEX_POINT('',#7922);
#7922 = CARTESIAN_POINT('',(165.149413,-64.77566,1.6));
#7923 = CIRCLE('',#7924,0.497554635006);
#7924 = AXIS2_PLACEMENT_3D('',#7925,#7926,#7927);
#7925 = CARTESIAN_POINT('',(165.64294920228,-64.83876809652,1.6));
#7926 = DIRECTION('',(0.,0.,1.));
#7927 = DIRECTION('',(9.086032757207E-03,0.999958721152,-0.));
#7928 = ORIENTED_EDGE('',*,*,#7929,.F.);
#7929 = EDGE_CURVE('',#7930,#7919,#7932,.T.);
#7930 = VERTEX_POINT('',#7931);
#7931 = CARTESIAN_POINT('',(178.64747,-64.341234,1.6));
#7932 = LINE('',#7933,#7934);
#7933 = CARTESIAN_POINT('',(178.64747,-64.341234,1.6));
#7934 = VECTOR('',#7935,1.);
#7935 = DIRECTION('',(-1.,0.,0.));
#7936 = ORIENTED_EDGE('',*,*,#7937,.F.);
#7937 = EDGE_CURVE('',#7938,#7930,#7940,.T.);
#7938 = VERTEX_POINT('',#7939);
#7939 = CARTESIAN_POINT('',(178.713041,-64.343178,1.6));
#7940 = LINE('',#7941,#7942);
#7941 = CARTESIAN_POINT('',(178.713041,-64.343178,1.6));
#7942 = VECTOR('',#7943,1.);
#7943 = DIRECTION('',(-0.999560809708,2.963423181083E-02,0.));
#7944 = ORIENTED_EDGE('',*,*,#7945,.F.);
#7945 = EDGE_CURVE('',#7946,#7938,#7948,.T.);
#7946 = VERTEX_POINT('',#7947);
#7947 = CARTESIAN_POINT('',(179.14747,-64.841234,1.6));
#7948 = CIRCLE('',#7949,0.49762810037);
#7949 = AXIS2_PLACEMENT_3D('',#7950,#7951,#7952);
#7950 = CARTESIAN_POINT('',(178.64986184008,-64.83677917507,1.6));
#7951 = DIRECTION('',(0.,0.,1.));
#7952 = DIRECTION('',(0.999959928999,-8.952116905798E-03,0.));
#7953 = ORIENTED_EDGE('',*,*,#7954,.F.);
#7954 = EDGE_CURVE('',#7955,#7946,#7957,.T.);
#7955 = VERTEX_POINT('',#7956);
#7956 = CARTESIAN_POINT('',(179.14747,-77.841234,1.6));
#7957 = LINE('',#7958,#7959);
#7958 = CARTESIAN_POINT('',(179.14747,-77.841234,1.6));
#7959 = VECTOR('',#7960,1.);
#7960 = DIRECTION('',(0.,1.,0.));
#7961 = ORIENTED_EDGE('',*,*,#7962,.F.);
#7962 = EDGE_CURVE('',#7963,#7955,#7965,.T.);
#7963 = VERTEX_POINT('',#7964);
#7964 = CARTESIAN_POINT('',(179.145327,-77.906774,1.6));
#7965 = LINE('',#7966,#7967);
#7966 = CARTESIAN_POINT('',(179.145327,-77.906774,1.6));
#7967 = VECTOR('',#7968,1.);
#7968 = DIRECTION('',(3.268012423627E-02,0.999465862088,0.));
#7969 = ORIENTED_EDGE('',*,*,#7970,.F.);
#7970 = EDGE_CURVE('',#7971,#7963,#7973,.T.);
#7971 = VERTEX_POINT('',#7972);
#7972 = CARTESIAN_POINT('',(178.64747,-78.341234,1.6));
#7973 = CIRCLE('',#7974,0.497940142437);
#7974 = AXIS2_PLACEMENT_3D('',#7975,#7976,#7977);
#7975 = CARTESIAN_POINT('',(178.65144779014,-77.84330974608,1.6));
#7976 = DIRECTION('',(0.,0.,1.));
#7977 = DIRECTION('',(-7.98849059914E-03,-0.9999680915,0.));
#7978 = ORIENTED_EDGE('',*,*,#7979,.F.);
#7979 = EDGE_CURVE('',#7980,#7971,#7982,.T.);
#7980 = VERTEX_POINT('',#7981);
#7981 = CARTESIAN_POINT('',(165.64747,-78.341234,1.6));
#7982 = LINE('',#7983,#7984);
#7983 = CARTESIAN_POINT('',(165.64747,-78.341234,1.6));
#7984 = VECTOR('',#7985,1.);
#7985 = DIRECTION('',(1.,0.,0.));
#7986 = ORIENTED_EDGE('',*,*,#7987,.F.);
#7987 = EDGE_CURVE('',#7988,#7980,#7990,.T.);
#7988 = VERTEX_POINT('',#7989);
#7989 = CARTESIAN_POINT('',(165.58466,-78.338175,1.6));
#7990 = LINE('',#7991,#7992);
#7991 = CARTESIAN_POINT('',(165.58466,-78.338175,1.6));
#7992 = VECTOR('',#7993,1.);
#7993 = DIRECTION('',(0.998816141971,-4.864477914795E-02,0.));
#7994 = ORIENTED_EDGE('',*,*,#7995,.F.);
#7995 = EDGE_CURVE('',#7996,#7988,#7998,.T.);
#7996 = VERTEX_POINT('',#7997);
#7997 = CARTESIAN_POINT('',(165.150234,-77.840118,1.6));
#7998 = CIRCLE('',#7999,0.497565516144);
#7999 = AXIS2_PLACEMENT_3D('',#8000,#8001,#8002);
#8000 = CARTESIAN_POINT('',(165.64777906494,-77.84462923059,1.6));
#8001 = DIRECTION('',(0.,0.,1.));
#8002 = DIRECTION('',(-0.999958897481,9.066606207091E-03,0.));
#8003 = ORIENTED_EDGE('',*,*,#8004,.F.);
#8004 = EDGE_CURVE('',#8005,#7996,#8007,.T.);
#8005 = VERTEX_POINT('',#8006);
#8006 = CARTESIAN_POINT('',(165.14747,-77.841234,1.6));
#8007 = LINE('',#8008,#8009);
#8008 = CARTESIAN_POINT('',(165.14747,-77.841234,1.6));
#8009 = VECTOR('',#8010,1.);
#8010 = DIRECTION('',(0.927268715846,0.374396485845,0.));
#8011 = ORIENTED_EDGE('',*,*,#8012,.F.);
#8012 = EDGE_CURVE('',#8013,#8005,#8015,.T.);
#8013 = VERTEX_POINT('',#8014);
#8014 = CARTESIAN_POINT('',(165.14747,-64.841234,1.6));
#8015 = LINE('',#8016,#8017);
#8016 = CARTESIAN_POINT('',(165.14747,-64.841234,1.6));
#8017 = VECTOR('',#8018,1.);
#8018 = DIRECTION('',(0.,-1.,0.));
#8019 = ORIENTED_EDGE('',*,*,#8020,.F.);
#8020 = EDGE_CURVE('',#7921,#8013,#8021,.T.);
#8021 = LINE('',#8022,#8023);
#8022 = CARTESIAN_POINT('',(165.149413,-64.77566,1.6));
#8023 = VECTOR('',#8024,1.);
#8024 = DIRECTION('',(-2.961764736554E-02,-0.999561301254,0.));
#8025 = FACE_BOUND('',#8026,.T.);
#8026 = EDGE_LOOP('',(#8027,#8038,#8046,#8054,#8063,#8071,#8079,#8088,
    #8096,#8104,#8113,#8121,#8129));
#8027 = ORIENTED_EDGE('',*,*,#8028,.F.);
#8028 = EDGE_CURVE('',#8029,#8031,#8033,.T.);
#8029 = VERTEX_POINT('',#8030);
#8030 = CARTESIAN_POINT('',(189.45997,-59.578734,1.6));
#8031 = VERTEX_POINT('',#8032);
#8032 = CARTESIAN_POINT('',(188.961913,-60.01316,1.6));
#8033 = CIRCLE('',#8034,0.497554635006);
#8034 = AXIS2_PLACEMENT_3D('',#8035,#8036,#8037);
#8035 = CARTESIAN_POINT('',(189.45544920228,-60.07626809652,1.6));
#8036 = DIRECTION('',(0.,0.,1.));
#8037 = DIRECTION('',(9.086032757149E-03,0.999958721152,-0.));
#8038 = ORIENTED_EDGE('',*,*,#8039,.F.);
#8039 = EDGE_CURVE('',#8040,#8029,#8042,.T.);
#8040 = VERTEX_POINT('',#8041);
#8041 = CARTESIAN_POINT('',(202.45997,-59.578734,1.6));
#8042 = LINE('',#8043,#8044);
#8043 = CARTESIAN_POINT('',(202.45997,-59.578734,1.6));
#8044 = VECTOR('',#8045,1.);
#8045 = DIRECTION('',(-1.,0.,0.));
#8046 = ORIENTED_EDGE('',*,*,#8047,.F.);
#8047 = EDGE_CURVE('',#8048,#8040,#8050,.T.);
#8048 = VERTEX_POINT('',#8049);
#8049 = CARTESIAN_POINT('',(202.525541,-59.580678,1.6));
#8050 = LINE('',#8051,#8052);
#8051 = CARTESIAN_POINT('',(202.525541,-59.580678,1.6));
#8052 = VECTOR('',#8053,1.);
#8053 = DIRECTION('',(-0.999560809708,2.963423181093E-02,0.));
#8054 = ORIENTED_EDGE('',*,*,#8055,.F.);
#8055 = EDGE_CURVE('',#8056,#8048,#8058,.T.);
#8056 = VERTEX_POINT('',#8057);
#8057 = CARTESIAN_POINT('',(202.95997,-60.078734,1.6));
#8058 = CIRCLE('',#8059,0.49762810037);
#8059 = AXIS2_PLACEMENT_3D('',#8060,#8061,#8062);
#8060 = CARTESIAN_POINT('',(202.46236184008,-60.07427917507,1.6));
#8061 = DIRECTION('',(0.,0.,1.));
#8062 = DIRECTION('',(0.999959928999,-8.952116905798E-03,0.));
#8063 = ORIENTED_EDGE('',*,*,#8064,.F.);
#8064 = EDGE_CURVE('',#8065,#8056,#8067,.T.);
#8065 = VERTEX_POINT('',#8066);
#8066 = CARTESIAN_POINT('',(202.95997,-73.078734,1.6));
#8067 = LINE('',#8068,#8069);
#8068 = CARTESIAN_POINT('',(202.95997,-73.078734,1.6));
#8069 = VECTOR('',#8070,1.);
#8070 = DIRECTION('',(0.,1.,0.));
#8071 = ORIENTED_EDGE('',*,*,#8072,.F.);
#8072 = EDGE_CURVE('',#8073,#8065,#8075,.T.);
#8073 = VERTEX_POINT('',#8074);
#8074 = CARTESIAN_POINT('',(202.957827,-73.144274,1.6));
#8075 = LINE('',#8076,#8077);
#8076 = CARTESIAN_POINT('',(202.957827,-73.144274,1.6));
#8077 = VECTOR('',#8078,1.);
#8078 = DIRECTION('',(3.268012423627E-02,0.999465862088,0.));
#8079 = ORIENTED_EDGE('',*,*,#8080,.F.);
#8080 = EDGE_CURVE('',#8081,#8073,#8083,.T.);
#8081 = VERTEX_POINT('',#8082);
#8082 = CARTESIAN_POINT('',(202.45997,-73.578734,1.6));
#8083 = CIRCLE('',#8084,0.497940142437);
#8084 = AXIS2_PLACEMENT_3D('',#8085,#8086,#8087);
#8085 = CARTESIAN_POINT('',(202.46394779014,-73.08080974608,1.6));
#8086 = DIRECTION('',(0.,0.,1.));
#8087 = DIRECTION('',(-7.988490599139E-03,-0.9999680915,0.));
#8088 = ORIENTED_EDGE('',*,*,#8089,.F.);
#8089 = EDGE_CURVE('',#8090,#8081,#8092,.T.);
#8090 = VERTEX_POINT('',#8091);
#8091 = CARTESIAN_POINT('',(189.45997,-73.578734,1.6));
#8092 = LINE('',#8093,#8094);
#8093 = CARTESIAN_POINT('',(189.45997,-73.578734,1.6));
#8094 = VECTOR('',#8095,1.);
#8095 = DIRECTION('',(1.,0.,0.));
#8096 = ORIENTED_EDGE('',*,*,#8097,.F.);
#8097 = EDGE_CURVE('',#8098,#8090,#8100,.T.);
#8098 = VERTEX_POINT('',#8099);
#8099 = CARTESIAN_POINT('',(189.39716,-73.575675,1.6));
#8100 = LINE('',#8101,#8102);
#8101 = CARTESIAN_POINT('',(189.39716,-73.575675,1.6));
#8102 = VECTOR('',#8103,1.);
#8103 = DIRECTION('',(0.998816141971,-4.864477914795E-02,0.));
#8104 = ORIENTED_EDGE('',*,*,#8105,.F.);
#8105 = EDGE_CURVE('',#8106,#8098,#8108,.T.);
#8106 = VERTEX_POINT('',#8107);
#8107 = CARTESIAN_POINT('',(188.962734,-73.077618,1.6));
#8108 = CIRCLE('',#8109,0.497565516144);
#8109 = AXIS2_PLACEMENT_3D('',#8110,#8111,#8112);
#8110 = CARTESIAN_POINT('',(189.46027906494,-73.08212923059,1.6));
#8111 = DIRECTION('',(0.,0.,1.));
#8112 = DIRECTION('',(-0.999958897481,9.06660620712E-03,0.));
#8113 = ORIENTED_EDGE('',*,*,#8114,.F.);
#8114 = EDGE_CURVE('',#8115,#8106,#8117,.T.);
#8115 = VERTEX_POINT('',#8116);
#8116 = CARTESIAN_POINT('',(188.95997,-73.078734,1.6));
#8117 = LINE('',#8118,#8119);
#8118 = CARTESIAN_POINT('',(188.95997,-73.078734,1.6));
#8119 = VECTOR('',#8120,1.);
#8120 = DIRECTION('',(0.927268715846,0.374396485845,0.));
#8121 = ORIENTED_EDGE('',*,*,#8122,.F.);
#8122 = EDGE_CURVE('',#8123,#8115,#8125,.T.);
#8123 = VERTEX_POINT('',#8124);
#8124 = CARTESIAN_POINT('',(188.95997,-60.078734,1.6));
#8125 = LINE('',#8126,#8127);
#8126 = CARTESIAN_POINT('',(188.95997,-60.078734,1.6));
#8127 = VECTOR('',#8128,1.);
#8128 = DIRECTION('',(0.,-1.,0.));
#8129 = ORIENTED_EDGE('',*,*,#8130,.F.);
#8130 = EDGE_CURVE('',#8031,#8123,#8131,.T.);
#8131 = LINE('',#8132,#8133);
#8132 = CARTESIAN_POINT('',(188.961913,-60.01316,1.6));
#8133 = VECTOR('',#8134,1.);
#8134 = DIRECTION('',(-2.961764736554E-02,-0.999561301254,0.));
#8135 = FACE_BOUND('',#8136,.T.);
#8136 = EDGE_LOOP('',(#8137,#8148,#8156,#8164,#8173,#8181,#8189,#8198,
    #8206,#8214,#8223,#8231,#8239));
#8137 = ORIENTED_EDGE('',*,*,#8138,.F.);
#8138 = EDGE_CURVE('',#8139,#8141,#8143,.T.);
#8139 = VERTEX_POINT('',#8140);
#8140 = CARTESIAN_POINT('',(208.50997,-59.578734,1.6));
#8141 = VERTEX_POINT('',#8142);
#8142 = CARTESIAN_POINT('',(208.011913,-60.01316,1.6));
#8143 = CIRCLE('',#8144,0.497554635006);
#8144 = AXIS2_PLACEMENT_3D('',#8145,#8146,#8147);
#8145 = CARTESIAN_POINT('',(208.50544920228,-60.07626809652,1.6));
#8146 = DIRECTION('',(0.,0.,1.));
#8147 = DIRECTION('',(9.086032757206E-03,0.999958721152,-0.));
#8148 = ORIENTED_EDGE('',*,*,#8149,.F.);
#8149 = EDGE_CURVE('',#8150,#8139,#8152,.T.);
#8150 = VERTEX_POINT('',#8151);
#8151 = CARTESIAN_POINT('',(221.50997,-59.578734,1.6));
#8152 = LINE('',#8153,#8154);
#8153 = CARTESIAN_POINT('',(221.50997,-59.578734,1.6));
#8154 = VECTOR('',#8155,1.);
#8155 = DIRECTION('',(-1.,0.,0.));
#8156 = ORIENTED_EDGE('',*,*,#8157,.F.);
#8157 = EDGE_CURVE('',#8158,#8150,#8160,.T.);
#8158 = VERTEX_POINT('',#8159);
#8159 = CARTESIAN_POINT('',(221.575541,-59.580678,1.6));
#8160 = LINE('',#8161,#8162);
#8161 = CARTESIAN_POINT('',(221.575541,-59.580678,1.6));
#8162 = VECTOR('',#8163,1.);
#8163 = DIRECTION('',(-0.999560809708,2.963423181095E-02,0.));
#8164 = ORIENTED_EDGE('',*,*,#8165,.F.);
#8165 = EDGE_CURVE('',#8166,#8158,#8168,.T.);
#8166 = VERTEX_POINT('',#8167);
#8167 = CARTESIAN_POINT('',(222.00997,-60.078734,1.6));
#8168 = CIRCLE('',#8169,0.49762810037);
#8169 = AXIS2_PLACEMENT_3D('',#8170,#8171,#8172);
#8170 = CARTESIAN_POINT('',(221.51236184008,-60.07427917507,1.6));
#8171 = DIRECTION('',(0.,0.,1.));
#8172 = DIRECTION('',(0.999959928999,-8.952116905813E-03,0.));
#8173 = ORIENTED_EDGE('',*,*,#8174,.F.);
#8174 = EDGE_CURVE('',#8175,#8166,#8177,.T.);
#8175 = VERTEX_POINT('',#8176);
#8176 = CARTESIAN_POINT('',(222.00997,-73.078734,1.6));
#8177 = LINE('',#8178,#8179);
#8178 = CARTESIAN_POINT('',(222.00997,-73.078734,1.6));
#8179 = VECTOR('',#8180,1.);
#8180 = DIRECTION('',(0.,1.,0.));
#8181 = ORIENTED_EDGE('',*,*,#8182,.F.);
#8182 = EDGE_CURVE('',#8183,#8175,#8185,.T.);
#8183 = VERTEX_POINT('',#8184);
#8184 = CARTESIAN_POINT('',(222.007827,-73.144274,1.6));
#8185 = LINE('',#8186,#8187);
#8186 = CARTESIAN_POINT('',(222.007827,-73.144274,1.6));
#8187 = VECTOR('',#8188,1.);
#8188 = DIRECTION('',(3.26801242367E-02,0.999465862088,0.));
#8189 = ORIENTED_EDGE('',*,*,#8190,.F.);
#8190 = EDGE_CURVE('',#8191,#8183,#8193,.T.);
#8191 = VERTEX_POINT('',#8192);
#8192 = CARTESIAN_POINT('',(221.50997,-73.578734,1.6));
#8193 = CIRCLE('',#8194,0.497940142437);
#8194 = AXIS2_PLACEMENT_3D('',#8195,#8196,#8197);
#8195 = CARTESIAN_POINT('',(221.51394779014,-73.08080974608,1.6));
#8196 = DIRECTION('',(0.,0.,1.));
#8197 = DIRECTION('',(-7.988490599025E-03,-0.9999680915,0.));
#8198 = ORIENTED_EDGE('',*,*,#8199,.F.);
#8199 = EDGE_CURVE('',#8200,#8191,#8202,.T.);
#8200 = VERTEX_POINT('',#8201);
#8201 = CARTESIAN_POINT('',(208.50997,-73.578734,1.6));
#8202 = LINE('',#8203,#8204);
#8203 = CARTESIAN_POINT('',(208.50997,-73.578734,1.6));
#8204 = VECTOR('',#8205,1.);
#8205 = DIRECTION('',(1.,0.,0.));
#8206 = ORIENTED_EDGE('',*,*,#8207,.F.);
#8207 = EDGE_CURVE('',#8208,#8200,#8210,.T.);
#8208 = VERTEX_POINT('',#8209);
#8209 = CARTESIAN_POINT('',(208.44716,-73.575675,1.6));
#8210 = LINE('',#8211,#8212);
#8211 = CARTESIAN_POINT('',(208.44716,-73.575675,1.6));
#8212 = VECTOR('',#8213,1.);
#8213 = DIRECTION('',(0.998816141971,-4.864477914793E-02,0.));
#8214 = ORIENTED_EDGE('',*,*,#8215,.F.);
#8215 = EDGE_CURVE('',#8216,#8208,#8218,.T.);
#8216 = VERTEX_POINT('',#8217);
#8217 = CARTESIAN_POINT('',(208.012734,-73.077618,1.6));
#8218 = CIRCLE('',#8219,0.497565516144);
#8219 = AXIS2_PLACEMENT_3D('',#8220,#8221,#8222);
#8220 = CARTESIAN_POINT('',(208.51027906494,-73.08212923059,1.6));
#8221 = DIRECTION('',(0.,0.,1.));
#8222 = DIRECTION('',(-0.999958897481,9.066606206975E-03,0.));
#8223 = ORIENTED_EDGE('',*,*,#8224,.F.);
#8224 = EDGE_CURVE('',#8225,#8216,#8227,.T.);
#8225 = VERTEX_POINT('',#8226);
#8226 = CARTESIAN_POINT('',(208.00997,-73.078734,1.6));
#8227 = LINE('',#8228,#8229);
#8228 = CARTESIAN_POINT('',(208.00997,-73.078734,1.6));
#8229 = VECTOR('',#8230,1.);
#8230 = DIRECTION('',(0.927268715845,0.374396485848,0.));
#8231 = ORIENTED_EDGE('',*,*,#8232,.F.);
#8232 = EDGE_CURVE('',#8233,#8225,#8235,.T.);
#8233 = VERTEX_POINT('',#8234);
#8234 = CARTESIAN_POINT('',(208.00997,-60.078734,1.6));
#8235 = LINE('',#8236,#8237);
#8236 = CARTESIAN_POINT('',(208.00997,-60.078734,1.6));
#8237 = VECTOR('',#8238,1.);
#8238 = DIRECTION('',(0.,-1.,0.));
#8239 = ORIENTED_EDGE('',*,*,#8240,.F.);
#8240 = EDGE_CURVE('',#8141,#8233,#8241,.T.);
#8241 = LINE('',#8242,#8243);
#8242 = CARTESIAN_POINT('',(208.011913,-60.01316,1.6));
#8243 = VECTOR('',#8244,1.);
#8244 = DIRECTION('',(-2.961764736511E-02,-0.999561301254,0.));
#8245 = FACE_BOUND('',#8246,.T.);
#8246 = EDGE_LOOP('',(#8247,#8258,#8266,#8274,#8283,#8291,#8299,#8308,
    #8316,#8324,#8333,#8341,#8349));
#8247 = ORIENTED_EDGE('',*,*,#8248,.F.);
#8248 = EDGE_CURVE('',#8249,#8251,#8253,.T.);
#8249 = VERTEX_POINT('',#8250);
#8250 = CARTESIAN_POINT('',(227.55997,-59.578734,1.6));
#8251 = VERTEX_POINT('',#8252);
#8252 = CARTESIAN_POINT('',(227.061913,-60.01316,1.6));
#8253 = CIRCLE('',#8254,0.497554635006);
#8254 = AXIS2_PLACEMENT_3D('',#8255,#8256,#8257);
#8255 = CARTESIAN_POINT('',(227.55544920228,-60.07626809652,1.6));
#8256 = DIRECTION('',(0.,0.,1.));
#8257 = DIRECTION('',(9.086032757207E-03,0.999958721152,-0.));
#8258 = ORIENTED_EDGE('',*,*,#8259,.F.);
#8259 = EDGE_CURVE('',#8260,#8249,#8262,.T.);
#8260 = VERTEX_POINT('',#8261);
#8261 = CARTESIAN_POINT('',(240.55997,-59.578734,1.6));
#8262 = LINE('',#8263,#8264);
#8263 = CARTESIAN_POINT('',(240.55997,-59.578734,1.6));
#8264 = VECTOR('',#8265,1.);
#8265 = DIRECTION('',(-1.,0.,0.));
#8266 = ORIENTED_EDGE('',*,*,#8267,.F.);
#8267 = EDGE_CURVE('',#8268,#8260,#8270,.T.);
#8268 = VERTEX_POINT('',#8269);
#8269 = CARTESIAN_POINT('',(240.625541,-59.580678,1.6));
#8270 = LINE('',#8271,#8272);
#8271 = CARTESIAN_POINT('',(240.625541,-59.580678,1.6));
#8272 = VECTOR('',#8273,1.);
#8273 = DIRECTION('',(-0.999560809708,2.963423181093E-02,0.));
#8274 = ORIENTED_EDGE('',*,*,#8275,.F.);
#8275 = EDGE_CURVE('',#8276,#8268,#8278,.T.);
#8276 = VERTEX_POINT('',#8277);
#8277 = CARTESIAN_POINT('',(241.05997,-60.078734,1.6));
#8278 = CIRCLE('',#8279,0.49762810037);
#8279 = AXIS2_PLACEMENT_3D('',#8280,#8281,#8282);
#8280 = CARTESIAN_POINT('',(240.56236184008,-60.07427917507,1.6));
#8281 = DIRECTION('',(0.,0.,1.));
#8282 = DIRECTION('',(0.999959928999,-8.952116905928E-03,0.));
#8283 = ORIENTED_EDGE('',*,*,#8284,.F.);
#8284 = EDGE_CURVE('',#8285,#8276,#8287,.T.);
#8285 = VERTEX_POINT('',#8286);
#8286 = CARTESIAN_POINT('',(241.05997,-73.078734,1.6));
#8287 = LINE('',#8288,#8289);
#8288 = CARTESIAN_POINT('',(241.05997,-73.078734,1.6));
#8289 = VECTOR('',#8290,1.);
#8290 = DIRECTION('',(0.,1.,0.));
#8291 = ORIENTED_EDGE('',*,*,#8292,.F.);
#8292 = EDGE_CURVE('',#8293,#8285,#8295,.T.);
#8293 = VERTEX_POINT('',#8294);
#8294 = CARTESIAN_POINT('',(241.057827,-73.144274,1.6));
#8295 = LINE('',#8296,#8297);
#8296 = CARTESIAN_POINT('',(241.057827,-73.144274,1.6));
#8297 = VECTOR('',#8298,1.);
#8298 = DIRECTION('',(3.268012423627E-02,0.999465862088,0.));
#8299 = ORIENTED_EDGE('',*,*,#8300,.F.);
#8300 = EDGE_CURVE('',#8301,#8293,#8303,.T.);
#8301 = VERTEX_POINT('',#8302);
#8302 = CARTESIAN_POINT('',(240.55997,-73.578734,1.6));
#8303 = CIRCLE('',#8304,0.497940142437);
#8304 = AXIS2_PLACEMENT_3D('',#8305,#8306,#8307);
#8305 = CARTESIAN_POINT('',(240.56394779014,-73.08080974608,1.6));
#8306 = DIRECTION('',(0.,0.,1.));
#8307 = DIRECTION('',(-7.988490599025E-03,-0.9999680915,0.));
#8308 = ORIENTED_EDGE('',*,*,#8309,.F.);
#8309 = EDGE_CURVE('',#8310,#8301,#8312,.T.);
#8310 = VERTEX_POINT('',#8311);
#8311 = CARTESIAN_POINT('',(227.55997,-73.578734,1.6));
#8312 = LINE('',#8313,#8314);
#8313 = CARTESIAN_POINT('',(227.55997,-73.578734,1.6));
#8314 = VECTOR('',#8315,1.);
#8315 = DIRECTION('',(1.,0.,0.));
#8316 = ORIENTED_EDGE('',*,*,#8317,.F.);
#8317 = EDGE_CURVE('',#8318,#8310,#8320,.T.);
#8318 = VERTEX_POINT('',#8319);
#8319 = CARTESIAN_POINT('',(227.49716,-73.575675,1.6));
#8320 = LINE('',#8321,#8322);
#8321 = CARTESIAN_POINT('',(227.49716,-73.575675,1.6));
#8322 = VECTOR('',#8323,1.);
#8323 = DIRECTION('',(0.998816141971,-4.864477914795E-02,0.));
#8324 = ORIENTED_EDGE('',*,*,#8325,.F.);
#8325 = EDGE_CURVE('',#8326,#8318,#8328,.T.);
#8326 = VERTEX_POINT('',#8327);
#8327 = CARTESIAN_POINT('',(227.062734,-73.077618,1.6));
#8328 = CIRCLE('',#8329,0.497565516144);
#8329 = AXIS2_PLACEMENT_3D('',#8330,#8331,#8332);
#8330 = CARTESIAN_POINT('',(227.56027906494,-73.08212923059,1.6));
#8331 = DIRECTION('',(0.,0.,1.));
#8332 = DIRECTION('',(-0.999958897481,9.066606207091E-03,0.));
#8333 = ORIENTED_EDGE('',*,*,#8334,.F.);
#8334 = EDGE_CURVE('',#8335,#8326,#8337,.T.);
#8335 = VERTEX_POINT('',#8336);
#8336 = CARTESIAN_POINT('',(227.05997,-73.078734,1.6));
#8337 = LINE('',#8338,#8339);
#8338 = CARTESIAN_POINT('',(227.05997,-73.078734,1.6));
#8339 = VECTOR('',#8340,1.);
#8340 = DIRECTION('',(0.927268715846,0.374396485845,0.));
#8341 = ORIENTED_EDGE('',*,*,#8342,.F.);
#8342 = EDGE_CURVE('',#8343,#8335,#8345,.T.);
#8343 = VERTEX_POINT('',#8344);
#8344 = CARTESIAN_POINT('',(227.05997,-60.078734,1.6));
#8345 = LINE('',#8346,#8347);
#8346 = CARTESIAN_POINT('',(227.05997,-60.078734,1.6));
#8347 = VECTOR('',#8348,1.);
#8348 = DIRECTION('',(0.,-1.,0.));
#8349 = ORIENTED_EDGE('',*,*,#8350,.F.);
#8350 = EDGE_CURVE('',#8251,#8343,#8351,.T.);
#8351 = LINE('',#8352,#8353);
#8352 = CARTESIAN_POINT('',(227.061913,-60.01316,1.6));
#8353 = VECTOR('',#8354,1.);
#8354 = DIRECTION('',(-2.961764736554E-02,-0.999561301254,0.));
#8355 = FACE_BOUND('',#8356,.T.);
#8356 = EDGE_LOOP('',(#8357,#8368,#8376,#8384,#8393,#8401,#8409,#8418,
    #8426,#8434,#8443,#8451,#8459));
#8357 = ORIENTED_EDGE('',*,*,#8358,.F.);
#8358 = EDGE_CURVE('',#8359,#8361,#8363,.T.);
#8359 = VERTEX_POINT('',#8360);
#8360 = CARTESIAN_POINT('',(146.59747,-40.528734,1.6));
#8361 = VERTEX_POINT('',#8362);
#8362 = CARTESIAN_POINT('',(146.099413,-40.96316,1.6));
#8363 = CIRCLE('',#8364,0.497554635006);
#8364 = AXIS2_PLACEMENT_3D('',#8365,#8366,#8367);
#8365 = CARTESIAN_POINT('',(146.59294920228,-41.02626809652,1.6));
#8366 = DIRECTION('',(0.,0.,1.));
#8367 = DIRECTION('',(9.086032757149E-03,0.999958721152,-0.));
#8368 = ORIENTED_EDGE('',*,*,#8369,.F.);
#8369 = EDGE_CURVE('',#8370,#8359,#8372,.T.);
#8370 = VERTEX_POINT('',#8371);
#8371 = CARTESIAN_POINT('',(159.59747,-40.528734,1.6));
#8372 = LINE('',#8373,#8374);
#8373 = CARTESIAN_POINT('',(159.59747,-40.528734,1.6));
#8374 = VECTOR('',#8375,1.);
#8375 = DIRECTION('',(-1.,0.,0.));
#8376 = ORIENTED_EDGE('',*,*,#8377,.F.);
#8377 = EDGE_CURVE('',#8378,#8370,#8380,.T.);
#8378 = VERTEX_POINT('',#8379);
#8379 = CARTESIAN_POINT('',(159.663041,-40.530678,1.6));
#8380 = LINE('',#8381,#8382);
#8381 = CARTESIAN_POINT('',(159.663041,-40.530678,1.6));
#8382 = VECTOR('',#8383,1.);
#8383 = DIRECTION('',(-0.999560809708,2.963423181093E-02,0.));
#8384 = ORIENTED_EDGE('',*,*,#8385,.F.);
#8385 = EDGE_CURVE('',#8386,#8378,#8388,.T.);
#8386 = VERTEX_POINT('',#8387);
#8387 = CARTESIAN_POINT('',(160.09747,-41.028734,1.6));
#8388 = CIRCLE('',#8389,0.49762810037);
#8389 = AXIS2_PLACEMENT_3D('',#8390,#8391,#8392);
#8390 = CARTESIAN_POINT('',(159.59986184008,-41.02427917507,1.6));
#8391 = DIRECTION('',(0.,0.,1.));
#8392 = DIRECTION('',(0.999959928999,-8.952116905899E-03,0.));
#8393 = ORIENTED_EDGE('',*,*,#8394,.F.);
#8394 = EDGE_CURVE('',#8395,#8386,#8397,.T.);
#8395 = VERTEX_POINT('',#8396);
#8396 = CARTESIAN_POINT('',(160.09747,-54.028734,1.6));
#8397 = LINE('',#8398,#8399);
#8398 = CARTESIAN_POINT('',(160.09747,-54.028734,1.6));
#8399 = VECTOR('',#8400,1.);
#8400 = DIRECTION('',(0.,1.,0.));
#8401 = ORIENTED_EDGE('',*,*,#8402,.F.);
#8402 = EDGE_CURVE('',#8403,#8395,#8405,.T.);
#8403 = VERTEX_POINT('',#8404);
#8404 = CARTESIAN_POINT('',(160.095327,-54.094274,1.6));
#8405 = LINE('',#8406,#8407);
#8406 = CARTESIAN_POINT('',(160.095327,-54.094274,1.6));
#8407 = VECTOR('',#8408,1.);
#8408 = DIRECTION('',(3.268012423627E-02,0.999465862088,0.));
#8409 = ORIENTED_EDGE('',*,*,#8410,.F.);
#8410 = EDGE_CURVE('',#8411,#8403,#8413,.T.);
#8411 = VERTEX_POINT('',#8412);
#8412 = CARTESIAN_POINT('',(159.59747,-54.528734,1.6));
#8413 = CIRCLE('',#8414,0.497940142437);
#8414 = AXIS2_PLACEMENT_3D('',#8415,#8416,#8417);
#8415 = CARTESIAN_POINT('',(159.60144779014,-54.03080974608,1.6));
#8416 = DIRECTION('',(0.,0.,1.));
#8417 = DIRECTION('',(-7.98849059914E-03,-0.9999680915,0.));
#8418 = ORIENTED_EDGE('',*,*,#8419,.F.);
#8419 = EDGE_CURVE('',#8420,#8411,#8422,.T.);
#8420 = VERTEX_POINT('',#8421);
#8421 = CARTESIAN_POINT('',(146.59747,-54.528734,1.6));
#8422 = LINE('',#8423,#8424);
#8423 = CARTESIAN_POINT('',(146.59747,-54.528734,1.6));
#8424 = VECTOR('',#8425,1.);
#8425 = DIRECTION('',(1.,0.,0.));
#8426 = ORIENTED_EDGE('',*,*,#8427,.F.);
#8427 = EDGE_CURVE('',#8428,#8420,#8430,.T.);
#8428 = VERTEX_POINT('',#8429);
#8429 = CARTESIAN_POINT('',(146.53466,-54.525675,1.6));
#8430 = LINE('',#8431,#8432);
#8431 = CARTESIAN_POINT('',(146.53466,-54.525675,1.6));
#8432 = VECTOR('',#8433,1.);
#8433 = DIRECTION('',(0.998816141971,-4.864477914807E-02,0.));
#8434 = ORIENTED_EDGE('',*,*,#8435,.F.);
#8435 = EDGE_CURVE('',#8436,#8428,#8438,.T.);
#8436 = VERTEX_POINT('',#8437);
#8437 = CARTESIAN_POINT('',(146.100234,-54.027618,1.6));
#8438 = CIRCLE('',#8439,0.497565516144);
#8439 = AXIS2_PLACEMENT_3D('',#8440,#8441,#8442);
#8440 = CARTESIAN_POINT('',(146.59777906494,-54.03212923059,1.6));
#8441 = DIRECTION('',(0.,0.,1.));
#8442 = DIRECTION('',(-0.999958897481,9.066606207019E-03,0.));
#8443 = ORIENTED_EDGE('',*,*,#8444,.F.);
#8444 = EDGE_CURVE('',#8445,#8436,#8447,.T.);
#8445 = VERTEX_POINT('',#8446);
#8446 = CARTESIAN_POINT('',(146.09747,-54.028734,1.6));
#8447 = LINE('',#8448,#8449);
#8448 = CARTESIAN_POINT('',(146.09747,-54.028734,1.6));
#8449 = VECTOR('',#8450,1.);
#8450 = DIRECTION('',(0.927268715845,0.374396485847,0.));
#8451 = ORIENTED_EDGE('',*,*,#8452,.F.);
#8452 = EDGE_CURVE('',#8453,#8445,#8455,.T.);
#8453 = VERTEX_POINT('',#8454);
#8454 = CARTESIAN_POINT('',(146.09747,-41.028734,1.6));
#8455 = LINE('',#8456,#8457);
#8456 = CARTESIAN_POINT('',(146.09747,-41.028734,1.6));
#8457 = VECTOR('',#8458,1.);
#8458 = DIRECTION('',(0.,-1.,0.));
#8459 = ORIENTED_EDGE('',*,*,#8460,.F.);
#8460 = EDGE_CURVE('',#8361,#8453,#8461,.T.);
#8461 = LINE('',#8462,#8463);
#8462 = CARTESIAN_POINT('',(146.099413,-40.96316,1.6));
#8463 = VECTOR('',#8464,1.);
#8464 = DIRECTION('',(-2.961764736554E-02,-0.999561301254,0.));
#8465 = FACE_BOUND('',#8466,.T.);
#8466 = EDGE_LOOP('',(#8467,#8478,#8486,#8494,#8503,#8511,#8519,#8528,
    #8536,#8544,#8553,#8561,#8569));
#8467 = ORIENTED_EDGE('',*,*,#8468,.F.);
#8468 = EDGE_CURVE('',#8469,#8471,#8473,.T.);
#8469 = VERTEX_POINT('',#8470);
#8470 = CARTESIAN_POINT('',(165.64747,-40.528734,1.6));
#8471 = VERTEX_POINT('',#8472);
#8472 = CARTESIAN_POINT('',(165.149413,-40.96316,1.6));
#8473 = CIRCLE('',#8474,0.497554635006);
#8474 = AXIS2_PLACEMENT_3D('',#8475,#8476,#8477);
#8475 = CARTESIAN_POINT('',(165.64294920228,-41.02626809652,1.6));
#8476 = DIRECTION('',(0.,0.,1.));
#8477 = DIRECTION('',(9.086032757149E-03,0.999958721152,-0.));
#8478 = ORIENTED_EDGE('',*,*,#8479,.F.);
#8479 = EDGE_CURVE('',#8480,#8469,#8482,.T.);
#8480 = VERTEX_POINT('',#8481);
#8481 = CARTESIAN_POINT('',(178.64747,-40.528734,1.6));
#8482 = LINE('',#8483,#8484);
#8483 = CARTESIAN_POINT('',(178.64747,-40.528734,1.6));
#8484 = VECTOR('',#8485,1.);
#8485 = DIRECTION('',(-1.,0.,0.));
#8486 = ORIENTED_EDGE('',*,*,#8487,.F.);
#8487 = EDGE_CURVE('',#8488,#8480,#8490,.T.);
#8488 = VERTEX_POINT('',#8489);
#8489 = CARTESIAN_POINT('',(178.713041,-40.530678,1.6));
#8490 = LINE('',#8491,#8492);
#8491 = CARTESIAN_POINT('',(178.713041,-40.530678,1.6));
#8492 = VECTOR('',#8493,1.);
#8493 = DIRECTION('',(-0.999560809708,2.963423181093E-02,0.));
#8494 = ORIENTED_EDGE('',*,*,#8495,.F.);
#8495 = EDGE_CURVE('',#8496,#8488,#8498,.T.);
#8496 = VERTEX_POINT('',#8497);
#8497 = CARTESIAN_POINT('',(179.14747,-41.028734,1.6));
#8498 = CIRCLE('',#8499,0.49762810037);
#8499 = AXIS2_PLACEMENT_3D('',#8500,#8501,#8502);
#8500 = CARTESIAN_POINT('',(178.64986184008,-41.02427917507,1.6));
#8501 = DIRECTION('',(0.,0.,1.));
#8502 = DIRECTION('',(0.999959928999,-8.952116905798E-03,0.));
#8503 = ORIENTED_EDGE('',*,*,#8504,.F.);
#8504 = EDGE_CURVE('',#8505,#8496,#8507,.T.);
#8505 = VERTEX_POINT('',#8506);
#8506 = CARTESIAN_POINT('',(179.14747,-54.028734,1.6));
#8507 = LINE('',#8508,#8509);
#8508 = CARTESIAN_POINT('',(179.14747,-54.028734,1.6));
#8509 = VECTOR('',#8510,1.);
#8510 = DIRECTION('',(0.,1.,0.));
#8511 = ORIENTED_EDGE('',*,*,#8512,.F.);
#8512 = EDGE_CURVE('',#8513,#8505,#8515,.T.);
#8513 = VERTEX_POINT('',#8514);
#8514 = CARTESIAN_POINT('',(179.145327,-54.094274,1.6));
#8515 = LINE('',#8516,#8517);
#8516 = CARTESIAN_POINT('',(179.145327,-54.094274,1.6));
#8517 = VECTOR('',#8518,1.);
#8518 = DIRECTION('',(3.268012423627E-02,0.999465862088,0.));
#8519 = ORIENTED_EDGE('',*,*,#8520,.F.);
#8520 = EDGE_CURVE('',#8521,#8513,#8523,.T.);
#8521 = VERTEX_POINT('',#8522);
#8522 = CARTESIAN_POINT('',(178.64747,-54.528734,1.6));
#8523 = CIRCLE('',#8524,0.497940142437);
#8524 = AXIS2_PLACEMENT_3D('',#8525,#8526,#8527);
#8525 = CARTESIAN_POINT('',(178.65144779014,-54.03080974608,1.6));
#8526 = DIRECTION('',(0.,0.,1.));
#8527 = DIRECTION('',(-7.98849059914E-03,-0.9999680915,0.));
#8528 = ORIENTED_EDGE('',*,*,#8529,.F.);
#8529 = EDGE_CURVE('',#8530,#8521,#8532,.T.);
#8530 = VERTEX_POINT('',#8531);
#8531 = CARTESIAN_POINT('',(165.64747,-54.528734,1.6));
#8532 = LINE('',#8533,#8534);
#8533 = CARTESIAN_POINT('',(165.64747,-54.528734,1.6));
#8534 = VECTOR('',#8535,1.);
#8535 = DIRECTION('',(1.,0.,0.));
#8536 = ORIENTED_EDGE('',*,*,#8537,.F.);
#8537 = EDGE_CURVE('',#8538,#8530,#8540,.T.);
#8538 = VERTEX_POINT('',#8539);
#8539 = CARTESIAN_POINT('',(165.58466,-54.525675,1.6));
#8540 = LINE('',#8541,#8542);
#8541 = CARTESIAN_POINT('',(165.58466,-54.525675,1.6));
#8542 = VECTOR('',#8543,1.);
#8543 = DIRECTION('',(0.998816141971,-4.864477914807E-02,0.));
#8544 = ORIENTED_EDGE('',*,*,#8545,.F.);
#8545 = EDGE_CURVE('',#8546,#8538,#8548,.T.);
#8546 = VERTEX_POINT('',#8547);
#8547 = CARTESIAN_POINT('',(165.150234,-54.027618,1.6));
#8548 = CIRCLE('',#8549,0.497565516144);
#8549 = AXIS2_PLACEMENT_3D('',#8550,#8551,#8552);
#8550 = CARTESIAN_POINT('',(165.64777906494,-54.03212923059,1.6));
#8551 = DIRECTION('',(0.,0.,1.));
#8552 = DIRECTION('',(-0.999958897481,9.06660620712E-03,0.));
#8553 = ORIENTED_EDGE('',*,*,#8554,.F.);
#8554 = EDGE_CURVE('',#8555,#8546,#8557,.T.);
#8555 = VERTEX_POINT('',#8556);
#8556 = CARTESIAN_POINT('',(165.14747,-54.028734,1.6));
#8557 = LINE('',#8558,#8559);
#8558 = CARTESIAN_POINT('',(165.14747,-54.028734,1.6));
#8559 = VECTOR('',#8560,1.);
#8560 = DIRECTION('',(0.927268715845,0.374396485847,0.));
#8561 = ORIENTED_EDGE('',*,*,#8562,.F.);
#8562 = EDGE_CURVE('',#8563,#8555,#8565,.T.);
#8563 = VERTEX_POINT('',#8564);
#8564 = CARTESIAN_POINT('',(165.14747,-41.028734,1.6));
#8565 = LINE('',#8566,#8567);
#8566 = CARTESIAN_POINT('',(165.14747,-41.028734,1.6));
#8567 = VECTOR('',#8568,1.);
#8568 = DIRECTION('',(0.,-1.,0.));
#8569 = ORIENTED_EDGE('',*,*,#8570,.F.);
#8570 = EDGE_CURVE('',#8471,#8563,#8571,.T.);
#8571 = LINE('',#8572,#8573);
#8572 = CARTESIAN_POINT('',(165.149413,-40.96316,1.6));
#8573 = VECTOR('',#8574,1.);
#8574 = DIRECTION('',(-2.961764736554E-02,-0.999561301254,0.));
#8575 = FACE_BOUND('',#8576,.T.);
#8576 = EDGE_LOOP('',(#8577,#8588,#8596,#8604,#8613,#8621,#8629,#8638,
    #8646,#8654,#8663,#8671,#8679));
#8577 = ORIENTED_EDGE('',*,*,#8578,.F.);
#8578 = EDGE_CURVE('',#8579,#8581,#8583,.T.);
#8579 = VERTEX_POINT('',#8580);
#8580 = CARTESIAN_POINT('',(189.45997,-40.528734,1.6));
#8581 = VERTEX_POINT('',#8582);
#8582 = CARTESIAN_POINT('',(188.961913,-40.96316,1.6));
#8583 = CIRCLE('',#8584,0.497554635006);
#8584 = AXIS2_PLACEMENT_3D('',#8585,#8586,#8587);
#8585 = CARTESIAN_POINT('',(189.45544920228,-41.02626809652,1.6));
#8586 = DIRECTION('',(0.,0.,1.));
#8587 = DIRECTION('',(9.086032757149E-03,0.999958721152,-0.));
#8588 = ORIENTED_EDGE('',*,*,#8589,.F.);
#8589 = EDGE_CURVE('',#8590,#8579,#8592,.T.);
#8590 = VERTEX_POINT('',#8591);
#8591 = CARTESIAN_POINT('',(202.45997,-40.528734,1.6));
#8592 = LINE('',#8593,#8594);
#8593 = CARTESIAN_POINT('',(202.45997,-40.528734,1.6));
#8594 = VECTOR('',#8595,1.);
#8595 = DIRECTION('',(-1.,0.,0.));
#8596 = ORIENTED_EDGE('',*,*,#8597,.F.);
#8597 = EDGE_CURVE('',#8598,#8590,#8600,.T.);
#8598 = VERTEX_POINT('',#8599);
#8599 = CARTESIAN_POINT('',(202.525541,-40.530678,1.6));
#8600 = LINE('',#8601,#8602);
#8601 = CARTESIAN_POINT('',(202.525541,-40.530678,1.6));
#8602 = VECTOR('',#8603,1.);
#8603 = DIRECTION('',(-0.999560809708,2.963423181093E-02,0.));
#8604 = ORIENTED_EDGE('',*,*,#8605,.F.);
#8605 = EDGE_CURVE('',#8606,#8598,#8608,.T.);
#8606 = VERTEX_POINT('',#8607);
#8607 = CARTESIAN_POINT('',(202.95997,-41.028734,1.6));
#8608 = CIRCLE('',#8609,0.49762810037);
#8609 = AXIS2_PLACEMENT_3D('',#8610,#8611,#8612);
#8610 = CARTESIAN_POINT('',(202.46236184008,-41.02427917507,1.6));
#8611 = DIRECTION('',(0.,0.,1.));
#8612 = DIRECTION('',(0.999959928999,-8.952116905798E-03,0.));
#8613 = ORIENTED_EDGE('',*,*,#8614,.F.);
#8614 = EDGE_CURVE('',#8615,#8606,#8617,.T.);
#8615 = VERTEX_POINT('',#8616);
#8616 = CARTESIAN_POINT('',(202.95997,-54.028734,1.6));
#8617 = LINE('',#8618,#8619);
#8618 = CARTESIAN_POINT('',(202.95997,-54.028734,1.6));
#8619 = VECTOR('',#8620,1.);
#8620 = DIRECTION('',(0.,1.,0.));
#8621 = ORIENTED_EDGE('',*,*,#8622,.F.);
#8622 = EDGE_CURVE('',#8623,#8615,#8625,.T.);
#8623 = VERTEX_POINT('',#8624);
#8624 = CARTESIAN_POINT('',(202.957827,-54.094274,1.6));
#8625 = LINE('',#8626,#8627);
#8626 = CARTESIAN_POINT('',(202.957827,-54.094274,1.6));
#8627 = VECTOR('',#8628,1.);
#8628 = DIRECTION('',(3.268012423627E-02,0.999465862088,0.));
#8629 = ORIENTED_EDGE('',*,*,#8630,.F.);
#8630 = EDGE_CURVE('',#8631,#8623,#8633,.T.);
#8631 = VERTEX_POINT('',#8632);
#8632 = CARTESIAN_POINT('',(202.45997,-54.528734,1.6));
#8633 = CIRCLE('',#8634,0.497940142437);
#8634 = AXIS2_PLACEMENT_3D('',#8635,#8636,#8637);
#8635 = CARTESIAN_POINT('',(202.46394779014,-54.03080974608,1.6));
#8636 = DIRECTION('',(0.,0.,1.));
#8637 = DIRECTION('',(-7.98849059914E-03,-0.9999680915,0.));
#8638 = ORIENTED_EDGE('',*,*,#8639,.F.);
#8639 = EDGE_CURVE('',#8640,#8631,#8642,.T.);
#8640 = VERTEX_POINT('',#8641);
#8641 = CARTESIAN_POINT('',(189.45997,-54.528734,1.6));
#8642 = LINE('',#8643,#8644);
#8643 = CARTESIAN_POINT('',(189.45997,-54.528734,1.6));
#8644 = VECTOR('',#8645,1.);
#8645 = DIRECTION('',(1.,0.,0.));
#8646 = ORIENTED_EDGE('',*,*,#8647,.F.);
#8647 = EDGE_CURVE('',#8648,#8640,#8650,.T.);
#8648 = VERTEX_POINT('',#8649);
#8649 = CARTESIAN_POINT('',(189.39716,-54.525675,1.6));
#8650 = LINE('',#8651,#8652);
#8651 = CARTESIAN_POINT('',(189.39716,-54.525675,1.6));
#8652 = VECTOR('',#8653,1.);
#8653 = DIRECTION('',(0.998816141971,-4.864477914807E-02,0.));
#8654 = ORIENTED_EDGE('',*,*,#8655,.F.);
#8655 = EDGE_CURVE('',#8656,#8648,#8658,.T.);
#8656 = VERTEX_POINT('',#8657);
#8657 = CARTESIAN_POINT('',(188.962734,-54.027618,1.6));
#8658 = CIRCLE('',#8659,0.497565516144);
#8659 = AXIS2_PLACEMENT_3D('',#8660,#8661,#8662);
#8660 = CARTESIAN_POINT('',(189.46027906494,-54.03212923059,1.6));
#8661 = DIRECTION('',(0.,0.,1.));
#8662 = DIRECTION('',(-0.999958897481,9.06660620712E-03,0.));
#8663 = ORIENTED_EDGE('',*,*,#8664,.F.);
#8664 = EDGE_CURVE('',#8665,#8656,#8667,.T.);
#8665 = VERTEX_POINT('',#8666);
#8666 = CARTESIAN_POINT('',(188.95997,-54.028734,1.6));
#8667 = LINE('',#8668,#8669);
#8668 = CARTESIAN_POINT('',(188.95997,-54.028734,1.6));
#8669 = VECTOR('',#8670,1.);
#8670 = DIRECTION('',(0.927268715845,0.374396485847,0.));
#8671 = ORIENTED_EDGE('',*,*,#8672,.F.);
#8672 = EDGE_CURVE('',#8673,#8665,#8675,.T.);
#8673 = VERTEX_POINT('',#8674);
#8674 = CARTESIAN_POINT('',(188.95997,-41.028734,1.6));
#8675 = LINE('',#8676,#8677);
#8676 = CARTESIAN_POINT('',(188.95997,-41.028734,1.6));
#8677 = VECTOR('',#8678,1.);
#8678 = DIRECTION('',(0.,-1.,0.));
#8679 = ORIENTED_EDGE('',*,*,#8680,.F.);
#8680 = EDGE_CURVE('',#8581,#8673,#8681,.T.);
#8681 = LINE('',#8682,#8683);
#8682 = CARTESIAN_POINT('',(188.961913,-40.96316,1.6));
#8683 = VECTOR('',#8684,1.);
#8684 = DIRECTION('',(-2.961764736554E-02,-0.999561301254,0.));
#8685 = FACE_BOUND('',#8686,.T.);
#8686 = EDGE_LOOP('',(#8687,#8698,#8706,#8714,#8723,#8731,#8739,#8748,
    #8756,#8764,#8773,#8781,#8789));
#8687 = ORIENTED_EDGE('',*,*,#8688,.F.);
#8688 = EDGE_CURVE('',#8689,#8691,#8693,.T.);
#8689 = VERTEX_POINT('',#8690);
#8690 = CARTESIAN_POINT('',(208.50997,-40.528734,1.6));
#8691 = VERTEX_POINT('',#8692);
#8692 = CARTESIAN_POINT('',(208.011913,-40.96316,1.6));
#8693 = CIRCLE('',#8694,0.497554635006);
#8694 = AXIS2_PLACEMENT_3D('',#8695,#8696,#8697);
#8695 = CARTESIAN_POINT('',(208.50544920228,-41.02626809652,1.6));
#8696 = DIRECTION('',(0.,0.,1.));
#8697 = DIRECTION('',(9.086032757206E-03,0.999958721152,-0.));
#8698 = ORIENTED_EDGE('',*,*,#8699,.F.);
#8699 = EDGE_CURVE('',#8700,#8689,#8702,.T.);
#8700 = VERTEX_POINT('',#8701);
#8701 = CARTESIAN_POINT('',(221.50997,-40.528734,1.6));
#8702 = LINE('',#8703,#8704);
#8703 = CARTESIAN_POINT('',(221.50997,-40.528734,1.6));
#8704 = VECTOR('',#8705,1.);
#8705 = DIRECTION('',(-1.,0.,0.));
#8706 = ORIENTED_EDGE('',*,*,#8707,.F.);
#8707 = EDGE_CURVE('',#8708,#8700,#8710,.T.);
#8708 = VERTEX_POINT('',#8709);
#8709 = CARTESIAN_POINT('',(221.575541,-40.530678,1.6));
#8710 = LINE('',#8711,#8712);
#8711 = CARTESIAN_POINT('',(221.575541,-40.530678,1.6));
#8712 = VECTOR('',#8713,1.);
#8713 = DIRECTION('',(-0.999560809708,2.963423181095E-02,0.));
#8714 = ORIENTED_EDGE('',*,*,#8715,.F.);
#8715 = EDGE_CURVE('',#8716,#8708,#8718,.T.);
#8716 = VERTEX_POINT('',#8717);
#8717 = CARTESIAN_POINT('',(222.00997,-41.028734,1.6));
#8718 = CIRCLE('',#8719,0.49762810037);
#8719 = AXIS2_PLACEMENT_3D('',#8720,#8721,#8722);
#8720 = CARTESIAN_POINT('',(221.51236184008,-41.02427917507,1.6));
#8721 = DIRECTION('',(0.,0.,1.));
#8722 = DIRECTION('',(0.999959928999,-8.952116905813E-03,0.));
#8723 = ORIENTED_EDGE('',*,*,#8724,.F.);
#8724 = EDGE_CURVE('',#8725,#8716,#8727,.T.);
#8725 = VERTEX_POINT('',#8726);
#8726 = CARTESIAN_POINT('',(222.00997,-54.028734,1.6));
#8727 = LINE('',#8728,#8729);
#8728 = CARTESIAN_POINT('',(222.00997,-54.028734,1.6));
#8729 = VECTOR('',#8730,1.);
#8730 = DIRECTION('',(0.,1.,0.));
#8731 = ORIENTED_EDGE('',*,*,#8732,.F.);
#8732 = EDGE_CURVE('',#8733,#8725,#8735,.T.);
#8733 = VERTEX_POINT('',#8734);
#8734 = CARTESIAN_POINT('',(222.007827,-54.094274,1.6));
#8735 = LINE('',#8736,#8737);
#8736 = CARTESIAN_POINT('',(222.007827,-54.094274,1.6));
#8737 = VECTOR('',#8738,1.);
#8738 = DIRECTION('',(3.26801242367E-02,0.999465862088,0.));
#8739 = ORIENTED_EDGE('',*,*,#8740,.F.);
#8740 = EDGE_CURVE('',#8741,#8733,#8743,.T.);
#8741 = VERTEX_POINT('',#8742);
#8742 = CARTESIAN_POINT('',(221.50997,-54.528734,1.6));
#8743 = CIRCLE('',#8744,0.497940142437);
#8744 = AXIS2_PLACEMENT_3D('',#8745,#8746,#8747);
#8745 = CARTESIAN_POINT('',(221.51394779014,-54.03080974608,1.6));
#8746 = DIRECTION('',(0.,0.,1.));
#8747 = DIRECTION('',(-7.988490599025E-03,-0.9999680915,0.));
#8748 = ORIENTED_EDGE('',*,*,#8749,.F.);
#8749 = EDGE_CURVE('',#8750,#8741,#8752,.T.);
#8750 = VERTEX_POINT('',#8751);
#8751 = CARTESIAN_POINT('',(208.50997,-54.528734,1.6));
#8752 = LINE('',#8753,#8754);
#8753 = CARTESIAN_POINT('',(208.50997,-54.528734,1.6));
#8754 = VECTOR('',#8755,1.);
#8755 = DIRECTION('',(1.,0.,0.));
#8756 = ORIENTED_EDGE('',*,*,#8757,.F.);
#8757 = EDGE_CURVE('',#8758,#8750,#8760,.T.);
#8758 = VERTEX_POINT('',#8759);
#8759 = CARTESIAN_POINT('',(208.44716,-54.525675,1.6));
#8760 = LINE('',#8761,#8762);
#8761 = CARTESIAN_POINT('',(208.44716,-54.525675,1.6));
#8762 = VECTOR('',#8763,1.);
#8763 = DIRECTION('',(0.998816141971,-4.864477914805E-02,0.));
#8764 = ORIENTED_EDGE('',*,*,#8765,.F.);
#8765 = EDGE_CURVE('',#8766,#8758,#8768,.T.);
#8766 = VERTEX_POINT('',#8767);
#8767 = CARTESIAN_POINT('',(208.012734,-54.027618,1.6));
#8768 = CIRCLE('',#8769,0.497565516144);
#8769 = AXIS2_PLACEMENT_3D('',#8770,#8771,#8772);
#8770 = CARTESIAN_POINT('',(208.51027906494,-54.03212923059,1.6));
#8771 = DIRECTION('',(0.,0.,1.));
#8772 = DIRECTION('',(-0.999958897481,9.06660620699E-03,0.));
#8773 = ORIENTED_EDGE('',*,*,#8774,.F.);
#8774 = EDGE_CURVE('',#8775,#8766,#8777,.T.);
#8775 = VERTEX_POINT('',#8776);
#8776 = CARTESIAN_POINT('',(208.00997,-54.028734,1.6));
#8777 = LINE('',#8778,#8779);
#8778 = CARTESIAN_POINT('',(208.00997,-54.028734,1.6));
#8779 = VECTOR('',#8780,1.);
#8780 = DIRECTION('',(0.927268715844,0.37439648585,0.));
#8781 = ORIENTED_EDGE('',*,*,#8782,.F.);
#8782 = EDGE_CURVE('',#8783,#8775,#8785,.T.);
#8783 = VERTEX_POINT('',#8784);
#8784 = CARTESIAN_POINT('',(208.00997,-41.028734,1.6));
#8785 = LINE('',#8786,#8787);
#8786 = CARTESIAN_POINT('',(208.00997,-41.028734,1.6));
#8787 = VECTOR('',#8788,1.);
#8788 = DIRECTION('',(0.,-1.,0.));
#8789 = ORIENTED_EDGE('',*,*,#8790,.F.);
#8790 = EDGE_CURVE('',#8691,#8783,#8791,.T.);
#8791 = LINE('',#8792,#8793);
#8792 = CARTESIAN_POINT('',(208.011913,-40.96316,1.6));
#8793 = VECTOR('',#8794,1.);
#8794 = DIRECTION('',(-2.961764736511E-02,-0.999561301254,0.));
#8795 = FACE_BOUND('',#8796,.T.);
#8796 = EDGE_LOOP('',(#8797,#8808,#8816,#8824,#8833,#8841,#8849,#8858,
    #8866,#8874,#8883,#8891,#8899));
#8797 = ORIENTED_EDGE('',*,*,#8798,.F.);
#8798 = EDGE_CURVE('',#8799,#8801,#8803,.T.);
#8799 = VERTEX_POINT('',#8800);
#8800 = CARTESIAN_POINT('',(227.55997,-40.528734,1.6));
#8801 = VERTEX_POINT('',#8802);
#8802 = CARTESIAN_POINT('',(227.061913,-40.96316,1.6));
#8803 = CIRCLE('',#8804,0.497554635006);
#8804 = AXIS2_PLACEMENT_3D('',#8805,#8806,#8807);
#8805 = CARTESIAN_POINT('',(227.55544920228,-41.02626809652,1.6));
#8806 = DIRECTION('',(0.,0.,1.));
#8807 = DIRECTION('',(9.086032757207E-03,0.999958721152,-0.));
#8808 = ORIENTED_EDGE('',*,*,#8809,.F.);
#8809 = EDGE_CURVE('',#8810,#8799,#8812,.T.);
#8810 = VERTEX_POINT('',#8811);
#8811 = CARTESIAN_POINT('',(240.55997,-40.528734,1.6));
#8812 = LINE('',#8813,#8814);
#8813 = CARTESIAN_POINT('',(240.55997,-40.528734,1.6));
#8814 = VECTOR('',#8815,1.);
#8815 = DIRECTION('',(-1.,0.,0.));
#8816 = ORIENTED_EDGE('',*,*,#8817,.F.);
#8817 = EDGE_CURVE('',#8818,#8810,#8820,.T.);
#8818 = VERTEX_POINT('',#8819);
#8819 = CARTESIAN_POINT('',(240.625541,-40.530678,1.6));
#8820 = LINE('',#8821,#8822);
#8821 = CARTESIAN_POINT('',(240.625541,-40.530678,1.6));
#8822 = VECTOR('',#8823,1.);
#8823 = DIRECTION('',(-0.999560809708,2.963423181093E-02,0.));
#8824 = ORIENTED_EDGE('',*,*,#8825,.F.);
#8825 = EDGE_CURVE('',#8826,#8818,#8828,.T.);
#8826 = VERTEX_POINT('',#8827);
#8827 = CARTESIAN_POINT('',(241.05997,-41.028734,1.6));
#8828 = CIRCLE('',#8829,0.49762810037);
#8829 = AXIS2_PLACEMENT_3D('',#8830,#8831,#8832);
#8830 = CARTESIAN_POINT('',(240.56236184008,-41.02427917507,1.6));
#8831 = DIRECTION('',(0.,0.,1.));
#8832 = DIRECTION('',(0.999959928999,-8.952116905928E-03,0.));
#8833 = ORIENTED_EDGE('',*,*,#8834,.F.);
#8834 = EDGE_CURVE('',#8835,#8826,#8837,.T.);
#8835 = VERTEX_POINT('',#8836);
#8836 = CARTESIAN_POINT('',(241.05997,-54.028734,1.6));
#8837 = LINE('',#8838,#8839);
#8838 = CARTESIAN_POINT('',(241.05997,-54.028734,1.6));
#8839 = VECTOR('',#8840,1.);
#8840 = DIRECTION('',(0.,1.,0.));
#8841 = ORIENTED_EDGE('',*,*,#8842,.F.);
#8842 = EDGE_CURVE('',#8843,#8835,#8845,.T.);
#8843 = VERTEX_POINT('',#8844);
#8844 = CARTESIAN_POINT('',(241.057827,-54.094274,1.6));
#8845 = LINE('',#8846,#8847);
#8846 = CARTESIAN_POINT('',(241.057827,-54.094274,1.6));
#8847 = VECTOR('',#8848,1.);
#8848 = DIRECTION('',(3.268012423627E-02,0.999465862088,0.));
#8849 = ORIENTED_EDGE('',*,*,#8850,.F.);
#8850 = EDGE_CURVE('',#8851,#8843,#8853,.T.);
#8851 = VERTEX_POINT('',#8852);
#8852 = CARTESIAN_POINT('',(240.55997,-54.528734,1.6));
#8853 = CIRCLE('',#8854,0.497940142437);
#8854 = AXIS2_PLACEMENT_3D('',#8855,#8856,#8857);
#8855 = CARTESIAN_POINT('',(240.56394779014,-54.03080974608,1.6));
#8856 = DIRECTION('',(0.,0.,1.));
#8857 = DIRECTION('',(-7.988490599025E-03,-0.9999680915,0.));
#8858 = ORIENTED_EDGE('',*,*,#8859,.F.);
#8859 = EDGE_CURVE('',#8860,#8851,#8862,.T.);
#8860 = VERTEX_POINT('',#8861);
#8861 = CARTESIAN_POINT('',(227.55997,-54.528734,1.6));
#8862 = LINE('',#8863,#8864);
#8863 = CARTESIAN_POINT('',(227.55997,-54.528734,1.6));
#8864 = VECTOR('',#8865,1.);
#8865 = DIRECTION('',(1.,0.,0.));
#8866 = ORIENTED_EDGE('',*,*,#8867,.F.);
#8867 = EDGE_CURVE('',#8868,#8860,#8870,.T.);
#8868 = VERTEX_POINT('',#8869);
#8869 = CARTESIAN_POINT('',(227.49716,-54.525675,1.6));
#8870 = LINE('',#8871,#8872);
#8871 = CARTESIAN_POINT('',(227.49716,-54.525675,1.6));
#8872 = VECTOR('',#8873,1.);
#8873 = DIRECTION('',(0.998816141971,-4.864477914807E-02,0.));
#8874 = ORIENTED_EDGE('',*,*,#8875,.F.);
#8875 = EDGE_CURVE('',#8876,#8868,#8878,.T.);
#8876 = VERTEX_POINT('',#8877);
#8877 = CARTESIAN_POINT('',(227.062734,-54.027618,1.6));
#8878 = CIRCLE('',#8879,0.497565516144);
#8879 = AXIS2_PLACEMENT_3D('',#8880,#8881,#8882);
#8880 = CARTESIAN_POINT('',(227.56027906494,-54.03212923059,1.6));
#8881 = DIRECTION('',(0.,0.,1.));
#8882 = DIRECTION('',(-0.999958897481,9.066606207105E-03,0.));
#8883 = ORIENTED_EDGE('',*,*,#8884,.F.);
#8884 = EDGE_CURVE('',#8885,#8876,#8887,.T.);
#8885 = VERTEX_POINT('',#8886);
#8886 = CARTESIAN_POINT('',(227.05997,-54.028734,1.6));
#8887 = LINE('',#8888,#8889);
#8888 = CARTESIAN_POINT('',(227.05997,-54.028734,1.6));
#8889 = VECTOR('',#8890,1.);
#8890 = DIRECTION('',(0.927268715845,0.374396485847,0.));
#8891 = ORIENTED_EDGE('',*,*,#8892,.F.);
#8892 = EDGE_CURVE('',#8893,#8885,#8895,.T.);
#8893 = VERTEX_POINT('',#8894);
#8894 = CARTESIAN_POINT('',(227.05997,-41.028734,1.6));
#8895 = LINE('',#8896,#8897);
#8896 = CARTESIAN_POINT('',(227.05997,-41.028734,1.6));
#8897 = VECTOR('',#8898,1.);
#8898 = DIRECTION('',(0.,-1.,0.));
#8899 = ORIENTED_EDGE('',*,*,#8900,.F.);
#8900 = EDGE_CURVE('',#8801,#8893,#8901,.T.);
#8901 = LINE('',#8902,#8903);
#8902 = CARTESIAN_POINT('',(227.061913,-40.96316,1.6));
#8903 = VECTOR('',#8904,1.);
#8904 = DIRECTION('',(-2.961764736554E-02,-0.999561301254,0.));
#8905 = FACE_BOUND('',#8906,.T.);
#8906 = EDGE_LOOP('',(#8907));
#8907 = ORIENTED_EDGE('',*,*,#8908,.T.);
#8908 = EDGE_CURVE('',#8909,#8909,#8911,.T.);
#8909 = VERTEX_POINT('',#8910);
#8910 = CARTESIAN_POINT('',(195.95997,-37.119359,1.6));
#8911 = CIRCLE('',#8912,1.1);
#8912 = AXIS2_PLACEMENT_3D('',#8913,#8914,#8915);
#8913 = CARTESIAN_POINT('',(195.95997,-36.019359,1.6));
#8914 = DIRECTION('',(-0.,0.,-1.));
#8915 = DIRECTION('',(-0.,-1.,0.));
#8916 = PLANE('',#8917);
#8917 = AXIS2_PLACEMENT_3D('',#8918,#8919,#8920);
#8918 = CARTESIAN_POINT('',(0.,0.,1.6));
#8919 = DIRECTION('',(0.,0.,1.));
#8920 = DIRECTION('',(1.,0.,-0.));
#8921 = ADVANCED_FACE('',(#8922),#8933,.T.);
#8922 = FACE_BOUND('',#8923,.T.);
#8923 = EDGE_LOOP('',(#8924,#8930,#8931,#8932));
#8924 = ORIENTED_EDGE('',*,*,#8925,.T.);
#8925 = EDGE_CURVE('',#146,#4537,#8926,.T.);
#8926 = LINE('',#8927,#8928);
#8927 = CARTESIAN_POINT('',(191.442019,-37.143118,0.));
#8928 = VECTOR('',#8929,1.);
#8929 = DIRECTION('',(0.,0.,1.));
#8930 = ORIENTED_EDGE('',*,*,#4536,.T.);
#8931 = ORIENTED_EDGE('',*,*,#81,.F.);
#8932 = ORIENTED_EDGE('',*,*,#145,.F.);
#8933 = PLANE('',#8934);
#8934 = AXIS2_PLACEMENT_3D('',#8935,#8936,#8937);
#8935 = CARTESIAN_POINT('',(191.442019,-37.143118,0.));
#8936 = DIRECTION('',(-0.744799593205,0.66728821806,0.));
#8937 = DIRECTION('',(0.66728821806,0.744799593205,0.));
#8938 = ADVANCED_FACE('',(#8939),#8950,.T.);
#8939 = FACE_BOUND('',#8940,.T.);
#8940 = EDGE_LOOP('',(#8941,#8942,#8943,#8949));
#8941 = ORIENTED_EDGE('',*,*,#121,.T.);
#8942 = ORIENTED_EDGE('',*,*,#4911,.T.);
#8943 = ORIENTED_EDGE('',*,*,#8944,.F.);
#8944 = EDGE_CURVE('',#512,#4903,#8945,.T.);
#8945 = LINE('',#8946,#8947);
#8946 = CARTESIAN_POINT('',(200.325595,-36.973098,0.));
#8947 = VECTOR('',#8948,1.);
#8948 = DIRECTION('',(0.,0.,1.));
#8949 = ORIENTED_EDGE('',*,*,#520,.F.);
#8950 = PLANE('',#8951);
#8951 = AXIS2_PLACEMENT_3D('',#8952,#8953,#8954);
#8952 = CARTESIAN_POINT('',(197.756897,-34.382421,0.));
#8953 = DIRECTION('',(0.710112621213,0.704088108971,-0.));
#8954 = DIRECTION('',(0.704088108971,-0.710112621213,0.));
#8955 = ADVANCED_FACE('',(#8956),#8967,.F.);
#8956 = FACE_BOUND('',#8957,.T.);
#8957 = EDGE_LOOP('',(#8958,#8964,#8965,#8966));
#8958 = ORIENTED_EDGE('',*,*,#8959,.T.);
#8959 = EDGE_CURVE('',#154,#4545,#8960,.T.);
#8960 = LINE('',#8961,#8962);
#8961 = CARTESIAN_POINT('',(188.02247,-38.797484,0.));
#8962 = VECTOR('',#8963,1.);
#8963 = DIRECTION('',(0.,0.,1.));
#8964 = ORIENTED_EDGE('',*,*,#4544,.T.);
#8965 = ORIENTED_EDGE('',*,*,#8925,.F.);
#8966 = ORIENTED_EDGE('',*,*,#153,.F.);
#8967 = CYLINDRICAL_SURFACE('',#8968,5.412647198864);
#8968 = AXIS2_PLACEMENT_3D('',#8969,#8970,#8971);
#8969 = CARTESIAN_POINT('',(187.52490068686,-33.40775539106,0.));
#8970 = DIRECTION('',(-0.,-0.,-1.));
#8971 = DIRECTION('',(9.192716518507E-02,-0.995765733645,0.));
#8972 = ADVANCED_FACE('',(#8973),#8984,.F.);
#8973 = FACE_BOUND('',#8974,.T.);
#8974 = EDGE_LOOP('',(#8975,#8976,#8977,#8983));
#8975 = ORIENTED_EDGE('',*,*,#8944,.T.);
#8976 = ORIENTED_EDGE('',*,*,#4902,.T.);
#8977 = ORIENTED_EDGE('',*,*,#8978,.F.);
#8978 = EDGE_CURVE('',#504,#4895,#8979,.T.);
#8979 = LINE('',#8980,#8981);
#8980 = CARTESIAN_POINT('',(203.670435,-38.77373,0.));
#8981 = VECTOR('',#8982,1.);
#8982 = DIRECTION('',(0.,0.,1.));
#8983 = ORIENTED_EDGE('',*,*,#511,.F.);
#8984 = CYLINDRICAL_SURFACE('',#8985,5.413407439589);
#8985 = AXIS2_PLACEMENT_3D('',#8986,#8987,#8988);
#8986 = CARTESIAN_POINT('',(204.40090072206,-33.40983216951,0.));
#8987 = DIRECTION('',(-0.,-0.,-1.));
#8988 = DIRECTION('',(-0.752817105962,-0.658229750901,0.));
#8989 = ADVANCED_FACE('',(#8990),#9001,.T.);
#8990 = FACE_BOUND('',#8991,.T.);
#8991 = EDGE_LOOP('',(#8992,#8998,#8999,#9000));
#8992 = ORIENTED_EDGE('',*,*,#8993,.T.);
#8993 = EDGE_CURVE('',#163,#4554,#8994,.T.);
#8994 = LINE('',#8995,#8996);
#8995 = CARTESIAN_POINT('',(99.122595,-38.797484,0.));
#8996 = VECTOR('',#8997,1.);
#8997 = DIRECTION('',(0.,0.,1.));
#8998 = ORIENTED_EDGE('',*,*,#4553,.T.);
#8999 = ORIENTED_EDGE('',*,*,#8959,.F.);
#9000 = ORIENTED_EDGE('',*,*,#162,.F.);
#9001 = PLANE('',#9002);
#9002 = AXIS2_PLACEMENT_3D('',#9003,#9004,#9005);
#9003 = CARTESIAN_POINT('',(99.122595,-38.797484,0.));
#9004 = DIRECTION('',(0.,1.,0.));
#9005 = DIRECTION('',(1.,0.,0.));
#9006 = ADVANCED_FACE('',(#9007),#9018,.T.);
#9007 = FACE_BOUND('',#9008,.T.);
#9008 = EDGE_LOOP('',(#9009,#9010,#9011,#9017));
#9009 = ORIENTED_EDGE('',*,*,#8978,.T.);
#9010 = ORIENTED_EDGE('',*,*,#4894,.T.);
#9011 = ORIENTED_EDGE('',*,*,#9012,.F.);
#9012 = EDGE_CURVE('',#496,#4887,#9013,.T.);
#9013 = LINE('',#9014,#9015);
#9014 = CARTESIAN_POINT('',(203.897595,-38.797484,0.));
#9015 = VECTOR('',#9016,1.);
#9016 = DIRECTION('',(0.,0.,1.));
#9017 = ORIENTED_EDGE('',*,*,#503,.F.);
#9018 = PLANE('',#9019);
#9019 = AXIS2_PLACEMENT_3D('',#9020,#9021,#9022);
#9020 = CARTESIAN_POINT('',(203.670435,-38.77373,0.));
#9021 = DIRECTION('',(0.104002391165,0.994577047107,-0.));
#9022 = DIRECTION('',(0.994577047107,-0.104002391165,0.));
#9023 = ADVANCED_FACE('',(#9024),#9035,.T.);
#9024 = FACE_BOUND('',#9025,.T.);
#9025 = EDGE_LOOP('',(#9026,#9032,#9033,#9034));
#9026 = ORIENTED_EDGE('',*,*,#9027,.T.);
#9027 = EDGE_CURVE('',#171,#4562,#9028,.T.);
#9028 = LINE('',#9029,#9030);
#9029 = CARTESIAN_POINT('',(98.895558,-38.773735,0.));
#9030 = VECTOR('',#9031,1.);
#9031 = DIRECTION('',(0.,0.,1.));
#9032 = ORIENTED_EDGE('',*,*,#4561,.T.);
#9033 = ORIENTED_EDGE('',*,*,#8993,.F.);
#9034 = ORIENTED_EDGE('',*,*,#170,.F.);
#9035 = PLANE('',#9036);
#9036 = AXIS2_PLACEMENT_3D('',#9037,#9038,#9039);
#9037 = CARTESIAN_POINT('',(98.895558,-38.773735,0.));
#9038 = DIRECTION('',(0.104036459571,0.994573484002,-0.));
#9039 = DIRECTION('',(0.994573484002,-0.104036459571,0.));
#9040 = ADVANCED_FACE('',(#9041),#9052,.T.);
#9041 = FACE_BOUND('',#9042,.T.);
#9042 = EDGE_LOOP('',(#9043,#9044,#9045,#9051));
#9043 = ORIENTED_EDGE('',*,*,#9012,.T.);
#9044 = ORIENTED_EDGE('',*,*,#4886,.T.);
#9045 = ORIENTED_EDGE('',*,*,#9046,.F.);
#9046 = EDGE_CURVE('',#487,#4878,#9047,.T.);
#9047 = LINE('',#9048,#9049);
#9048 = CARTESIAN_POINT('',(240.40997,-38.797484,0.));
#9049 = VECTOR('',#9050,1.);
#9050 = DIRECTION('',(0.,0.,1.));
#9051 = ORIENTED_EDGE('',*,*,#495,.F.);
#9052 = PLANE('',#9053);
#9053 = AXIS2_PLACEMENT_3D('',#9054,#9055,#9056);
#9054 = CARTESIAN_POINT('',(203.897595,-38.797484,0.));
#9055 = DIRECTION('',(0.,1.,0.));
#9056 = DIRECTION('',(1.,0.,0.));
#9057 = ADVANCED_FACE('',(#9058),#9069,.F.);
#9058 = FACE_BOUND('',#9059,.T.);
#9059 = EDGE_LOOP('',(#9060,#9066,#9067,#9068));
#9060 = ORIENTED_EDGE('',*,*,#9061,.T.);
#9061 = EDGE_CURVE('',#179,#4570,#9062,.T.);
#9062 = LINE('',#9063,#9064);
#9063 = CARTESIAN_POINT('',(95.55072,-36.973098,0.));
#9064 = VECTOR('',#9065,1.);
#9065 = DIRECTION('',(0.,0.,1.));
#9066 = ORIENTED_EDGE('',*,*,#4569,.T.);
#9067 = ORIENTED_EDGE('',*,*,#9027,.F.);
#9068 = ORIENTED_EDGE('',*,*,#178,.F.);
#9069 = CYLINDRICAL_SURFACE('',#9070,5.412912842608);
#9070 = AXIS2_PLACEMENT_3D('',#9071,#9072,#9073);
#9071 = CARTESIAN_POINT('',(99.625780592365,-33.41030322479,0.));
#9072 = DIRECTION('',(-0.,-0.,-1.));
#9073 = DIRECTION('',(-0.752840607425,-0.658202871319,0.));
#9074 = ADVANCED_FACE('',(#9075),#9086,.T.);
#9075 = FACE_BOUND('',#9076,.T.);
#9076 = EDGE_LOOP('',(#9077,#9078,#9079,#9085));
#9077 = ORIENTED_EDGE('',*,*,#9046,.T.);
#9078 = ORIENTED_EDGE('',*,*,#4877,.T.);
#9079 = ORIENTED_EDGE('',*,*,#9080,.F.);
#9080 = EDGE_CURVE('',#479,#4870,#9081,.T.);
#9081 = LINE('',#9082,#9083);
#9082 = CARTESIAN_POINT('',(242.788789,-41.022816,0.));
#9083 = VECTOR('',#9084,1.);
#9084 = DIRECTION('',(0.,0.,1.));
#9085 = ORIENTED_EDGE('',*,*,#486,.F.);
#9086 = CYLINDRICAL_SURFACE('',#9087,2.37885525707);
#9087 = AXIS2_PLACEMENT_3D('',#9088,#9089,#9090);
#9088 = CARTESIAN_POINT('',(240.41489251796,-41.17633416403,0.));
#9089 = DIRECTION('',(0.,0.,-1.));
#9090 = DIRECTION('',(-2.06928015205E-03,0.999997859038,0.));
#9091 = ADVANCED_FACE('',(#9092),#9103,.T.);
#9092 = FACE_BOUND('',#9093,.T.);
#9093 = EDGE_LOOP('',(#9094,#9100,#9101,#9102));
#9094 = ORIENTED_EDGE('',*,*,#9095,.T.);
#9095 = EDGE_CURVE('',#188,#4579,#9096,.T.);
#9096 = LINE('',#9097,#9098);
#9097 = CARTESIAN_POINT('',(92.982022,-34.382421,0.));
#9098 = VECTOR('',#9099,1.);
#9099 = DIRECTION('',(0.,0.,1.));
#9100 = ORIENTED_EDGE('',*,*,#4578,.T.);
#9101 = ORIENTED_EDGE('',*,*,#9061,.F.);
#9102 = ORIENTED_EDGE('',*,*,#187,.F.);
#9103 = PLANE('',#9104);
#9104 = AXIS2_PLACEMENT_3D('',#9105,#9106,#9107);
#9105 = CARTESIAN_POINT('',(92.982022,-34.382421,0.));
#9106 = DIRECTION('',(0.710112621213,0.704088108971,-0.));
#9107 = DIRECTION('',(0.704088108971,-0.710112621213,0.));
#9108 = ADVANCED_FACE('',(#9109),#9120,.T.);
#9109 = FACE_BOUND('',#9110,.T.);
#9110 = EDGE_LOOP('',(#9111,#9112,#9113,#9119));
#9111 = ORIENTED_EDGE('',*,*,#9080,.T.);
#9112 = ORIENTED_EDGE('',*,*,#4869,.T.);
#9113 = ORIENTED_EDGE('',*,*,#9114,.F.);
#9114 = EDGE_CURVE('',#471,#4862,#9115,.T.);
#9115 = LINE('',#9116,#9117);
#9116 = CARTESIAN_POINT('',(242.79122,-41.178734,0.));
#9117 = VECTOR('',#9118,1.);
#9118 = DIRECTION('',(0.,0.,1.));
#9119 = ORIENTED_EDGE('',*,*,#478,.F.);
#9120 = PLANE('',#9121);
#9121 = AXIS2_PLACEMENT_3D('',#9122,#9123,#9124);
#9122 = CARTESIAN_POINT('',(242.788789,-41.022816,0.));
#9123 = DIRECTION('',(0.99987847427,1.558963410864E-02,-0.));
#9124 = DIRECTION('',(1.558963410864E-02,-0.99987847427,0.));
#9125 = ADVANCED_FACE('',(#9126),#9137,.T.);
#9126 = FACE_BOUND('',#9127,.T.);
#9127 = EDGE_LOOP('',(#9128,#9134,#9135,#9136));
#9128 = ORIENTED_EDGE('',*,*,#9129,.T.);
#9129 = EDGE_CURVE('',#196,#4587,#9130,.T.);
#9130 = LINE('',#9131,#9132);
#9131 = CARTESIAN_POINT('',(92.871849,-34.275396,0.));
#9132 = VECTOR('',#9133,1.);
#9133 = DIRECTION('',(0.,0.,1.));
#9134 = ORIENTED_EDGE('',*,*,#4586,.T.);
#9135 = ORIENTED_EDGE('',*,*,#9095,.F.);
#9136 = ORIENTED_EDGE('',*,*,#195,.F.);
#9137 = PLANE('',#9138);
#9138 = AXIS2_PLACEMENT_3D('',#9139,#9140,#9141);
#9139 = CARTESIAN_POINT('',(92.871849,-34.275396,0.));
#9140 = DIRECTION('',(0.696785014347,0.717280031634,-0.));
#9141 = DIRECTION('',(0.717280031634,-0.696785014347,0.));
#9142 = ADVANCED_FACE('',(#9143),#9154,.T.);
#9143 = FACE_BOUND('',#9144,.T.);
#9144 = EDGE_LOOP('',(#9145,#9146,#9147,#9153));
#9145 = ORIENTED_EDGE('',*,*,#9114,.T.);
#9146 = ORIENTED_EDGE('',*,*,#4861,.T.);
#9147 = ORIENTED_EDGE('',*,*,#9148,.F.);
#9148 = EDGE_CURVE('',#462,#4853,#9149,.T.);
#9149 = LINE('',#9150,#9151);
#9150 = CARTESIAN_POINT('',(242.79122,-120.553734,0.));
#9151 = VECTOR('',#9152,1.);
#9152 = DIRECTION('',(0.,0.,1.));
#9153 = ORIENTED_EDGE('',*,*,#470,.F.);
#9154 = PLANE('',#9155);
#9155 = AXIS2_PLACEMENT_3D('',#9156,#9157,#9158);
#9156 = CARTESIAN_POINT('',(242.79122,-41.178734,0.));
#9157 = DIRECTION('',(1.,0.,-0.));
#9158 = DIRECTION('',(0.,-1.,0.));
#9159 = ADVANCED_FACE('',(#9160),#9171,.T.);
#9160 = FACE_BOUND('',#9161,.T.);
#9161 = EDGE_LOOP('',(#9162,#9168,#9169,#9170));
#9162 = ORIENTED_EDGE('',*,*,#9163,.T.);
#9163 = EDGE_CURVE('',#204,#4595,#9164,.T.);
#9164 = LINE('',#9165,#9166);
#9165 = CARTESIAN_POINT('',(89.388168,-34.382421,0.));
#9166 = VECTOR('',#9167,1.);
#9167 = DIRECTION('',(0.,0.,1.));
#9168 = ORIENTED_EDGE('',*,*,#4594,.T.);
#9169 = ORIENTED_EDGE('',*,*,#9129,.F.);
#9170 = ORIENTED_EDGE('',*,*,#203,.F.);
#9171 = CYLINDRICAL_SURFACE('',#9172,2.539217992294);
#9172 = AXIS2_PLACEMENT_3D('',#9173,#9174,#9175);
#9173 = CARTESIAN_POINT('',(91.186719503908,-36.17486081772,0.));
#9174 = DIRECTION('',(0.,0.,-1.));
#9175 = DIRECTION('',(-0.708309215422,0.705902298727,0.));
#9176 = ADVANCED_FACE('',(#9177),#9188,.T.);
#9177 = FACE_BOUND('',#9178,.T.);
#9178 = EDGE_LOOP('',(#9179,#9180,#9181,#9187));
#9179 = ORIENTED_EDGE('',*,*,#9148,.T.);
#9180 = ORIENTED_EDGE('',*,*,#4852,.T.);
#9181 = ORIENTED_EDGE('',*,*,#9182,.F.);
#9182 = EDGE_CURVE('',#454,#4845,#9183,.T.);
#9183 = LINE('',#9184,#9185);
#9184 = CARTESIAN_POINT('',(240.565874,-122.932425,0.));
#9185 = VECTOR('',#9186,1.);
#9186 = DIRECTION('',(0.,0.,1.));
#9187 = ORIENTED_EDGE('',*,*,#461,.F.);
#9188 = CYLINDRICAL_SURFACE('',#9189,2.379282599652);
#9189 = AXIS2_PLACEMENT_3D('',#9190,#9191,#9192);
#9190 = CARTESIAN_POINT('',(240.41194145607,-120.558127112,0.));
#9191 = DIRECTION('',(0.,0.,-1.));
#9192 = DIRECTION('',(0.999998295398,1.846401939455E-03,0.));
#9193 = ADVANCED_FACE('',(#9194),#9205,.T.);
#9194 = FACE_BOUND('',#9195,.T.);
#9195 = EDGE_LOOP('',(#9196,#9202,#9203,#9204));
#9196 = ORIENTED_EDGE('',*,*,#9197,.T.);
#9197 = EDGE_CURVE('',#213,#4604,#9198,.T.);
#9198 = LINE('',#9199,#9200);
#9199 = CARTESIAN_POINT('',(86.81947,-36.973098,0.));
#9200 = VECTOR('',#9201,1.);
#9201 = DIRECTION('',(0.,0.,1.));
#9202 = ORIENTED_EDGE('',*,*,#4603,.T.);
#9203 = ORIENTED_EDGE('',*,*,#9163,.F.);
#9204 = ORIENTED_EDGE('',*,*,#212,.F.);
#9205 = PLANE('',#9206);
#9206 = AXIS2_PLACEMENT_3D('',#9207,#9208,#9209);
#9207 = CARTESIAN_POINT('',(86.81947,-36.973098,0.));
#9208 = DIRECTION('',(-0.710112621213,0.704088108971,0.));
#9209 = DIRECTION('',(0.704088108971,0.710112621213,0.));
#9210 = ADVANCED_FACE('',(#9211),#9222,.T.);
#9211 = FACE_BOUND('',#9212,.T.);
#9212 = EDGE_LOOP('',(#9213,#9214,#9215,#9221));
#9213 = ORIENTED_EDGE('',*,*,#9182,.T.);
#9214 = ORIENTED_EDGE('',*,*,#4844,.T.);
#9215 = ORIENTED_EDGE('',*,*,#9216,.F.);
#9216 = EDGE_CURVE('',#446,#4837,#9217,.T.);
#9217 = LINE('',#9218,#9219);
#9218 = CARTESIAN_POINT('',(240.40997,-122.934984,0.));
#9219 = VECTOR('',#9220,1.);
#9220 = DIRECTION('',(0.,0.,1.));
#9221 = ORIENTED_EDGE('',*,*,#453,.F.);
#9222 = PLANE('',#9223);
#9223 = AXIS2_PLACEMENT_3D('',#9224,#9225,#9226);
#9224 = CARTESIAN_POINT('',(240.565874,-122.932425,0.));
#9225 = DIRECTION('',(1.641173638747E-02,-0.999865318385,0.));
#9226 = DIRECTION('',(-0.999865318385,-1.641173638747E-02,0.));
#9227 = ADVANCED_FACE('',(#9228),#9239,.T.);
#9228 = FACE_BOUND('',#9229,.T.);
#9229 = EDGE_LOOP('',(#9230,#9236,#9237,#9238));
#9230 = ORIENTED_EDGE('',*,*,#9231,.T.);
#9231 = EDGE_CURVE('',#221,#4612,#9232,.T.);
#9232 = LINE('',#9233,#9234);
#9233 = CARTESIAN_POINT('',(86.66714,-37.143113,0.));
#9234 = VECTOR('',#9235,1.);
#9235 = DIRECTION('',(0.,0.,1.));
#9236 = ORIENTED_EDGE('',*,*,#4611,.T.);
#9237 = ORIENTED_EDGE('',*,*,#9197,.F.);
#9238 = ORIENTED_EDGE('',*,*,#220,.F.);
#9239 = PLANE('',#9240);
#9240 = AXIS2_PLACEMENT_3D('',#9241,#9242,#9243);
#9241 = CARTESIAN_POINT('',(86.66714,-37.143113,0.));
#9242 = DIRECTION('',(-0.744781131198,0.667308824018,0.));
#9243 = DIRECTION('',(0.667308824018,0.744781131198,0.));
#9244 = ADVANCED_FACE('',(#9245),#9256,.T.);
#9245 = FACE_BOUND('',#9246,.T.);
#9246 = EDGE_LOOP('',(#9247,#9248,#9249,#9255));
#9247 = ORIENTED_EDGE('',*,*,#9216,.T.);
#9248 = ORIENTED_EDGE('',*,*,#4836,.T.);
#9249 = ORIENTED_EDGE('',*,*,#9250,.F.);
#9250 = EDGE_CURVE('',#437,#4828,#9251,.T.);
#9251 = LINE('',#9252,#9253);
#9252 = CARTESIAN_POINT('',(203.897194,-122.934984,0.));
#9253 = VECTOR('',#9254,1.);
#9254 = DIRECTION('',(0.,0.,1.));
#9255 = ORIENTED_EDGE('',*,*,#445,.F.);
#9256 = PLANE('',#9257);
#9257 = AXIS2_PLACEMENT_3D('',#9258,#9259,#9260);
#9258 = CARTESIAN_POINT('',(240.40997,-122.934984,0.));
#9259 = DIRECTION('',(0.,-1.,0.));
#9260 = DIRECTION('',(-1.,0.,0.));
#9261 = ADVANCED_FACE('',(#9262),#9273,.F.);
#9262 = FACE_BOUND('',#9263,.T.);
#9263 = EDGE_LOOP('',(#9264,#9270,#9271,#9272));
#9264 = ORIENTED_EDGE('',*,*,#9265,.T.);
#9265 = EDGE_CURVE('',#229,#4620,#9266,.T.);
#9266 = LINE('',#9267,#9268);
#9267 = CARTESIAN_POINT('',(83.247595,-38.797484,0.));
#9268 = VECTOR('',#9269,1.);
#9269 = DIRECTION('',(0.,0.,1.));
#9270 = ORIENTED_EDGE('',*,*,#4619,.T.);
#9271 = ORIENTED_EDGE('',*,*,#9231,.F.);
#9272 = ORIENTED_EDGE('',*,*,#228,.F.);
#9273 = CYLINDRICAL_SURFACE('',#9274,5.413091647998);
#9274 = AXIS2_PLACEMENT_3D('',#9275,#9276,#9277);
#9275 = CARTESIAN_POINT('',(82.74980936778,-33.40732902505,0.));
#9276 = DIRECTION('',(-0.,-0.,-1.));
#9277 = DIRECTION('',(9.195957958783E-02,-0.995762740678,0.));
#9278 = ADVANCED_FACE('',(#9279),#9290,.F.);
#9279 = FACE_BOUND('',#9280,.T.);
#9280 = EDGE_LOOP('',(#9281,#9282,#9283,#9289));
#9281 = ORIENTED_EDGE('',*,*,#9250,.T.);
#9282 = ORIENTED_EDGE('',*,*,#4827,.T.);
#9283 = ORIENTED_EDGE('',*,*,#9284,.F.);
#9284 = EDGE_CURVE('',#429,#4820,#9285,.T.);
#9285 = LINE('',#9286,#9287);
#9286 = CARTESIAN_POINT('',(200.477647,-124.589353,0.));
#9287 = VECTOR('',#9288,1.);
#9288 = DIRECTION('',(0.,0.,1.));
#9289 = ORIENTED_EDGE('',*,*,#436,.F.);
#9290 = CYLINDRICAL_SURFACE('',#9291,5.412935977638);
#9291 = AXIS2_PLACEMENT_3D('',#9292,#9293,#9294);
#9292 = CARTESIAN_POINT('',(204.39490294865,-128.3249897235,0.));
#9293 = DIRECTION('',(-0.,-0.,-1.));
#9294 = DIRECTION('',(-9.194805752645E-02,0.995763804683,0.));
#9295 = ADVANCED_FACE('',(#9296),#9307,.T.);
#9296 = FACE_BOUND('',#9297,.T.);
#9297 = EDGE_LOOP('',(#9298,#9304,#9305,#9306));
#9298 = ORIENTED_EDGE('',*,*,#9299,.T.);
#9299 = EDGE_CURVE('',#238,#4629,#9300,.T.);
#9300 = LINE('',#9301,#9302);
#9301 = CARTESIAN_POINT('',(46.73522,-38.797484,0.));
#9302 = VECTOR('',#9303,1.);
#9303 = DIRECTION('',(0.,0.,1.));
#9304 = ORIENTED_EDGE('',*,*,#4628,.T.);
#9305 = ORIENTED_EDGE('',*,*,#9265,.F.);
#9306 = ORIENTED_EDGE('',*,*,#237,.F.);
#9307 = PLANE('',#9308);
#9308 = AXIS2_PLACEMENT_3D('',#9309,#9310,#9311);
#9309 = CARTESIAN_POINT('',(46.73522,-38.797484,0.));
#9310 = DIRECTION('',(0.,1.,0.));
#9311 = DIRECTION('',(1.,0.,0.));
#9312 = ADVANCED_FACE('',(#9313),#9324,.T.);
#9313 = FACE_BOUND('',#9314,.T.);
#9314 = EDGE_LOOP('',(#9315,#9316,#9317,#9323));
#9315 = ORIENTED_EDGE('',*,*,#9284,.T.);
#9316 = ORIENTED_EDGE('',*,*,#4819,.T.);
#9317 = ORIENTED_EDGE('',*,*,#9318,.F.);
#9318 = EDGE_CURVE('',#421,#4812,#9319,.T.);
#9319 = LINE('',#9320,#9321);
#9320 = CARTESIAN_POINT('',(200.325319,-124.75937,0.));
#9321 = VECTOR('',#9322,1.);
#9322 = DIRECTION('',(0.,0.,1.));
#9323 = ORIENTED_EDGE('',*,*,#428,.F.);
#9324 = PLANE('',#9325);
#9325 = AXIS2_PLACEMENT_3D('',#9326,#9327,#9328);
#9326 = CARTESIAN_POINT('',(200.477647,-124.589353,0.));
#9327 = DIRECTION('',(0.744789386964,-0.667299609671,0.));
#9328 = DIRECTION('',(-0.667299609671,-0.744789386964,0.));
#9329 = ADVANCED_FACE('',(#9330),#9341,.T.);
#9330 = FACE_BOUND('',#9331,.T.);
#9331 = EDGE_LOOP('',(#9332,#9338,#9339,#9340));
#9332 = ORIENTED_EDGE('',*,*,#9333,.T.);
#9333 = EDGE_CURVE('',#246,#4637,#9334,.T.);
#9334 = LINE('',#9335,#9336);
#9335 = CARTESIAN_POINT('',(46.73497,-38.797484,0.));
#9336 = VECTOR('',#9337,1.);
#9337 = DIRECTION('',(0.,0.,1.));
#9338 = ORIENTED_EDGE('',*,*,#4636,.T.);
#9339 = ORIENTED_EDGE('',*,*,#9299,.F.);
#9340 = ORIENTED_EDGE('',*,*,#245,.F.);
#9341 = PLANE('',#9342);
#9342 = AXIS2_PLACEMENT_3D('',#9343,#9344,#9345);
#9343 = CARTESIAN_POINT('',(46.73497,-38.797484,0.));
#9344 = DIRECTION('',(0.,1.,0.));
#9345 = DIRECTION('',(1.,0.,0.));
#9346 = ADVANCED_FACE('',(#9347),#9358,.T.);
#9347 = FACE_BOUND('',#9348,.T.);
#9348 = EDGE_LOOP('',(#9349,#9350,#9351,#9357));
#9349 = ORIENTED_EDGE('',*,*,#9318,.T.);
#9350 = ORIENTED_EDGE('',*,*,#4811,.T.);
#9351 = ORIENTED_EDGE('',*,*,#9352,.F.);
#9352 = EDGE_CURVE('',#412,#4803,#9353,.T.);
#9353 = LINE('',#9354,#9355);
#9354 = CARTESIAN_POINT('',(197.756621,-127.350047,0.));
#9355 = VECTOR('',#9356,1.);
#9356 = DIRECTION('',(0.,0.,1.));
#9357 = ORIENTED_EDGE('',*,*,#420,.F.);
#9358 = PLANE('',#9359);
#9359 = AXIS2_PLACEMENT_3D('',#9360,#9361,#9362);
#9360 = CARTESIAN_POINT('',(200.325319,-124.75937,0.));
#9361 = DIRECTION('',(0.710112621213,-0.704088108971,0.));
#9362 = DIRECTION('',(-0.704088108971,-0.710112621213,0.));
#9363 = ADVANCED_FACE('',(#9364),#9375,.T.);
#9364 = FACE_BOUND('',#9365,.T.);
#9365 = EDGE_LOOP('',(#9366,#9372,#9373,#9374));
#9366 = ORIENTED_EDGE('',*,*,#9367,.T.);
#9367 = EDGE_CURVE('',#254,#4645,#9368,.T.);
#9368 = LINE('',#9369,#9370);
#9369 = CARTESIAN_POINT('',(46.579052,-38.799919,0.));
#9370 = VECTOR('',#9371,1.);
#9371 = DIRECTION('',(0.,0.,1.));
#9372 = ORIENTED_EDGE('',*,*,#4644,.T.);
#9373 = ORIENTED_EDGE('',*,*,#9333,.F.);
#9374 = ORIENTED_EDGE('',*,*,#253,.F.);
#9375 = PLANE('',#9376);
#9376 = AXIS2_PLACEMENT_3D('',#9377,#9378,#9379);
#9377 = CARTESIAN_POINT('',(46.579052,-38.799919,0.));
#9378 = DIRECTION('',(-1.561527925207E-02,0.999878074094,0.));
#9379 = DIRECTION('',(0.999878074094,1.561527925207E-02,0.));
#9380 = ADVANCED_FACE('',(#9381),#9392,.T.);
#9381 = FACE_BOUND('',#9382,.T.);
#9382 = EDGE_LOOP('',(#9383,#9384,#9385,#9391));
#9383 = ORIENTED_EDGE('',*,*,#9352,.T.);
#9384 = ORIENTED_EDGE('',*,*,#4802,.T.);
#9385 = ORIENTED_EDGE('',*,*,#9386,.F.);
#9386 = EDGE_CURVE('',#404,#4795,#9387,.T.);
#9387 = LINE('',#9388,#9389);
#9388 = CARTESIAN_POINT('',(194.27294,-127.457072,0.));
#9389 = VECTOR('',#9390,1.);
#9390 = DIRECTION('',(0.,0.,1.));
#9391 = ORIENTED_EDGE('',*,*,#411,.F.);
#9392 = CYLINDRICAL_SURFACE('',#9393,2.539217992294);
#9393 = AXIS2_PLACEMENT_3D('',#9394,#9395,#9396);
#9394 = CARTESIAN_POINT('',(195.95806949609,-125.5576071822,0.));
#9395 = DIRECTION('',(-0.,0.,-1.));
#9396 = DIRECTION('',(0.708309215422,-0.705902298727,-0.));
#9397 = ADVANCED_FACE('',(#9398),#9409,.T.);
#9398 = FACE_BOUND('',#9399,.T.);
#9399 = EDGE_LOOP('',(#9400,#9406,#9407,#9408));
#9400 = ORIENTED_EDGE('',*,*,#9401,.T.);
#9401 = EDGE_CURVE('',#262,#4653,#9402,.T.);
#9402 = LINE('',#9403,#9404);
#9403 = CARTESIAN_POINT('',(44.35372,-41.178734,0.));
#9404 = VECTOR('',#9405,1.);
#9405 = DIRECTION('',(0.,0.,1.));
#9406 = ORIENTED_EDGE('',*,*,#4652,.T.);
#9407 = ORIENTED_EDGE('',*,*,#9367,.F.);
#9408 = ORIENTED_EDGE('',*,*,#261,.F.);
#9409 = CYLINDRICAL_SURFACE('',#9410,2.378891018556);
#9410 = AXIS2_PLACEMENT_3D('',#9411,#9412,#9413);
#9411 = CARTESIAN_POINT('',(46.732606002932,-41.1738490003,0.));
#9412 = DIRECTION('',(0.,0.,-1.));
#9413 = DIRECTION('',(-0.999997891612,-2.053477715511E-03,-0.));
#9414 = ADVANCED_FACE('',(#9415),#9426,.T.);
#9415 = FACE_BOUND('',#9416,.T.);
#9416 = EDGE_LOOP('',(#9417,#9418,#9419,#9425));
#9417 = ORIENTED_EDGE('',*,*,#9386,.T.);
#9418 = ORIENTED_EDGE('',*,*,#4794,.T.);
#9419 = ORIENTED_EDGE('',*,*,#9420,.F.);
#9420 = EDGE_CURVE('',#396,#4787,#9421,.T.);
#9421 = LINE('',#9422,#9423);
#9422 = CARTESIAN_POINT('',(194.162767,-127.350047,0.));
#9423 = VECTOR('',#9424,1.);
#9424 = DIRECTION('',(0.,0.,1.));
#9425 = ORIENTED_EDGE('',*,*,#403,.F.);
#9426 = PLANE('',#9427);
#9427 = AXIS2_PLACEMENT_3D('',#9428,#9429,#9430);
#9428 = CARTESIAN_POINT('',(194.27294,-127.457072,0.));
#9429 = DIRECTION('',(-0.696785014347,-0.717280031634,0.));
#9430 = DIRECTION('',(-0.717280031634,0.696785014347,0.));
#9431 = ADVANCED_FACE('',(#9432),#9443,.T.);
#9432 = FACE_BOUND('',#9433,.T.);
#9433 = EDGE_LOOP('',(#9434,#9440,#9441,#9442));
#9434 = ORIENTED_EDGE('',*,*,#9435,.T.);
#9435 = EDGE_CURVE('',#271,#4662,#9436,.T.);
#9436 = LINE('',#9437,#9438);
#9437 = CARTESIAN_POINT('',(44.35372,-120.553734,0.));
#9438 = VECTOR('',#9439,1.);
#9439 = DIRECTION('',(0.,0.,1.));
#9440 = ORIENTED_EDGE('',*,*,#4661,.T.);
#9441 = ORIENTED_EDGE('',*,*,#9401,.F.);
#9442 = ORIENTED_EDGE('',*,*,#270,.F.);
#9443 = PLANE('',#9444);
#9444 = AXIS2_PLACEMENT_3D('',#9445,#9446,#9447);
#9445 = CARTESIAN_POINT('',(44.35372,-120.553734,0.));
#9446 = DIRECTION('',(-1.,0.,0.));
#9447 = DIRECTION('',(0.,1.,0.));
#9448 = ADVANCED_FACE('',(#9449),#9460,.T.);
#9449 = FACE_BOUND('',#9450,.T.);
#9450 = EDGE_LOOP('',(#9451,#9452,#9453,#9459));
#9451 = ORIENTED_EDGE('',*,*,#9420,.T.);
#9452 = ORIENTED_EDGE('',*,*,#4786,.T.);
#9453 = ORIENTED_EDGE('',*,*,#9454,.F.);
#9454 = EDGE_CURVE('',#387,#4778,#9455,.T.);
#9455 = LINE('',#9456,#9457);
#9456 = CARTESIAN_POINT('',(191.594069,-124.75937,0.));
#9457 = VECTOR('',#9458,1.);
#9458 = DIRECTION('',(0.,0.,1.));
#9459 = ORIENTED_EDGE('',*,*,#395,.F.);
#9460 = PLANE('',#9461);
#9461 = AXIS2_PLACEMENT_3D('',#9462,#9463,#9464);
#9462 = CARTESIAN_POINT('',(194.162767,-127.350047,0.));
#9463 = DIRECTION('',(-0.710112621213,-0.704088108971,0.));
#9464 = DIRECTION('',(-0.704088108971,0.710112621213,0.));
#9465 = ADVANCED_FACE('',(#9466),#9477,.T.);
#9466 = FACE_BOUND('',#9467,.T.);
#9467 = EDGE_LOOP('',(#9468,#9474,#9475,#9476));
#9468 = ORIENTED_EDGE('',*,*,#9469,.T.);
#9469 = EDGE_CURVE('',#279,#4670,#9470,.T.);
#9470 = LINE('',#9471,#9472);
#9471 = CARTESIAN_POINT('',(44.356274,-120.709641,0.));
#9472 = VECTOR('',#9473,1.);
#9473 = DIRECTION('',(0.,0.,1.));
#9474 = ORIENTED_EDGE('',*,*,#4669,.T.);
#9475 = ORIENTED_EDGE('',*,*,#9435,.F.);
#9476 = ORIENTED_EDGE('',*,*,#278,.F.);
#9477 = PLANE('',#9478);
#9478 = AXIS2_PLACEMENT_3D('',#9479,#9480,#9481);
#9479 = CARTESIAN_POINT('',(44.356274,-120.709641,0.));
#9480 = DIRECTION('',(-0.999865849232,-1.637936320329E-02,0.));
#9481 = DIRECTION('',(-1.637936320329E-02,0.999865849232,0.));
#9482 = ADVANCED_FACE('',(#9483),#9494,.F.);
#9483 = FACE_BOUND('',#9484,.T.);
#9484 = EDGE_LOOP('',(#9485,#9486,#9487,#9493));
#9485 = ORIENTED_EDGE('',*,*,#9454,.T.);
#9486 = ORIENTED_EDGE('',*,*,#4777,.T.);
#9487 = ORIENTED_EDGE('',*,*,#9488,.F.);
#9488 = EDGE_CURVE('',#379,#4770,#9489,.T.);
#9489 = LINE('',#9490,#9491);
#9490 = CARTESIAN_POINT('',(188.249232,-122.95873,0.));
#9491 = VECTOR('',#9492,1.);
#9492 = DIRECTION('',(0.,0.,1.));
#9493 = ORIENTED_EDGE('',*,*,#386,.F.);
#9494 = CYLINDRICAL_SURFACE('',#9495,5.412607143049);
#9495 = AXIS2_PLACEMENT_3D('',#9496,#9497,#9498);
#9496 = CARTESIAN_POINT('',(187.5191600408,-128.3218737627,0.));
#9497 = DIRECTION('',(-0.,-0.,-1.));
#9498 = DIRECTION('',(0.752855112426,0.658186280391,-0.));
#9499 = ADVANCED_FACE('',(#9500),#9511,.T.);
#9500 = FACE_BOUND('',#9501,.T.);
#9501 = EDGE_LOOP('',(#9502,#9508,#9509,#9510));
#9502 = ORIENTED_EDGE('',*,*,#9503,.T.);
#9503 = EDGE_CURVE('',#287,#4678,#9504,.T.);
#9504 = LINE('',#9505,#9506);
#9505 = CARTESIAN_POINT('',(46.73497,-122.934984,0.));
#9506 = VECTOR('',#9507,1.);
#9507 = DIRECTION('',(0.,0.,1.));
#9508 = ORIENTED_EDGE('',*,*,#4677,.T.);
#9509 = ORIENTED_EDGE('',*,*,#9469,.F.);
#9510 = ORIENTED_EDGE('',*,*,#286,.F.);
#9511 = CYLINDRICAL_SURFACE('',#9512,2.379162012161);
#9512 = AXIS2_PLACEMENT_3D('',#9513,#9514,#9515);
#9513 = CARTESIAN_POINT('',(46.730458682665,-120.5558262649,0.));
#9514 = DIRECTION('',(0.,0.,-1.));
#9515 = DIRECTION('',(1.896179121982E-03,-0.999998202251,0.));
#9516 = ADVANCED_FACE('',(#9517),#9528,.T.);
#9517 = FACE_BOUND('',#9518,.T.);
#9518 = EDGE_LOOP('',(#9519,#9520,#9521,#9527));
#9519 = ORIENTED_EDGE('',*,*,#9488,.T.);
#9520 = ORIENTED_EDGE('',*,*,#4769,.T.);
#9521 = ORIENTED_EDGE('',*,*,#9522,.F.);
#9522 = EDGE_CURVE('',#371,#4762,#9523,.T.);
#9523 = LINE('',#9524,#9525);
#9524 = CARTESIAN_POINT('',(188.022194,-122.934984,0.));
#9525 = VECTOR('',#9526,1.);
#9526 = DIRECTION('',(0.,0.,1.));
#9527 = ORIENTED_EDGE('',*,*,#378,.F.);
#9528 = PLANE('',#9529);
#9529 = AXIS2_PLACEMENT_3D('',#9530,#9531,#9532);
#9530 = CARTESIAN_POINT('',(188.249232,-122.95873,0.));
#9531 = DIRECTION('',(-0.104023006568,-0.994574891149,0.));
#9532 = DIRECTION('',(-0.994574891149,0.104023006568,0.));
#9533 = ADVANCED_FACE('',(#9534),#9545,.T.);
#9534 = FACE_BOUND('',#9535,.T.);
#9535 = EDGE_LOOP('',(#9536,#9542,#9543,#9544));
#9536 = ORIENTED_EDGE('',*,*,#9537,.T.);
#9537 = EDGE_CURVE('',#296,#4687,#9538,.T.);
#9538 = LINE('',#9539,#9540);
#9539 = CARTESIAN_POINT('',(83.247345,-122.934984,0.));
#9540 = VECTOR('',#9541,1.);
#9541 = DIRECTION('',(0.,0.,1.));
#9542 = ORIENTED_EDGE('',*,*,#4686,.T.);
#9543 = ORIENTED_EDGE('',*,*,#9503,.F.);
#9544 = ORIENTED_EDGE('',*,*,#295,.F.);
#9545 = PLANE('',#9546);
#9546 = AXIS2_PLACEMENT_3D('',#9547,#9548,#9549);
#9547 = CARTESIAN_POINT('',(83.247345,-122.934984,0.));
#9548 = DIRECTION('',(0.,-1.,0.));
#9549 = DIRECTION('',(-1.,0.,0.));
#9550 = ADVANCED_FACE('',(#9551),#9562,.T.);
#9551 = FACE_BOUND('',#9552,.T.);
#9552 = EDGE_LOOP('',(#9553,#9554,#9555,#9561));
#9553 = ORIENTED_EDGE('',*,*,#9522,.T.);
#9554 = ORIENTED_EDGE('',*,*,#4761,.T.);
#9555 = ORIENTED_EDGE('',*,*,#9556,.F.);
#9556 = EDGE_CURVE('',#362,#4753,#9557,.T.);
#9557 = LINE('',#9558,#9559);
#9558 = CARTESIAN_POINT('',(99.122345,-122.934984,0.));
#9559 = VECTOR('',#9560,1.);
#9560 = DIRECTION('',(0.,0.,1.));
#9561 = ORIENTED_EDGE('',*,*,#370,.F.);
#9562 = PLANE('',#9563);
#9563 = AXIS2_PLACEMENT_3D('',#9564,#9565,#9566);
#9564 = CARTESIAN_POINT('',(188.022194,-122.934984,0.));
#9565 = DIRECTION('',(0.,-1.,0.));
#9566 = DIRECTION('',(-1.,0.,0.));
#9567 = ADVANCED_FACE('',(#9568),#9579,.T.);
#9568 = FACE_BOUND('',#9569,.T.);
#9569 = EDGE_LOOP('',(#9570,#9576,#9577,#9578));
#9570 = ORIENTED_EDGE('',*,*,#9571,.T.);
#9571 = EDGE_CURVE('',#304,#4695,#9572,.T.);
#9572 = LINE('',#9573,#9574);
#9573 = CARTESIAN_POINT('',(83.474381,-122.958735,0.));
#9574 = VECTOR('',#9575,1.);
#9575 = DIRECTION('',(0.,0.,1.));
#9576 = ORIENTED_EDGE('',*,*,#4694,.T.);
#9577 = ORIENTED_EDGE('',*,*,#9537,.F.);
#9578 = ORIENTED_EDGE('',*,*,#303,.F.);
#9579 = PLANE('',#9580);
#9580 = AXIS2_PLACEMENT_3D('',#9581,#9582,#9583);
#9581 = CARTESIAN_POINT('',(83.474381,-122.958735,0.));
#9582 = DIRECTION('',(-0.104045579379,-0.994572529991,0.));
#9583 = DIRECTION('',(-0.994572529991,0.104045579379,0.));
#9584 = ADVANCED_FACE('',(#9585),#9596,.F.);
#9585 = FACE_BOUND('',#9586,.T.);
#9586 = EDGE_LOOP('',(#9587,#9588,#9589,#9595));
#9587 = ORIENTED_EDGE('',*,*,#9556,.T.);
#9588 = ORIENTED_EDGE('',*,*,#4752,.T.);
#9589 = ORIENTED_EDGE('',*,*,#9590,.F.);
#9590 = EDGE_CURVE('',#354,#4745,#9591,.T.);
#9591 = LINE('',#9592,#9593);
#9592 = CARTESIAN_POINT('',(95.702801,-124.589357,0.));
#9593 = VECTOR('',#9594,1.);
#9594 = DIRECTION('',(0.,0.,1.));
#9595 = ORIENTED_EDGE('',*,*,#361,.F.);
#9596 = CYLINDRICAL_SURFACE('',#9597,5.41337876892);
#9597 = AXIS2_PLACEMENT_3D('',#9598,#9599,#9600);
#9598 = CARTESIAN_POINT('',(99.620267353585,-128.3254146901,0.));
#9599 = DIRECTION('',(-0.,-0.,-1.));
#9600 = DIRECTION('',(-9.197995832908E-02,0.995760858472,0.));
#9601 = ADVANCED_FACE('',(#9602),#9613,.F.);
#9602 = FACE_BOUND('',#9603,.T.);
#9603 = EDGE_LOOP('',(#9604,#9610,#9611,#9612));
#9604 = ORIENTED_EDGE('',*,*,#9605,.T.);
#9605 = EDGE_CURVE('',#312,#4703,#9606,.T.);
#9606 = LINE('',#9607,#9608);
#9607 = CARTESIAN_POINT('',(86.81922,-124.75937,0.));
#9608 = VECTOR('',#9609,1.);
#9609 = DIRECTION('',(0.,0.,1.));
#9610 = ORIENTED_EDGE('',*,*,#4702,.T.);
#9611 = ORIENTED_EDGE('',*,*,#9571,.F.);
#9612 = ORIENTED_EDGE('',*,*,#311,.F.);
#9613 = CYLINDRICAL_SURFACE('',#9614,5.413074746455);
#9614 = AXIS2_PLACEMENT_3D('',#9615,#9616,#9617);
#9615 = CARTESIAN_POINT('',(82.744079572353,-128.3223194391,0.));
#9616 = DIRECTION('',(-0.,-0.,-1.));
#9617 = DIRECTION('',(0.752832838733,0.658211756903,-0.));
#9618 = ADVANCED_FACE('',(#9619),#9630,.T.);
#9619 = FACE_BOUND('',#9620,.T.);
#9620 = EDGE_LOOP('',(#9621,#9622,#9623,#9629));
#9621 = ORIENTED_EDGE('',*,*,#9590,.T.);
#9622 = ORIENTED_EDGE('',*,*,#4744,.T.);
#9623 = ORIENTED_EDGE('',*,*,#9624,.F.);
#9624 = EDGE_CURVE('',#346,#4737,#9625,.T.);
#9625 = LINE('',#9626,#9627);
#9626 = CARTESIAN_POINT('',(95.55047,-124.75937,0.));
#9627 = VECTOR('',#9628,1.);
#9628 = DIRECTION('',(0.,0.,1.));
#9629 = ORIENTED_EDGE('',*,*,#353,.F.);
#9630 = PLANE('',#9631);
#9631 = AXIS2_PLACEMENT_3D('',#9632,#9633,#9634);
#9632 = CARTESIAN_POINT('',(95.702801,-124.589357,0.));
#9633 = DIRECTION('',(0.74477505251,-0.667315608359,0.));
#9634 = DIRECTION('',(-0.667315608359,-0.74477505251,0.));
#9635 = ADVANCED_FACE('',(#9636),#9647,.T.);
#9636 = FACE_BOUND('',#9637,.T.);
#9637 = EDGE_LOOP('',(#9638,#9644,#9645,#9646));
#9638 = ORIENTED_EDGE('',*,*,#9639,.T.);
#9639 = EDGE_CURVE('',#321,#4712,#9640,.T.);
#9640 = LINE('',#9641,#9642);
#9641 = CARTESIAN_POINT('',(89.387918,-127.350047,0.));
#9642 = VECTOR('',#9643,1.);
#9643 = DIRECTION('',(0.,0.,1.));
#9644 = ORIENTED_EDGE('',*,*,#4711,.T.);
#9645 = ORIENTED_EDGE('',*,*,#9605,.F.);
#9646 = ORIENTED_EDGE('',*,*,#320,.F.);
#9647 = PLANE('',#9648);
#9648 = AXIS2_PLACEMENT_3D('',#9649,#9650,#9651);
#9649 = CARTESIAN_POINT('',(89.387918,-127.350047,0.));
#9650 = DIRECTION('',(-0.710112621213,-0.704088108971,0.));
#9651 = DIRECTION('',(-0.704088108971,0.710112621213,0.));
#9652 = ADVANCED_FACE('',(#9653),#9664,.T.);
#9653 = FACE_BOUND('',#9654,.T.);
#9654 = EDGE_LOOP('',(#9655,#9656,#9657,#9663));
#9655 = ORIENTED_EDGE('',*,*,#9624,.T.);
#9656 = ORIENTED_EDGE('',*,*,#4736,.T.);
#9657 = ORIENTED_EDGE('',*,*,#9658,.F.);
#9658 = EDGE_CURVE('',#337,#4728,#9659,.T.);
#9659 = LINE('',#9660,#9661);
#9660 = CARTESIAN_POINT('',(92.981772,-127.350047,0.));
#9661 = VECTOR('',#9662,1.);
#9662 = DIRECTION('',(0.,0.,1.));
#9663 = ORIENTED_EDGE('',*,*,#345,.F.);
#9664 = PLANE('',#9665);
#9665 = AXIS2_PLACEMENT_3D('',#9666,#9667,#9668);
#9666 = CARTESIAN_POINT('',(95.55047,-124.75937,0.));
#9667 = DIRECTION('',(0.710112621213,-0.704088108971,0.));
#9668 = DIRECTION('',(-0.704088108971,-0.710112621213,0.));
#9669 = ADVANCED_FACE('',(#9670),#9681,.T.);
#9670 = FACE_BOUND('',#9671,.T.);
#9671 = EDGE_LOOP('',(#9672,#9678,#9679,#9680));
#9672 = ORIENTED_EDGE('',*,*,#9673,.T.);
#9673 = EDGE_CURVE('',#329,#4720,#9674,.T.);
#9674 = LINE('',#9675,#9676);
#9675 = CARTESIAN_POINT('',(89.498091,-127.457072,0.));
#9676 = VECTOR('',#9677,1.);
#9677 = DIRECTION('',(0.,0.,1.));
#9678 = ORIENTED_EDGE('',*,*,#4719,.T.);
#9679 = ORIENTED_EDGE('',*,*,#9639,.F.);
#9680 = ORIENTED_EDGE('',*,*,#328,.F.);
#9681 = PLANE('',#9682);
#9682 = AXIS2_PLACEMENT_3D('',#9683,#9684,#9685);
#9683 = CARTESIAN_POINT('',(89.498091,-127.457072,0.));
#9684 = DIRECTION('',(-0.696785014347,-0.717280031634,0.));
#9685 = DIRECTION('',(-0.717280031634,0.696785014347,0.));
#9686 = ADVANCED_FACE('',(#9687),#9693,.T.);
#9687 = FACE_BOUND('',#9688,.T.);
#9688 = EDGE_LOOP('',(#9689,#9690,#9691,#9692));
#9689 = ORIENTED_EDGE('',*,*,#9658,.T.);
#9690 = ORIENTED_EDGE('',*,*,#4727,.T.);
#9691 = ORIENTED_EDGE('',*,*,#9673,.F.);
#9692 = ORIENTED_EDGE('',*,*,#336,.F.);
#9693 = CYLINDRICAL_SURFACE('',#9694,2.539217992294);
#9694 = AXIS2_PLACEMENT_3D('',#9695,#9696,#9697);
#9695 = CARTESIAN_POINT('',(91.183220496092,-125.5576071822,0.));
#9696 = DIRECTION('',(-0.,0.,-1.));
#9697 = DIRECTION('',(0.708309215422,-0.705902298727,-0.));
#9698 = ADVANCED_FACE('',(#9699),#9710,.F.);
#9699 = FACE_BOUND('',#9700,.T.);
#9700 = EDGE_LOOP('',(#9701,#9702,#9708,#9709));
#9701 = ORIENTED_EDGE('',*,*,#529,.T.);
#9702 = ORIENTED_EDGE('',*,*,#9703,.T.);
#9703 = EDGE_CURVE('',#530,#4921,#9704,.T.);
#9704 = LINE('',#9705,#9706);
#9705 = CARTESIAN_POINT('',(91.18497,-126.813109,-4.5E-02));
#9706 = VECTOR('',#9707,1.);
#9707 = DIRECTION('',(0.,0.,1.));
#9708 = ORIENTED_EDGE('',*,*,#4920,.F.);
#9709 = ORIENTED_EDGE('',*,*,#9703,.F.);
#9710 = CYLINDRICAL_SURFACE('',#9711,1.1);
#9711 = AXIS2_PLACEMENT_3D('',#9712,#9713,#9714);
#9712 = CARTESIAN_POINT('',(91.18497,-125.713109,-4.5E-02));
#9713 = DIRECTION('',(-0.,0.,-1.));
#9714 = DIRECTION('',(1.2918958832E-14,-1.,-0.));
#9715 = ADVANCED_FACE('',(#9716),#9732,.F.);
#9716 = FACE_BOUND('',#9717,.T.);
#9717 = EDGE_LOOP('',(#9718,#9724,#9725,#9731));
#9718 = ORIENTED_EDGE('',*,*,#9719,.T.);
#9719 = EDGE_CURVE('',#541,#4932,#9720,.T.);
#9720 = LINE('',#9721,#9722);
#9721 = CARTESIAN_POINT('',(48.96622,-107.203734,0.));
#9722 = VECTOR('',#9723,1.);
#9723 = DIRECTION('',(0.,0.,1.));
#9724 = ORIENTED_EDGE('',*,*,#4931,.T.);
#9725 = ORIENTED_EDGE('',*,*,#9726,.F.);
#9726 = EDGE_CURVE('',#543,#4934,#9727,.T.);
#9727 = LINE('',#9728,#9729);
#9728 = CARTESIAN_POINT('',(48.468163,-107.638162,0.));
#9729 = VECTOR('',#9730,1.);
#9730 = DIRECTION('',(0.,0.,1.));
#9731 = ORIENTED_EDGE('',*,*,#540,.F.);
#9732 = CYLINDRICAL_SURFACE('',#9733,0.49760436513);
#9733 = AXIS2_PLACEMENT_3D('',#9734,#9735,#9736);
#9734 = CARTESIAN_POINT('',(48.961743181199,-107.7013182263,0.));
#9735 = DIRECTION('',(-0.,-0.,-1.));
#9736 = DIRECTION('',(8.996743425823E-03,0.999959528485,-0.));
#9737 = ADVANCED_FACE('',(#9738),#9749,.T.);
#9738 = FACE_BOUND('',#9739,.T.);
#9739 = EDGE_LOOP('',(#9740,#9746,#9747,#9748));
#9740 = ORIENTED_EDGE('',*,*,#9741,.T.);
#9741 = EDGE_CURVE('',#552,#4943,#9742,.T.);
#9742 = LINE('',#9743,#9744);
#9743 = CARTESIAN_POINT('',(61.96622,-107.203734,0.));
#9744 = VECTOR('',#9745,1.);
#9745 = DIRECTION('',(0.,0.,1.));
#9746 = ORIENTED_EDGE('',*,*,#4942,.T.);
#9747 = ORIENTED_EDGE('',*,*,#9719,.F.);
#9748 = ORIENTED_EDGE('',*,*,#551,.F.);
#9749 = PLANE('',#9750);
#9750 = AXIS2_PLACEMENT_3D('',#9751,#9752,#9753);
#9751 = CARTESIAN_POINT('',(61.96622,-107.203734,0.));
#9752 = DIRECTION('',(0.,-1.,0.));
#9753 = DIRECTION('',(-1.,0.,0.));
#9754 = ADVANCED_FACE('',(#9755),#9766,.T.);
#9755 = FACE_BOUND('',#9756,.T.);
#9756 = EDGE_LOOP('',(#9757,#9758,#9759,#9765));
#9757 = ORIENTED_EDGE('',*,*,#9726,.T.);
#9758 = ORIENTED_EDGE('',*,*,#5033,.T.);
#9759 = ORIENTED_EDGE('',*,*,#9760,.F.);
#9760 = EDGE_CURVE('',#635,#5026,#9761,.T.);
#9761 = LINE('',#9762,#9763);
#9762 = CARTESIAN_POINT('',(48.46622,-107.703734,0.));
#9763 = VECTOR('',#9764,1.);
#9764 = DIRECTION('',(0.,0.,1.));
#9765 = ORIENTED_EDGE('',*,*,#642,.F.);
#9766 = PLANE('',#9767);
#9767 = AXIS2_PLACEMENT_3D('',#9768,#9769,#9770);
#9768 = CARTESIAN_POINT('',(48.468163,-107.638162,0.));
#9769 = DIRECTION('',(0.99956127451,-2.961854993549E-02,0.));
#9770 = DIRECTION('',(-2.961854993549E-02,-0.99956127451,0.));
#9771 = ADVANCED_FACE('',(#9772),#9783,.T.);
#9772 = FACE_BOUND('',#9773,.T.);
#9773 = EDGE_LOOP('',(#9774,#9780,#9781,#9782));
#9774 = ORIENTED_EDGE('',*,*,#9775,.T.);
#9775 = EDGE_CURVE('',#560,#4951,#9776,.T.);
#9776 = LINE('',#9777,#9778);
#9777 = CARTESIAN_POINT('',(62.031786,-107.205684,0.));
#9778 = VECTOR('',#9779,1.);
#9779 = DIRECTION('',(0.,0.,1.));
#9780 = ORIENTED_EDGE('',*,*,#4950,.T.);
#9781 = ORIENTED_EDGE('',*,*,#9741,.F.);
#9782 = ORIENTED_EDGE('',*,*,#559,.F.);
#9783 = PLANE('',#9784);
#9784 = AXIS2_PLACEMENT_3D('',#9785,#9786,#9787);
#9785 = CARTESIAN_POINT('',(62.031786,-107.205684,0.));
#9786 = DIRECTION('',(-2.972787963877E-02,-0.999558028917,0.));
#9787 = DIRECTION('',(-0.999558028917,2.972787963877E-02,0.));
#9788 = ADVANCED_FACE('',(#9789),#9800,.T.);
#9789 = FACE_BOUND('',#9790,.T.);
#9790 = EDGE_LOOP('',(#9791,#9792,#9793,#9799));
#9791 = ORIENTED_EDGE('',*,*,#9760,.T.);
#9792 = ORIENTED_EDGE('',*,*,#5025,.T.);
#9793 = ORIENTED_EDGE('',*,*,#9794,.F.);
#9794 = EDGE_CURVE('',#627,#5018,#9795,.T.);
#9795 = LINE('',#9796,#9797);
#9796 = CARTESIAN_POINT('',(48.46622,-120.703734,0.));
#9797 = VECTOR('',#9798,1.);
#9798 = DIRECTION('',(0.,0.,1.));
#9799 = ORIENTED_EDGE('',*,*,#634,.F.);
#9800 = PLANE('',#9801);
#9801 = AXIS2_PLACEMENT_3D('',#9802,#9803,#9804);
#9802 = CARTESIAN_POINT('',(48.46622,-107.703734,0.));
#9803 = DIRECTION('',(1.,0.,-0.));
#9804 = DIRECTION('',(0.,-1.,0.));
#9805 = ADVANCED_FACE('',(#9806),#9817,.F.);
#9806 = FACE_BOUND('',#9807,.T.);
#9807 = EDGE_LOOP('',(#9808,#9814,#9815,#9816));
#9808 = ORIENTED_EDGE('',*,*,#9809,.T.);
#9809 = EDGE_CURVE('',#568,#4959,#9810,.T.);
#9810 = LINE('',#9811,#9812);
#9811 = CARTESIAN_POINT('',(62.46622,-107.703734,0.));
#9812 = VECTOR('',#9813,1.);
#9813 = DIRECTION('',(0.,0.,1.));
#9814 = ORIENTED_EDGE('',*,*,#4958,.T.);
#9815 = ORIENTED_EDGE('',*,*,#9775,.F.);
#9816 = ORIENTED_EDGE('',*,*,#567,.F.);
#9817 = CYLINDRICAL_SURFACE('',#9818,0.497726394619);
#9818 = AXIS2_PLACEMENT_3D('',#9819,#9820,#9821);
#9819 = CARTESIAN_POINT('',(61.968512717805,-107.699372217,0.));
#9820 = DIRECTION('',(-0.,-0.,-1.));
#9821 = DIRECTION('',(0.999961600542,-8.763414981357E-03,0.));
#9822 = ADVANCED_FACE('',(#9823),#9834,.T.);
#9823 = FACE_BOUND('',#9824,.T.);
#9824 = EDGE_LOOP('',(#9825,#9826,#9827,#9833));
#9825 = ORIENTED_EDGE('',*,*,#9794,.T.);
#9826 = ORIENTED_EDGE('',*,*,#5017,.T.);
#9827 = ORIENTED_EDGE('',*,*,#9828,.F.);
#9828 = EDGE_CURVE('',#618,#5009,#9829,.T.);
#9829 = LINE('',#9830,#9831);
#9830 = CARTESIAN_POINT('',(48.468984,-120.702618,0.));
#9831 = VECTOR('',#9832,1.);
#9832 = DIRECTION('',(0.,0.,1.));
#9833 = ORIENTED_EDGE('',*,*,#626,.F.);
#9834 = PLANE('',#9835);
#9835 = AXIS2_PLACEMENT_3D('',#9836,#9837,#9838);
#9836 = CARTESIAN_POINT('',(48.46622,-120.703734,0.));
#9837 = DIRECTION('',(-0.374396485847,0.927268715845,0.));
#9838 = DIRECTION('',(0.927268715845,0.374396485847,0.));
#9839 = ADVANCED_FACE('',(#9840),#9851,.T.);
#9840 = FACE_BOUND('',#9841,.T.);
#9841 = EDGE_LOOP('',(#9842,#9848,#9849,#9850));
#9842 = ORIENTED_EDGE('',*,*,#9843,.T.);
#9843 = EDGE_CURVE('',#577,#4968,#9844,.T.);
#9844 = LINE('',#9845,#9846);
#9845 = CARTESIAN_POINT('',(62.46622,-120.703734,0.));
#9846 = VECTOR('',#9847,1.);
#9847 = DIRECTION('',(0.,0.,1.));
#9848 = ORIENTED_EDGE('',*,*,#4967,.T.);
#9849 = ORIENTED_EDGE('',*,*,#9809,.F.);
#9850 = ORIENTED_EDGE('',*,*,#576,.F.);
#9851 = PLANE('',#9852);
#9852 = AXIS2_PLACEMENT_3D('',#9853,#9854,#9855);
#9853 = CARTESIAN_POINT('',(62.46622,-120.703734,0.));
#9854 = DIRECTION('',(-1.,0.,0.));
#9855 = DIRECTION('',(0.,1.,0.));
#9856 = ADVANCED_FACE('',(#9857),#9868,.F.);
#9857 = FACE_BOUND('',#9858,.T.);
#9858 = EDGE_LOOP('',(#9859,#9860,#9861,#9867));
#9859 = ORIENTED_EDGE('',*,*,#9828,.T.);
#9860 = ORIENTED_EDGE('',*,*,#5008,.T.);
#9861 = ORIENTED_EDGE('',*,*,#9862,.F.);
#9862 = EDGE_CURVE('',#610,#5001,#9863,.T.);
#9863 = LINE('',#9864,#9865);
#9864 = CARTESIAN_POINT('',(48.90344,-121.200478,0.));
#9865 = VECTOR('',#9866,1.);
#9866 = DIRECTION('',(0.,0.,1.));
#9867 = ORIENTED_EDGE('',*,*,#617,.F.);
#9868 = CYLINDRICAL_SURFACE('',#9869,0.497855880261);
#9869 = AXIS2_PLACEMENT_3D('',#9870,#9871,#9872);
#9870 = CARTESIAN_POINT('',(48.96682336325,-120.7066733556,0.));
#9871 = DIRECTION('',(-0.,-0.,-1.));
#9872 = DIRECTION('',(-0.99996682371,8.145641778927E-03,0.));
#9873 = ADVANCED_FACE('',(#9874),#9885,.T.);
#9874 = FACE_BOUND('',#9875,.T.);
#9875 = EDGE_LOOP('',(#9876,#9882,#9883,#9884));
#9876 = ORIENTED_EDGE('',*,*,#9877,.T.);
#9877 = EDGE_CURVE('',#585,#4976,#9878,.T.);
#9878 = LINE('',#9879,#9880);
#9879 = CARTESIAN_POINT('',(62.464077,-120.769277,0.));
#9880 = VECTOR('',#9881,1.);
#9881 = DIRECTION('',(0.,0.,1.));
#9882 = ORIENTED_EDGE('',*,*,#4975,.T.);
#9883 = ORIENTED_EDGE('',*,*,#9843,.F.);
#9884 = ORIENTED_EDGE('',*,*,#584,.F.);
#9885 = PLANE('',#9886);
#9886 = AXIS2_PLACEMENT_3D('',#9887,#9888,#9889);
#9887 = CARTESIAN_POINT('',(62.464077,-120.769277,0.));
#9888 = DIRECTION('',(-0.999465910945,3.267863001618E-02,0.));
#9889 = DIRECTION('',(3.267863001618E-02,0.999465910945,0.));
#9890 = ADVANCED_FACE('',(#9891),#9902,.T.);
#9891 = FACE_BOUND('',#9892,.T.);
#9892 = EDGE_LOOP('',(#9893,#9894,#9895,#9901));
#9893 = ORIENTED_EDGE('',*,*,#9862,.T.);
#9894 = ORIENTED_EDGE('',*,*,#5000,.T.);
#9895 = ORIENTED_EDGE('',*,*,#9896,.F.);
#9896 = EDGE_CURVE('',#602,#4993,#9897,.T.);
#9897 = LINE('',#9898,#9899);
#9898 = CARTESIAN_POINT('',(48.96622,-121.203734,0.));
#9899 = VECTOR('',#9900,1.);
#9900 = DIRECTION('',(0.,0.,1.));
#9901 = ORIENTED_EDGE('',*,*,#609,.F.);
#9902 = PLANE('',#9903);
#9903 = AXIS2_PLACEMENT_3D('',#9904,#9905,#9906);
#9904 = CARTESIAN_POINT('',(48.90344,-121.200478,0.));
#9905 = DIRECTION('',(5.179403882981E-02,0.998657788004,-0.));
#9906 = DIRECTION('',(0.998657788004,-5.179403882981E-02,0.));
#9907 = ADVANCED_FACE('',(#9908),#9919,.F.);
#9908 = FACE_BOUND('',#9909,.T.);
#9909 = EDGE_LOOP('',(#9910,#9916,#9917,#9918));
#9910 = ORIENTED_EDGE('',*,*,#9911,.T.);
#9911 = EDGE_CURVE('',#593,#4984,#9912,.T.);
#9912 = LINE('',#9913,#9914);
#9913 = CARTESIAN_POINT('',(61.96622,-121.203734,0.));
#9914 = VECTOR('',#9915,1.);
#9915 = DIRECTION('',(0.,0.,1.));
#9916 = ORIENTED_EDGE('',*,*,#4983,.T.);
#9917 = ORIENTED_EDGE('',*,*,#9877,.F.);
#9918 = ORIENTED_EDGE('',*,*,#592,.F.);
#9919 = CYLINDRICAL_SURFACE('',#9920,0.49788830137);
#9920 = AXIS2_PLACEMENT_3D('',#9921,#9922,#9923);
#9921 = CARTESIAN_POINT('',(61.970243735536,-120.705861958,0.));
#9922 = DIRECTION('',(-0.,-0.,-1.));
#9923 = DIRECTION('',(-8.081602892037E-03,-0.999967343314,0.));
#9924 = ADVANCED_FACE('',(#9925),#9931,.T.);
#9925 = FACE_BOUND('',#9926,.T.);
#9926 = EDGE_LOOP('',(#9927,#9928,#9929,#9930));
#9927 = ORIENTED_EDGE('',*,*,#9896,.T.);
#9928 = ORIENTED_EDGE('',*,*,#4992,.T.);
#9929 = ORIENTED_EDGE('',*,*,#9911,.F.);
#9930 = ORIENTED_EDGE('',*,*,#601,.F.);
#9931 = PLANE('',#9932);
#9932 = AXIS2_PLACEMENT_3D('',#9933,#9934,#9935);
#9933 = CARTESIAN_POINT('',(48.96622,-121.203734,0.));
#9934 = DIRECTION('',(0.,1.,0.));
#9935 = DIRECTION('',(1.,0.,0.));
#9936 = ADVANCED_FACE('',(#9937),#9953,.F.);
#9937 = FACE_BOUND('',#9938,.T.);
#9938 = EDGE_LOOP('',(#9939,#9945,#9946,#9952));
#9939 = ORIENTED_EDGE('',*,*,#9940,.T.);
#9940 = EDGE_CURVE('',#651,#5042,#9941,.T.);
#9941 = LINE('',#9942,#9943);
#9942 = CARTESIAN_POINT('',(87.06622,-107.203734,0.));
#9943 = VECTOR('',#9944,1.);
#9944 = DIRECTION('',(0.,0.,1.));
#9945 = ORIENTED_EDGE('',*,*,#5041,.T.);
#9946 = ORIENTED_EDGE('',*,*,#9947,.F.);
#9947 = EDGE_CURVE('',#653,#5044,#9948,.T.);
#9948 = LINE('',#9949,#9950);
#9949 = CARTESIAN_POINT('',(86.568163,-107.638162,0.));
#9950 = VECTOR('',#9951,1.);
#9951 = DIRECTION('',(0.,0.,1.));
#9952 = ORIENTED_EDGE('',*,*,#650,.F.);
#9953 = CYLINDRICAL_SURFACE('',#9954,0.49760436513);
#9954 = AXIS2_PLACEMENT_3D('',#9955,#9956,#9957);
#9955 = CARTESIAN_POINT('',(87.061743181199,-107.7013182263,0.));
#9956 = DIRECTION('',(-0.,-0.,-1.));
#9957 = DIRECTION('',(8.996743425809E-03,0.999959528485,-0.));
#9958 = ADVANCED_FACE('',(#9959),#9970,.T.);
#9959 = FACE_BOUND('',#9960,.T.);
#9960 = EDGE_LOOP('',(#9961,#9967,#9968,#9969));
#9961 = ORIENTED_EDGE('',*,*,#9962,.T.);
#9962 = EDGE_CURVE('',#662,#5053,#9963,.T.);
#9963 = LINE('',#9964,#9965);
#9964 = CARTESIAN_POINT('',(100.06622,-107.203734,0.));
#9965 = VECTOR('',#9966,1.);
#9966 = DIRECTION('',(0.,0.,1.));
#9967 = ORIENTED_EDGE('',*,*,#5052,.T.);
#9968 = ORIENTED_EDGE('',*,*,#9940,.F.);
#9969 = ORIENTED_EDGE('',*,*,#661,.F.);
#9970 = PLANE('',#9971);
#9971 = AXIS2_PLACEMENT_3D('',#9972,#9973,#9974);
#9972 = CARTESIAN_POINT('',(100.06622,-107.203734,0.));
#9973 = DIRECTION('',(0.,-1.,0.));
#9974 = DIRECTION('',(-1.,0.,0.));
#9975 = ADVANCED_FACE('',(#9976),#9987,.T.);
#9976 = FACE_BOUND('',#9977,.T.);
#9977 = EDGE_LOOP('',(#9978,#9979,#9980,#9986));
#9978 = ORIENTED_EDGE('',*,*,#9947,.T.);
#9979 = ORIENTED_EDGE('',*,*,#5143,.T.);
#9980 = ORIENTED_EDGE('',*,*,#9981,.F.);
#9981 = EDGE_CURVE('',#745,#5136,#9982,.T.);
#9982 = LINE('',#9983,#9984);
#9983 = CARTESIAN_POINT('',(86.56622,-107.703734,0.));
#9984 = VECTOR('',#9985,1.);
#9985 = DIRECTION('',(0.,0.,1.));
#9986 = ORIENTED_EDGE('',*,*,#752,.F.);
#9987 = PLANE('',#9988);
#9988 = AXIS2_PLACEMENT_3D('',#9989,#9990,#9991);
#9989 = CARTESIAN_POINT('',(86.568163,-107.638162,0.));
#9990 = DIRECTION('',(0.99956127451,-2.961854993549E-02,0.));
#9991 = DIRECTION('',(-2.961854993549E-02,-0.99956127451,0.));
#9992 = ADVANCED_FACE('',(#9993),#10004,.T.);
#9993 = FACE_BOUND('',#9994,.T.);
#9994 = EDGE_LOOP('',(#9995,#10001,#10002,#10003));
#9995 = ORIENTED_EDGE('',*,*,#9996,.T.);
#9996 = EDGE_CURVE('',#670,#5061,#9997,.T.);
#9997 = LINE('',#9998,#9999);
#9998 = CARTESIAN_POINT('',(100.131786,-107.205684,0.));
#9999 = VECTOR('',#10000,1.);
#10000 = DIRECTION('',(0.,0.,1.));
#10001 = ORIENTED_EDGE('',*,*,#5060,.T.);
#10002 = ORIENTED_EDGE('',*,*,#9962,.F.);
#10003 = ORIENTED_EDGE('',*,*,#669,.F.);
#10004 = PLANE('',#10005);
#10005 = AXIS2_PLACEMENT_3D('',#10006,#10007,#10008);
#10006 = CARTESIAN_POINT('',(100.131786,-107.205684,0.));
#10007 = DIRECTION('',(-2.972787963877E-02,-0.999558028917,0.));
#10008 = DIRECTION('',(-0.999558028917,2.972787963877E-02,0.));
#10009 = ADVANCED_FACE('',(#10010),#10021,.T.);
#10010 = FACE_BOUND('',#10011,.T.);
#10011 = EDGE_LOOP('',(#10012,#10013,#10014,#10020));
#10012 = ORIENTED_EDGE('',*,*,#9981,.T.);
#10013 = ORIENTED_EDGE('',*,*,#5135,.T.);
#10014 = ORIENTED_EDGE('',*,*,#10015,.F.);
#10015 = EDGE_CURVE('',#737,#5128,#10016,.T.);
#10016 = LINE('',#10017,#10018);
#10017 = CARTESIAN_POINT('',(86.56622,-120.703734,0.));
#10018 = VECTOR('',#10019,1.);
#10019 = DIRECTION('',(0.,0.,1.));
#10020 = ORIENTED_EDGE('',*,*,#744,.F.);
#10021 = PLANE('',#10022);
#10022 = AXIS2_PLACEMENT_3D('',#10023,#10024,#10025);
#10023 = CARTESIAN_POINT('',(86.56622,-107.703734,0.));
#10024 = DIRECTION('',(1.,0.,-0.));
#10025 = DIRECTION('',(0.,-1.,0.));
#10026 = ADVANCED_FACE('',(#10027),#10038,.F.);
#10027 = FACE_BOUND('',#10028,.T.);
#10028 = EDGE_LOOP('',(#10029,#10035,#10036,#10037));
#10029 = ORIENTED_EDGE('',*,*,#10030,.T.);
#10030 = EDGE_CURVE('',#678,#5069,#10031,.T.);
#10031 = LINE('',#10032,#10033);
#10032 = CARTESIAN_POINT('',(100.56622,-107.703734,0.));
#10033 = VECTOR('',#10034,1.);
#10034 = DIRECTION('',(0.,0.,1.));
#10035 = ORIENTED_EDGE('',*,*,#5068,.T.);
#10036 = ORIENTED_EDGE('',*,*,#9996,.F.);
#10037 = ORIENTED_EDGE('',*,*,#677,.F.);
#10038 = CYLINDRICAL_SURFACE('',#10039,0.497726394619);
#10039 = AXIS2_PLACEMENT_3D('',#10040,#10041,#10042);
#10040 = CARTESIAN_POINT('',(100.0685127178,-107.699372217,0.));
#10041 = DIRECTION('',(-0.,-0.,-1.));
#10042 = DIRECTION('',(0.999961600542,-8.763414981328E-03,0.));
#10043 = ADVANCED_FACE('',(#10044),#10055,.T.);
#10044 = FACE_BOUND('',#10045,.T.);
#10045 = EDGE_LOOP('',(#10046,#10047,#10048,#10054));
#10046 = ORIENTED_EDGE('',*,*,#10015,.T.);
#10047 = ORIENTED_EDGE('',*,*,#5127,.T.);
#10048 = ORIENTED_EDGE('',*,*,#10049,.F.);
#10049 = EDGE_CURVE('',#728,#5119,#10050,.T.);
#10050 = LINE('',#10051,#10052);
#10051 = CARTESIAN_POINT('',(86.568984,-120.702618,0.));
#10052 = VECTOR('',#10053,1.);
#10053 = DIRECTION('',(0.,0.,1.));
#10054 = ORIENTED_EDGE('',*,*,#736,.F.);
#10055 = PLANE('',#10056);
#10056 = AXIS2_PLACEMENT_3D('',#10057,#10058,#10059);
#10057 = CARTESIAN_POINT('',(86.56622,-120.703734,0.));
#10058 = DIRECTION('',(-0.374396485847,0.927268715845,0.));
#10059 = DIRECTION('',(0.927268715845,0.374396485847,0.));
#10060 = ADVANCED_FACE('',(#10061),#10072,.T.);
#10061 = FACE_BOUND('',#10062,.T.);
#10062 = EDGE_LOOP('',(#10063,#10069,#10070,#10071));
#10063 = ORIENTED_EDGE('',*,*,#10064,.T.);
#10064 = EDGE_CURVE('',#687,#5078,#10065,.T.);
#10065 = LINE('',#10066,#10067);
#10066 = CARTESIAN_POINT('',(100.56622,-120.703734,0.));
#10067 = VECTOR('',#10068,1.);
#10068 = DIRECTION('',(0.,0.,1.));
#10069 = ORIENTED_EDGE('',*,*,#5077,.T.);
#10070 = ORIENTED_EDGE('',*,*,#10030,.F.);
#10071 = ORIENTED_EDGE('',*,*,#686,.F.);
#10072 = PLANE('',#10073);
#10073 = AXIS2_PLACEMENT_3D('',#10074,#10075,#10076);
#10074 = CARTESIAN_POINT('',(100.56622,-120.703734,0.));
#10075 = DIRECTION('',(-1.,0.,0.));
#10076 = DIRECTION('',(0.,1.,0.));
#10077 = ADVANCED_FACE('',(#10078),#10089,.F.);
#10078 = FACE_BOUND('',#10079,.T.);
#10079 = EDGE_LOOP('',(#10080,#10081,#10082,#10088));
#10080 = ORIENTED_EDGE('',*,*,#10049,.T.);
#10081 = ORIENTED_EDGE('',*,*,#5118,.T.);
#10082 = ORIENTED_EDGE('',*,*,#10083,.F.);
#10083 = EDGE_CURVE('',#720,#5111,#10084,.T.);
#10084 = LINE('',#10085,#10086);
#10085 = CARTESIAN_POINT('',(87.00344,-121.200478,0.));
#10086 = VECTOR('',#10087,1.);
#10087 = DIRECTION('',(0.,0.,1.));
#10088 = ORIENTED_EDGE('',*,*,#727,.F.);
#10089 = CYLINDRICAL_SURFACE('',#10090,0.497855880261);
#10090 = AXIS2_PLACEMENT_3D('',#10091,#10092,#10093);
#10091 = CARTESIAN_POINT('',(87.06682336325,-120.7066733556,0.));
#10092 = DIRECTION('',(-0.,-0.,-1.));
#10093 = DIRECTION('',(-0.99996682371,8.145641778927E-03,0.));
#10094 = ADVANCED_FACE('',(#10095),#10106,.T.);
#10095 = FACE_BOUND('',#10096,.T.);
#10096 = EDGE_LOOP('',(#10097,#10103,#10104,#10105));
#10097 = ORIENTED_EDGE('',*,*,#10098,.T.);
#10098 = EDGE_CURVE('',#695,#5086,#10099,.T.);
#10099 = LINE('',#10100,#10101);
#10100 = CARTESIAN_POINT('',(100.564077,-120.769277,0.));
#10101 = VECTOR('',#10102,1.);
#10102 = DIRECTION('',(0.,0.,1.));
#10103 = ORIENTED_EDGE('',*,*,#5085,.T.);
#10104 = ORIENTED_EDGE('',*,*,#10064,.F.);
#10105 = ORIENTED_EDGE('',*,*,#694,.F.);
#10106 = PLANE('',#10107);
#10107 = AXIS2_PLACEMENT_3D('',#10108,#10109,#10110);
#10108 = CARTESIAN_POINT('',(100.564077,-120.769277,0.));
#10109 = DIRECTION('',(-0.999465910945,3.267863001629E-02,0.));
#10110 = DIRECTION('',(3.267863001629E-02,0.999465910945,0.));
#10111 = ADVANCED_FACE('',(#10112),#10123,.T.);
#10112 = FACE_BOUND('',#10113,.T.);
#10113 = EDGE_LOOP('',(#10114,#10115,#10116,#10122));
#10114 = ORIENTED_EDGE('',*,*,#10083,.T.);
#10115 = ORIENTED_EDGE('',*,*,#5110,.T.);
#10116 = ORIENTED_EDGE('',*,*,#10117,.F.);
#10117 = EDGE_CURVE('',#712,#5103,#10118,.T.);
#10118 = LINE('',#10119,#10120);
#10119 = CARTESIAN_POINT('',(87.06622,-121.203734,0.));
#10120 = VECTOR('',#10121,1.);
#10121 = DIRECTION('',(0.,0.,1.));
#10122 = ORIENTED_EDGE('',*,*,#719,.F.);
#10123 = PLANE('',#10124);
#10124 = AXIS2_PLACEMENT_3D('',#10125,#10126,#10127);
#10125 = CARTESIAN_POINT('',(87.00344,-121.200478,0.));
#10126 = DIRECTION('',(5.179403882981E-02,0.998657788004,-0.));
#10127 = DIRECTION('',(0.998657788004,-5.179403882981E-02,0.));
#10128 = ADVANCED_FACE('',(#10129),#10140,.F.);
#10129 = FACE_BOUND('',#10130,.T.);
#10130 = EDGE_LOOP('',(#10131,#10137,#10138,#10139));
#10131 = ORIENTED_EDGE('',*,*,#10132,.T.);
#10132 = EDGE_CURVE('',#703,#5094,#10133,.T.);
#10133 = LINE('',#10134,#10135);
#10134 = CARTESIAN_POINT('',(100.06622,-121.203734,0.));
#10135 = VECTOR('',#10136,1.);
#10136 = DIRECTION('',(0.,0.,1.));
#10137 = ORIENTED_EDGE('',*,*,#5093,.T.);
#10138 = ORIENTED_EDGE('',*,*,#10098,.F.);
#10139 = ORIENTED_EDGE('',*,*,#702,.F.);
#10140 = CYLINDRICAL_SURFACE('',#10141,0.49788830137);
#10141 = AXIS2_PLACEMENT_3D('',#10142,#10143,#10144);
#10142 = CARTESIAN_POINT('',(100.07024373553,-120.705861958,0.));
#10143 = DIRECTION('',(-0.,-0.,-1.));
#10144 = DIRECTION('',(-8.081602892037E-03,-0.999967343314,0.));
#10145 = ADVANCED_FACE('',(#10146),#10152,.T.);
#10146 = FACE_BOUND('',#10147,.T.);
#10147 = EDGE_LOOP('',(#10148,#10149,#10150,#10151));
#10148 = ORIENTED_EDGE('',*,*,#10117,.T.);
#10149 = ORIENTED_EDGE('',*,*,#5102,.T.);
#10150 = ORIENTED_EDGE('',*,*,#10132,.F.);
#10151 = ORIENTED_EDGE('',*,*,#711,.F.);
#10152 = PLANE('',#10153);
#10153 = AXIS2_PLACEMENT_3D('',#10154,#10155,#10156);
#10154 = CARTESIAN_POINT('',(87.06622,-121.203734,0.));
#10155 = DIRECTION('',(0.,1.,0.));
#10156 = DIRECTION('',(1.,0.,0.));
#10157 = ADVANCED_FACE('',(#10158),#10174,.F.);
#10158 = FACE_BOUND('',#10159,.T.);
#10159 = EDGE_LOOP('',(#10160,#10166,#10167,#10173));
#10160 = ORIENTED_EDGE('',*,*,#10161,.T.);
#10161 = EDGE_CURVE('',#761,#5152,#10162,.T.);
#10162 = LINE('',#10163,#10164);
#10163 = CARTESIAN_POINT('',(48.96622,-83.391234,0.));
#10164 = VECTOR('',#10165,1.);
#10165 = DIRECTION('',(0.,0.,1.));
#10166 = ORIENTED_EDGE('',*,*,#5151,.T.);
#10167 = ORIENTED_EDGE('',*,*,#10168,.F.);
#10168 = EDGE_CURVE('',#763,#5154,#10169,.T.);
#10169 = LINE('',#10170,#10171);
#10170 = CARTESIAN_POINT('',(48.468163,-83.825662,0.));
#10171 = VECTOR('',#10172,1.);
#10172 = DIRECTION('',(0.,0.,1.));
#10173 = ORIENTED_EDGE('',*,*,#760,.F.);
#10174 = CYLINDRICAL_SURFACE('',#10175,0.49760436513);
#10175 = AXIS2_PLACEMENT_3D('',#10176,#10177,#10178);
#10176 = CARTESIAN_POINT('',(48.961743181199,-83.88881822632,0.));
#10177 = DIRECTION('',(-0.,-0.,-1.));
#10178 = DIRECTION('',(8.996743425823E-03,0.999959528485,-0.));
#10179 = ADVANCED_FACE('',(#10180),#10191,.T.);
#10180 = FACE_BOUND('',#10181,.T.);
#10181 = EDGE_LOOP('',(#10182,#10188,#10189,#10190));
#10182 = ORIENTED_EDGE('',*,*,#10183,.T.);
#10183 = EDGE_CURVE('',#772,#5163,#10184,.T.);
#10184 = LINE('',#10185,#10186);
#10185 = CARTESIAN_POINT('',(61.96622,-83.391234,0.));
#10186 = VECTOR('',#10187,1.);
#10187 = DIRECTION('',(0.,0.,1.));
#10188 = ORIENTED_EDGE('',*,*,#5162,.T.);
#10189 = ORIENTED_EDGE('',*,*,#10161,.F.);
#10190 = ORIENTED_EDGE('',*,*,#771,.F.);
#10191 = PLANE('',#10192);
#10192 = AXIS2_PLACEMENT_3D('',#10193,#10194,#10195);
#10193 = CARTESIAN_POINT('',(61.96622,-83.391234,0.));
#10194 = DIRECTION('',(0.,-1.,0.));
#10195 = DIRECTION('',(-1.,0.,0.));
#10196 = ADVANCED_FACE('',(#10197),#10208,.T.);
#10197 = FACE_BOUND('',#10198,.T.);
#10198 = EDGE_LOOP('',(#10199,#10200,#10201,#10207));
#10199 = ORIENTED_EDGE('',*,*,#10168,.T.);
#10200 = ORIENTED_EDGE('',*,*,#5253,.T.);
#10201 = ORIENTED_EDGE('',*,*,#10202,.F.);
#10202 = EDGE_CURVE('',#855,#5246,#10203,.T.);
#10203 = LINE('',#10204,#10205);
#10204 = CARTESIAN_POINT('',(48.46622,-83.891234,0.));
#10205 = VECTOR('',#10206,1.);
#10206 = DIRECTION('',(0.,0.,1.));
#10207 = ORIENTED_EDGE('',*,*,#862,.F.);
#10208 = PLANE('',#10209);
#10209 = AXIS2_PLACEMENT_3D('',#10210,#10211,#10212);
#10210 = CARTESIAN_POINT('',(48.468163,-83.825662,0.));
#10211 = DIRECTION('',(0.99956127451,-2.961854993549E-02,0.));
#10212 = DIRECTION('',(-2.961854993549E-02,-0.99956127451,0.));
#10213 = ADVANCED_FACE('',(#10214),#10225,.T.);
#10214 = FACE_BOUND('',#10215,.T.);
#10215 = EDGE_LOOP('',(#10216,#10222,#10223,#10224));
#10216 = ORIENTED_EDGE('',*,*,#10217,.T.);
#10217 = EDGE_CURVE('',#780,#5171,#10218,.T.);
#10218 = LINE('',#10219,#10220);
#10219 = CARTESIAN_POINT('',(62.031786,-83.393184,0.));
#10220 = VECTOR('',#10221,1.);
#10221 = DIRECTION('',(0.,0.,1.));
#10222 = ORIENTED_EDGE('',*,*,#5170,.T.);
#10223 = ORIENTED_EDGE('',*,*,#10183,.F.);
#10224 = ORIENTED_EDGE('',*,*,#779,.F.);
#10225 = PLANE('',#10226);
#10226 = AXIS2_PLACEMENT_3D('',#10227,#10228,#10229);
#10227 = CARTESIAN_POINT('',(62.031786,-83.393184,0.));
#10228 = DIRECTION('',(-2.972787963877E-02,-0.999558028917,0.));
#10229 = DIRECTION('',(-0.999558028917,2.972787963877E-02,0.));
#10230 = ADVANCED_FACE('',(#10231),#10242,.T.);
#10231 = FACE_BOUND('',#10232,.T.);
#10232 = EDGE_LOOP('',(#10233,#10234,#10235,#10241));
#10233 = ORIENTED_EDGE('',*,*,#10202,.T.);
#10234 = ORIENTED_EDGE('',*,*,#5245,.T.);
#10235 = ORIENTED_EDGE('',*,*,#10236,.F.);
#10236 = EDGE_CURVE('',#847,#5238,#10237,.T.);
#10237 = LINE('',#10238,#10239);
#10238 = CARTESIAN_POINT('',(48.46622,-96.891234,0.));
#10239 = VECTOR('',#10240,1.);
#10240 = DIRECTION('',(0.,0.,1.));
#10241 = ORIENTED_EDGE('',*,*,#854,.F.);
#10242 = PLANE('',#10243);
#10243 = AXIS2_PLACEMENT_3D('',#10244,#10245,#10246);
#10244 = CARTESIAN_POINT('',(48.46622,-83.891234,0.));
#10245 = DIRECTION('',(1.,0.,-0.));
#10246 = DIRECTION('',(0.,-1.,0.));
#10247 = ADVANCED_FACE('',(#10248),#10259,.F.);
#10248 = FACE_BOUND('',#10249,.T.);
#10249 = EDGE_LOOP('',(#10250,#10256,#10257,#10258));
#10250 = ORIENTED_EDGE('',*,*,#10251,.T.);
#10251 = EDGE_CURVE('',#788,#5179,#10252,.T.);
#10252 = LINE('',#10253,#10254);
#10253 = CARTESIAN_POINT('',(62.46622,-83.891234,0.));
#10254 = VECTOR('',#10255,1.);
#10255 = DIRECTION('',(0.,0.,1.));
#10256 = ORIENTED_EDGE('',*,*,#5178,.T.);
#10257 = ORIENTED_EDGE('',*,*,#10217,.F.);
#10258 = ORIENTED_EDGE('',*,*,#787,.F.);
#10259 = CYLINDRICAL_SURFACE('',#10260,0.497726394619);
#10260 = AXIS2_PLACEMENT_3D('',#10261,#10262,#10263);
#10261 = CARTESIAN_POINT('',(61.968512717805,-83.88687221705,0.));
#10262 = DIRECTION('',(-0.,-0.,-1.));
#10263 = DIRECTION('',(0.999961600542,-8.763414981357E-03,0.));
#10264 = ADVANCED_FACE('',(#10265),#10276,.T.);
#10265 = FACE_BOUND('',#10266,.T.);
#10266 = EDGE_LOOP('',(#10267,#10268,#10269,#10275));
#10267 = ORIENTED_EDGE('',*,*,#10236,.T.);
#10268 = ORIENTED_EDGE('',*,*,#5237,.T.);
#10269 = ORIENTED_EDGE('',*,*,#10270,.F.);
#10270 = EDGE_CURVE('',#838,#5229,#10271,.T.);
#10271 = LINE('',#10272,#10273);
#10272 = CARTESIAN_POINT('',(48.468984,-96.890118,0.));
#10273 = VECTOR('',#10274,1.);
#10274 = DIRECTION('',(0.,0.,1.));
#10275 = ORIENTED_EDGE('',*,*,#846,.F.);
#10276 = PLANE('',#10277);
#10277 = AXIS2_PLACEMENT_3D('',#10278,#10279,#10280);
#10278 = CARTESIAN_POINT('',(48.46622,-96.891234,0.));
#10279 = DIRECTION('',(-0.374396485847,0.927268715845,0.));
#10280 = DIRECTION('',(0.927268715845,0.374396485847,0.));
#10281 = ADVANCED_FACE('',(#10282),#10293,.T.);
#10282 = FACE_BOUND('',#10283,.T.);
#10283 = EDGE_LOOP('',(#10284,#10290,#10291,#10292));
#10284 = ORIENTED_EDGE('',*,*,#10285,.T.);
#10285 = EDGE_CURVE('',#797,#5188,#10286,.T.);
#10286 = LINE('',#10287,#10288);
#10287 = CARTESIAN_POINT('',(62.46622,-96.891234,0.));
#10288 = VECTOR('',#10289,1.);
#10289 = DIRECTION('',(0.,0.,1.));
#10290 = ORIENTED_EDGE('',*,*,#5187,.T.);
#10291 = ORIENTED_EDGE('',*,*,#10251,.F.);
#10292 = ORIENTED_EDGE('',*,*,#796,.F.);
#10293 = PLANE('',#10294);
#10294 = AXIS2_PLACEMENT_3D('',#10295,#10296,#10297);
#10295 = CARTESIAN_POINT('',(62.46622,-96.891234,0.));
#10296 = DIRECTION('',(-1.,0.,0.));
#10297 = DIRECTION('',(0.,1.,0.));
#10298 = ADVANCED_FACE('',(#10299),#10310,.F.);
#10299 = FACE_BOUND('',#10300,.T.);
#10300 = EDGE_LOOP('',(#10301,#10302,#10303,#10309));
#10301 = ORIENTED_EDGE('',*,*,#10270,.T.);
#10302 = ORIENTED_EDGE('',*,*,#5228,.T.);
#10303 = ORIENTED_EDGE('',*,*,#10304,.F.);
#10304 = EDGE_CURVE('',#830,#5221,#10305,.T.);
#10305 = LINE('',#10306,#10307);
#10306 = CARTESIAN_POINT('',(48.90344,-97.387978,0.));
#10307 = VECTOR('',#10308,1.);
#10308 = DIRECTION('',(0.,0.,1.));
#10309 = ORIENTED_EDGE('',*,*,#837,.F.);
#10310 = CYLINDRICAL_SURFACE('',#10311,0.497855880261);
#10311 = AXIS2_PLACEMENT_3D('',#10312,#10313,#10314);
#10312 = CARTESIAN_POINT('',(48.96682336325,-96.89417335565,0.));
#10313 = DIRECTION('',(-0.,-0.,-1.));
#10314 = DIRECTION('',(-0.99996682371,8.145641778927E-03,0.));
#10315 = ADVANCED_FACE('',(#10316),#10327,.T.);
#10316 = FACE_BOUND('',#10317,.T.);
#10317 = EDGE_LOOP('',(#10318,#10324,#10325,#10326));
#10318 = ORIENTED_EDGE('',*,*,#10319,.T.);
#10319 = EDGE_CURVE('',#805,#5196,#10320,.T.);
#10320 = LINE('',#10321,#10322);
#10321 = CARTESIAN_POINT('',(62.464077,-96.956777,0.));
#10322 = VECTOR('',#10323,1.);
#10323 = DIRECTION('',(0.,0.,1.));
#10324 = ORIENTED_EDGE('',*,*,#5195,.T.);
#10325 = ORIENTED_EDGE('',*,*,#10285,.F.);
#10326 = ORIENTED_EDGE('',*,*,#804,.F.);
#10327 = PLANE('',#10328);
#10328 = AXIS2_PLACEMENT_3D('',#10329,#10330,#10331);
#10329 = CARTESIAN_POINT('',(62.464077,-96.956777,0.));
#10330 = DIRECTION('',(-0.999465910945,3.267863001618E-02,0.));
#10331 = DIRECTION('',(3.267863001618E-02,0.999465910945,0.));
#10332 = ADVANCED_FACE('',(#10333),#10344,.T.);
#10333 = FACE_BOUND('',#10334,.T.);
#10334 = EDGE_LOOP('',(#10335,#10336,#10337,#10343));
#10335 = ORIENTED_EDGE('',*,*,#10304,.T.);
#10336 = ORIENTED_EDGE('',*,*,#5220,.T.);
#10337 = ORIENTED_EDGE('',*,*,#10338,.F.);
#10338 = EDGE_CURVE('',#822,#5213,#10339,.T.);
#10339 = LINE('',#10340,#10341);
#10340 = CARTESIAN_POINT('',(48.96622,-97.391234,0.));
#10341 = VECTOR('',#10342,1.);
#10342 = DIRECTION('',(0.,0.,1.));
#10343 = ORIENTED_EDGE('',*,*,#829,.F.);
#10344 = PLANE('',#10345);
#10345 = AXIS2_PLACEMENT_3D('',#10346,#10347,#10348);
#10346 = CARTESIAN_POINT('',(48.90344,-97.387978,0.));
#10347 = DIRECTION('',(5.179403882981E-02,0.998657788004,-0.));
#10348 = DIRECTION('',(0.998657788004,-5.179403882981E-02,0.));
#10349 = ADVANCED_FACE('',(#10350),#10361,.F.);
#10350 = FACE_BOUND('',#10351,.T.);
#10351 = EDGE_LOOP('',(#10352,#10358,#10359,#10360));
#10352 = ORIENTED_EDGE('',*,*,#10353,.T.);
#10353 = EDGE_CURVE('',#813,#5204,#10354,.T.);
#10354 = LINE('',#10355,#10356);
#10355 = CARTESIAN_POINT('',(61.96622,-97.391234,0.));
#10356 = VECTOR('',#10357,1.);
#10357 = DIRECTION('',(0.,0.,1.));
#10358 = ORIENTED_EDGE('',*,*,#5203,.T.);
#10359 = ORIENTED_EDGE('',*,*,#10319,.F.);
#10360 = ORIENTED_EDGE('',*,*,#812,.F.);
#10361 = CYLINDRICAL_SURFACE('',#10362,0.49788830137);
#10362 = AXIS2_PLACEMENT_3D('',#10363,#10364,#10365);
#10363 = CARTESIAN_POINT('',(61.970243735536,-96.89336195801,0.));
#10364 = DIRECTION('',(-0.,-0.,-1.));
#10365 = DIRECTION('',(-8.081602892037E-03,-0.999967343314,0.));
#10366 = ADVANCED_FACE('',(#10367),#10373,.T.);
#10367 = FACE_BOUND('',#10368,.T.);
#10368 = EDGE_LOOP('',(#10369,#10370,#10371,#10372));
#10369 = ORIENTED_EDGE('',*,*,#10338,.T.);
#10370 = ORIENTED_EDGE('',*,*,#5212,.T.);
#10371 = ORIENTED_EDGE('',*,*,#10353,.F.);
#10372 = ORIENTED_EDGE('',*,*,#821,.F.);
#10373 = PLANE('',#10374);
#10374 = AXIS2_PLACEMENT_3D('',#10375,#10376,#10377);
#10375 = CARTESIAN_POINT('',(48.96622,-97.391234,0.));
#10376 = DIRECTION('',(0.,1.,0.));
#10377 = DIRECTION('',(1.,0.,0.));
#10378 = ADVANCED_FACE('',(#10379),#10395,.F.);
#10379 = FACE_BOUND('',#10380,.T.);
#10380 = EDGE_LOOP('',(#10381,#10387,#10388,#10394));
#10381 = ORIENTED_EDGE('',*,*,#10382,.T.);
#10382 = EDGE_CURVE('',#871,#5262,#10383,.T.);
#10383 = LINE('',#10384,#10385);
#10384 = CARTESIAN_POINT('',(70.39747,-83.391234,0.));
#10385 = VECTOR('',#10386,1.);
#10386 = DIRECTION('',(0.,0.,1.));
#10387 = ORIENTED_EDGE('',*,*,#5261,.T.);
#10388 = ORIENTED_EDGE('',*,*,#10389,.F.);
#10389 = EDGE_CURVE('',#873,#5264,#10390,.T.);
#10390 = LINE('',#10391,#10392);
#10391 = CARTESIAN_POINT('',(69.899413,-83.82566,0.));
#10392 = VECTOR('',#10393,1.);
#10393 = DIRECTION('',(0.,0.,1.));
#10394 = ORIENTED_EDGE('',*,*,#870,.F.);
#10395 = CYLINDRICAL_SURFACE('',#10396,0.497554635006);
#10396 = AXIS2_PLACEMENT_3D('',#10397,#10398,#10399);
#10397 = CARTESIAN_POINT('',(70.392949202288,-83.88876809652,0.));
#10398 = DIRECTION('',(-0.,-0.,-1.));
#10399 = DIRECTION('',(9.086032757149E-03,0.999958721152,-0.));
#10400 = ADVANCED_FACE('',(#10401),#10412,.T.);
#10401 = FACE_BOUND('',#10402,.T.);
#10402 = EDGE_LOOP('',(#10403,#10409,#10410,#10411));
#10403 = ORIENTED_EDGE('',*,*,#10404,.T.);
#10404 = EDGE_CURVE('',#882,#5273,#10405,.T.);
#10405 = LINE('',#10406,#10407);
#10406 = CARTESIAN_POINT('',(83.39747,-83.391234,0.));
#10407 = VECTOR('',#10408,1.);
#10408 = DIRECTION('',(0.,0.,1.));
#10409 = ORIENTED_EDGE('',*,*,#5272,.T.);
#10410 = ORIENTED_EDGE('',*,*,#10382,.F.);
#10411 = ORIENTED_EDGE('',*,*,#881,.F.);
#10412 = PLANE('',#10413);
#10413 = AXIS2_PLACEMENT_3D('',#10414,#10415,#10416);
#10414 = CARTESIAN_POINT('',(83.39747,-83.391234,0.));
#10415 = DIRECTION('',(0.,-1.,0.));
#10416 = DIRECTION('',(-1.,0.,0.));
#10417 = ADVANCED_FACE('',(#10418),#10429,.T.);
#10418 = FACE_BOUND('',#10419,.T.);
#10419 = EDGE_LOOP('',(#10420,#10421,#10422,#10428));
#10420 = ORIENTED_EDGE('',*,*,#10389,.T.);
#10421 = ORIENTED_EDGE('',*,*,#5363,.T.);
#10422 = ORIENTED_EDGE('',*,*,#10423,.F.);
#10423 = EDGE_CURVE('',#965,#5356,#10424,.T.);
#10424 = LINE('',#10425,#10426);
#10425 = CARTESIAN_POINT('',(69.89747,-83.891234,0.));
#10426 = VECTOR('',#10427,1.);
#10427 = DIRECTION('',(0.,0.,1.));
#10428 = ORIENTED_EDGE('',*,*,#972,.F.);
#10429 = PLANE('',#10430);
#10430 = AXIS2_PLACEMENT_3D('',#10431,#10432,#10433);
#10431 = CARTESIAN_POINT('',(69.899413,-83.82566,0.));
#10432 = DIRECTION('',(0.999561301254,-2.961764736532E-02,0.));
#10433 = DIRECTION('',(-2.961764736532E-02,-0.999561301254,0.));
#10434 = ADVANCED_FACE('',(#10435),#10446,.T.);
#10435 = FACE_BOUND('',#10436,.T.);
#10436 = EDGE_LOOP('',(#10437,#10443,#10444,#10445));
#10437 = ORIENTED_EDGE('',*,*,#10438,.T.);
#10438 = EDGE_CURVE('',#890,#5281,#10439,.T.);
#10439 = LINE('',#10440,#10441);
#10440 = CARTESIAN_POINT('',(83.463041,-83.393178,0.));
#10441 = VECTOR('',#10442,1.);
#10442 = DIRECTION('',(0.,0.,1.));
#10443 = ORIENTED_EDGE('',*,*,#5280,.T.);
#10444 = ORIENTED_EDGE('',*,*,#10404,.F.);
#10445 = ORIENTED_EDGE('',*,*,#889,.F.);
#10446 = PLANE('',#10447);
#10447 = AXIS2_PLACEMENT_3D('',#10448,#10449,#10450);
#10448 = CARTESIAN_POINT('',(83.463041,-83.393178,0.));
#10449 = DIRECTION('',(-2.963423181104E-02,-0.999560809708,0.));
#10450 = DIRECTION('',(-0.999560809708,2.963423181104E-02,0.));
#10451 = ADVANCED_FACE('',(#10452),#10463,.T.);
#10452 = FACE_BOUND('',#10453,.T.);
#10453 = EDGE_LOOP('',(#10454,#10455,#10456,#10462));
#10454 = ORIENTED_EDGE('',*,*,#10423,.T.);
#10455 = ORIENTED_EDGE('',*,*,#5355,.T.);
#10456 = ORIENTED_EDGE('',*,*,#10457,.F.);
#10457 = EDGE_CURVE('',#957,#5348,#10458,.T.);
#10458 = LINE('',#10459,#10460);
#10459 = CARTESIAN_POINT('',(69.89747,-96.891234,0.));
#10460 = VECTOR('',#10461,1.);
#10461 = DIRECTION('',(0.,0.,1.));
#10462 = ORIENTED_EDGE('',*,*,#964,.F.);
#10463 = PLANE('',#10464);
#10464 = AXIS2_PLACEMENT_3D('',#10465,#10466,#10467);
#10465 = CARTESIAN_POINT('',(69.89747,-83.891234,0.));
#10466 = DIRECTION('',(1.,0.,-0.));
#10467 = DIRECTION('',(0.,-1.,0.));
#10468 = ADVANCED_FACE('',(#10469),#10480,.F.);
#10469 = FACE_BOUND('',#10470,.T.);
#10470 = EDGE_LOOP('',(#10471,#10477,#10478,#10479));
#10471 = ORIENTED_EDGE('',*,*,#10472,.T.);
#10472 = EDGE_CURVE('',#898,#5289,#10473,.T.);
#10473 = LINE('',#10474,#10475);
#10474 = CARTESIAN_POINT('',(83.89747,-83.891234,0.));
#10475 = VECTOR('',#10476,1.);
#10476 = DIRECTION('',(0.,0.,1.));
#10477 = ORIENTED_EDGE('',*,*,#5288,.T.);
#10478 = ORIENTED_EDGE('',*,*,#10438,.F.);
#10479 = ORIENTED_EDGE('',*,*,#897,.F.);
#10480 = CYLINDRICAL_SURFACE('',#10481,0.49762810037);
#10481 = AXIS2_PLACEMENT_3D('',#10482,#10483,#10484);
#10482 = CARTESIAN_POINT('',(83.399861840086,-83.88677917507,0.));
#10483 = DIRECTION('',(-0.,-0.,-1.));
#10484 = DIRECTION('',(0.999959928999,-8.952116905856E-03,0.));
#10485 = ADVANCED_FACE('',(#10486),#10497,.T.);
#10486 = FACE_BOUND('',#10487,.T.);
#10487 = EDGE_LOOP('',(#10488,#10489,#10490,#10496));
#10488 = ORIENTED_EDGE('',*,*,#10457,.T.);
#10489 = ORIENTED_EDGE('',*,*,#5347,.T.);
#10490 = ORIENTED_EDGE('',*,*,#10491,.F.);
#10491 = EDGE_CURVE('',#948,#5339,#10492,.T.);
#10492 = LINE('',#10493,#10494);
#10493 = CARTESIAN_POINT('',(69.900234,-96.890118,0.));
#10494 = VECTOR('',#10495,1.);
#10495 = DIRECTION('',(0.,0.,1.));
#10496 = ORIENTED_EDGE('',*,*,#956,.F.);
#10497 = PLANE('',#10498);
#10498 = AXIS2_PLACEMENT_3D('',#10499,#10500,#10501);
#10499 = CARTESIAN_POINT('',(69.89747,-96.891234,0.));
#10500 = DIRECTION('',(-0.374396485847,0.927268715845,0.));
#10501 = DIRECTION('',(0.927268715845,0.374396485847,0.));
#10502 = ADVANCED_FACE('',(#10503),#10514,.T.);
#10503 = FACE_BOUND('',#10504,.T.);
#10504 = EDGE_LOOP('',(#10505,#10511,#10512,#10513));
#10505 = ORIENTED_EDGE('',*,*,#10506,.T.);
#10506 = EDGE_CURVE('',#907,#5298,#10507,.T.);
#10507 = LINE('',#10508,#10509);
#10508 = CARTESIAN_POINT('',(83.89747,-96.891234,0.));
#10509 = VECTOR('',#10510,1.);
#10510 = DIRECTION('',(0.,0.,1.));
#10511 = ORIENTED_EDGE('',*,*,#5297,.T.);
#10512 = ORIENTED_EDGE('',*,*,#10472,.F.);
#10513 = ORIENTED_EDGE('',*,*,#906,.F.);
#10514 = PLANE('',#10515);
#10515 = AXIS2_PLACEMENT_3D('',#10516,#10517,#10518);
#10516 = CARTESIAN_POINT('',(83.89747,-96.891234,0.));
#10517 = DIRECTION('',(-1.,0.,0.));
#10518 = DIRECTION('',(0.,1.,0.));
#10519 = ADVANCED_FACE('',(#10520),#10531,.F.);
#10520 = FACE_BOUND('',#10521,.T.);
#10521 = EDGE_LOOP('',(#10522,#10523,#10524,#10530));
#10522 = ORIENTED_EDGE('',*,*,#10491,.T.);
#10523 = ORIENTED_EDGE('',*,*,#5338,.T.);
#10524 = ORIENTED_EDGE('',*,*,#10525,.F.);
#10525 = EDGE_CURVE('',#940,#5331,#10526,.T.);
#10526 = LINE('',#10527,#10528);
#10527 = CARTESIAN_POINT('',(70.33466,-97.388175,0.));
#10528 = VECTOR('',#10529,1.);
#10529 = DIRECTION('',(0.,0.,1.));
#10530 = ORIENTED_EDGE('',*,*,#947,.F.);
#10531 = CYLINDRICAL_SURFACE('',#10532,0.497565516144);
#10532 = AXIS2_PLACEMENT_3D('',#10533,#10534,#10535);
#10533 = CARTESIAN_POINT('',(70.397779064948,-96.89462923059,0.));
#10534 = DIRECTION('',(-0.,-0.,-1.));
#10535 = DIRECTION('',(-0.999958897481,9.066606207062E-03,0.));
#10536 = ADVANCED_FACE('',(#10537),#10548,.T.);
#10537 = FACE_BOUND('',#10538,.T.);
#10538 = EDGE_LOOP('',(#10539,#10545,#10546,#10547));
#10539 = ORIENTED_EDGE('',*,*,#10540,.T.);
#10540 = EDGE_CURVE('',#915,#5306,#10541,.T.);
#10541 = LINE('',#10542,#10543);
#10542 = CARTESIAN_POINT('',(83.895327,-96.956774,0.));
#10543 = VECTOR('',#10544,1.);
#10544 = DIRECTION('',(0.,0.,1.));
#10545 = ORIENTED_EDGE('',*,*,#5305,.T.);
#10546 = ORIENTED_EDGE('',*,*,#10506,.F.);
#10547 = ORIENTED_EDGE('',*,*,#914,.F.);
#10548 = PLANE('',#10549);
#10549 = AXIS2_PLACEMENT_3D('',#10550,#10551,#10552);
#10550 = CARTESIAN_POINT('',(83.895327,-96.956774,0.));
#10551 = DIRECTION('',(-0.999465862088,3.268012423648E-02,0.));
#10552 = DIRECTION('',(3.268012423648E-02,0.999465862088,0.));
#10553 = ADVANCED_FACE('',(#10554),#10565,.T.);
#10554 = FACE_BOUND('',#10555,.T.);
#10555 = EDGE_LOOP('',(#10556,#10557,#10558,#10564));
#10556 = ORIENTED_EDGE('',*,*,#10525,.T.);
#10557 = ORIENTED_EDGE('',*,*,#5330,.T.);
#10558 = ORIENTED_EDGE('',*,*,#10559,.F.);
#10559 = EDGE_CURVE('',#932,#5323,#10560,.T.);
#10560 = LINE('',#10561,#10562);
#10561 = CARTESIAN_POINT('',(70.39747,-97.391234,0.));
#10562 = VECTOR('',#10563,1.);
#10563 = DIRECTION('',(0.,0.,1.));
#10564 = ORIENTED_EDGE('',*,*,#939,.F.);
#10565 = PLANE('',#10566);
#10566 = AXIS2_PLACEMENT_3D('',#10567,#10568,#10569);
#10567 = CARTESIAN_POINT('',(70.33466,-97.388175,0.));
#10568 = DIRECTION('',(4.864477914794E-02,0.998816141971,-0.));
#10569 = DIRECTION('',(0.998816141971,-4.864477914794E-02,0.));
#10570 = ADVANCED_FACE('',(#10571),#10582,.F.);
#10571 = FACE_BOUND('',#10572,.T.);
#10572 = EDGE_LOOP('',(#10573,#10579,#10580,#10581));
#10573 = ORIENTED_EDGE('',*,*,#10574,.T.);
#10574 = EDGE_CURVE('',#923,#5314,#10575,.T.);
#10575 = LINE('',#10576,#10577);
#10576 = CARTESIAN_POINT('',(83.39747,-97.391234,0.));
#10577 = VECTOR('',#10578,1.);
#10578 = DIRECTION('',(0.,0.,1.));
#10579 = ORIENTED_EDGE('',*,*,#5313,.T.);
#10580 = ORIENTED_EDGE('',*,*,#10540,.F.);
#10581 = ORIENTED_EDGE('',*,*,#922,.F.);
#10582 = CYLINDRICAL_SURFACE('',#10583,0.497940142437);
#10583 = AXIS2_PLACEMENT_3D('',#10584,#10585,#10586);
#10584 = CARTESIAN_POINT('',(83.401447790147,-96.89330974608,0.));
#10585 = DIRECTION('',(-0.,-0.,-1.));
#10586 = DIRECTION('',(-7.988490599025E-03,-0.9999680915,0.));
#10587 = ADVANCED_FACE('',(#10588),#10594,.T.);
#10588 = FACE_BOUND('',#10589,.T.);
#10589 = EDGE_LOOP('',(#10590,#10591,#10592,#10593));
#10590 = ORIENTED_EDGE('',*,*,#10559,.T.);
#10591 = ORIENTED_EDGE('',*,*,#5322,.T.);
#10592 = ORIENTED_EDGE('',*,*,#10574,.F.);
#10593 = ORIENTED_EDGE('',*,*,#931,.F.);
#10594 = PLANE('',#10595);
#10595 = AXIS2_PLACEMENT_3D('',#10596,#10597,#10598);
#10596 = CARTESIAN_POINT('',(70.39747,-97.391234,0.));
#10597 = DIRECTION('',(0.,1.,0.));
#10598 = DIRECTION('',(1.,0.,0.));
#10599 = ADVANCED_FACE('',(#10600),#10616,.F.);
#10600 = FACE_BOUND('',#10601,.T.);
#10601 = EDGE_LOOP('',(#10602,#10608,#10609,#10615));
#10602 = ORIENTED_EDGE('',*,*,#10603,.T.);
#10603 = EDGE_CURVE('',#981,#5372,#10604,.T.);
#10604 = LINE('',#10605,#10606);
#10605 = CARTESIAN_POINT('',(89.44747,-83.391234,0.));
#10606 = VECTOR('',#10607,1.);
#10607 = DIRECTION('',(0.,0.,1.));
#10608 = ORIENTED_EDGE('',*,*,#5371,.T.);
#10609 = ORIENTED_EDGE('',*,*,#10610,.F.);
#10610 = EDGE_CURVE('',#983,#5374,#10611,.T.);
#10611 = LINE('',#10612,#10613);
#10612 = CARTESIAN_POINT('',(88.949413,-83.82566,0.));
#10613 = VECTOR('',#10614,1.);
#10614 = DIRECTION('',(0.,0.,1.));
#10615 = ORIENTED_EDGE('',*,*,#980,.F.);
#10616 = CYLINDRICAL_SURFACE('',#10617,0.497554635006);
#10617 = AXIS2_PLACEMENT_3D('',#10618,#10619,#10620);
#10618 = CARTESIAN_POINT('',(89.442949202288,-83.88876809652,0.));
#10619 = DIRECTION('',(-0.,-0.,-1.));
#10620 = DIRECTION('',(9.086032757207E-03,0.999958721152,-0.));
#10621 = ADVANCED_FACE('',(#10622),#10633,.T.);
#10622 = FACE_BOUND('',#10623,.T.);
#10623 = EDGE_LOOP('',(#10624,#10630,#10631,#10632));
#10624 = ORIENTED_EDGE('',*,*,#10625,.T.);
#10625 = EDGE_CURVE('',#992,#5383,#10626,.T.);
#10626 = LINE('',#10627,#10628);
#10627 = CARTESIAN_POINT('',(102.44747,-83.391234,0.));
#10628 = VECTOR('',#10629,1.);
#10629 = DIRECTION('',(0.,0.,1.));
#10630 = ORIENTED_EDGE('',*,*,#5382,.T.);
#10631 = ORIENTED_EDGE('',*,*,#10603,.F.);
#10632 = ORIENTED_EDGE('',*,*,#991,.F.);
#10633 = PLANE('',#10634);
#10634 = AXIS2_PLACEMENT_3D('',#10635,#10636,#10637);
#10635 = CARTESIAN_POINT('',(102.44747,-83.391234,0.));
#10636 = DIRECTION('',(0.,-1.,0.));
#10637 = DIRECTION('',(-1.,0.,0.));
#10638 = ADVANCED_FACE('',(#10639),#10650,.T.);
#10639 = FACE_BOUND('',#10640,.T.);
#10640 = EDGE_LOOP('',(#10641,#10642,#10643,#10649));
#10641 = ORIENTED_EDGE('',*,*,#10610,.T.);
#10642 = ORIENTED_EDGE('',*,*,#5473,.T.);
#10643 = ORIENTED_EDGE('',*,*,#10644,.F.);
#10644 = EDGE_CURVE('',#1075,#5466,#10645,.T.);
#10645 = LINE('',#10646,#10647);
#10646 = CARTESIAN_POINT('',(88.94747,-83.891234,0.));
#10647 = VECTOR('',#10648,1.);
#10648 = DIRECTION('',(0.,0.,1.));
#10649 = ORIENTED_EDGE('',*,*,#1082,.F.);
#10650 = PLANE('',#10651);
#10651 = AXIS2_PLACEMENT_3D('',#10652,#10653,#10654);
#10652 = CARTESIAN_POINT('',(88.949413,-83.82566,0.));
#10653 = DIRECTION('',(0.999561301254,-2.961764736554E-02,0.));
#10654 = DIRECTION('',(-2.961764736554E-02,-0.999561301254,0.));
#10655 = ADVANCED_FACE('',(#10656),#10667,.T.);
#10656 = FACE_BOUND('',#10657,.T.);
#10657 = EDGE_LOOP('',(#10658,#10664,#10665,#10666));
#10658 = ORIENTED_EDGE('',*,*,#10659,.T.);
#10659 = EDGE_CURVE('',#1000,#5391,#10660,.T.);
#10660 = LINE('',#10661,#10662);
#10661 = CARTESIAN_POINT('',(102.513041,-83.393178,0.));
#10662 = VECTOR('',#10663,1.);
#10663 = DIRECTION('',(0.,0.,1.));
#10664 = ORIENTED_EDGE('',*,*,#5390,.T.);
#10665 = ORIENTED_EDGE('',*,*,#10625,.F.);
#10666 = ORIENTED_EDGE('',*,*,#999,.F.);
#10667 = PLANE('',#10668);
#10668 = AXIS2_PLACEMENT_3D('',#10669,#10670,#10671);
#10669 = CARTESIAN_POINT('',(102.513041,-83.393178,0.));
#10670 = DIRECTION('',(-2.963423181104E-02,-0.999560809708,0.));
#10671 = DIRECTION('',(-0.999560809708,2.963423181104E-02,0.));
#10672 = ADVANCED_FACE('',(#10673),#10684,.T.);
#10673 = FACE_BOUND('',#10674,.T.);
#10674 = EDGE_LOOP('',(#10675,#10676,#10677,#10683));
#10675 = ORIENTED_EDGE('',*,*,#10644,.T.);
#10676 = ORIENTED_EDGE('',*,*,#5465,.T.);
#10677 = ORIENTED_EDGE('',*,*,#10678,.F.);
#10678 = EDGE_CURVE('',#1067,#5458,#10679,.T.);
#10679 = LINE('',#10680,#10681);
#10680 = CARTESIAN_POINT('',(88.94747,-96.891234,0.));
#10681 = VECTOR('',#10682,1.);
#10682 = DIRECTION('',(0.,0.,1.));
#10683 = ORIENTED_EDGE('',*,*,#1074,.F.);
#10684 = PLANE('',#10685);
#10685 = AXIS2_PLACEMENT_3D('',#10686,#10687,#10688);
#10686 = CARTESIAN_POINT('',(88.94747,-83.891234,0.));
#10687 = DIRECTION('',(1.,0.,-0.));
#10688 = DIRECTION('',(0.,-1.,0.));
#10689 = ADVANCED_FACE('',(#10690),#10701,.F.);
#10690 = FACE_BOUND('',#10691,.T.);
#10691 = EDGE_LOOP('',(#10692,#10698,#10699,#10700));
#10692 = ORIENTED_EDGE('',*,*,#10693,.T.);
#10693 = EDGE_CURVE('',#1008,#5399,#10694,.T.);
#10694 = LINE('',#10695,#10696);
#10695 = CARTESIAN_POINT('',(102.94747,-83.891234,0.));
#10696 = VECTOR('',#10697,1.);
#10697 = DIRECTION('',(0.,0.,1.));
#10698 = ORIENTED_EDGE('',*,*,#5398,.T.);
#10699 = ORIENTED_EDGE('',*,*,#10659,.F.);
#10700 = ORIENTED_EDGE('',*,*,#1007,.F.);
#10701 = CYLINDRICAL_SURFACE('',#10702,0.49762810037);
#10702 = AXIS2_PLACEMENT_3D('',#10703,#10704,#10705);
#10703 = CARTESIAN_POINT('',(102.44986184008,-83.88677917507,0.));
#10704 = DIRECTION('',(-0.,-0.,-1.));
#10705 = DIRECTION('',(0.999959928999,-8.952116905885E-03,0.));
#10706 = ADVANCED_FACE('',(#10707),#10718,.T.);
#10707 = FACE_BOUND('',#10708,.T.);
#10708 = EDGE_LOOP('',(#10709,#10710,#10711,#10717));
#10709 = ORIENTED_EDGE('',*,*,#10678,.T.);
#10710 = ORIENTED_EDGE('',*,*,#5457,.T.);
#10711 = ORIENTED_EDGE('',*,*,#10712,.F.);
#10712 = EDGE_CURVE('',#1058,#5449,#10713,.T.);
#10713 = LINE('',#10714,#10715);
#10714 = CARTESIAN_POINT('',(88.950234,-96.890118,0.));
#10715 = VECTOR('',#10716,1.);
#10716 = DIRECTION('',(0.,0.,1.));
#10717 = ORIENTED_EDGE('',*,*,#1066,.F.);
#10718 = PLANE('',#10719);
#10719 = AXIS2_PLACEMENT_3D('',#10720,#10721,#10722);
#10720 = CARTESIAN_POINT('',(88.94747,-96.891234,0.));
#10721 = DIRECTION('',(-0.374396485847,0.927268715845,0.));
#10722 = DIRECTION('',(0.927268715845,0.374396485847,0.));
#10723 = ADVANCED_FACE('',(#10724),#10735,.T.);
#10724 = FACE_BOUND('',#10725,.T.);
#10725 = EDGE_LOOP('',(#10726,#10732,#10733,#10734));
#10726 = ORIENTED_EDGE('',*,*,#10727,.T.);
#10727 = EDGE_CURVE('',#1017,#5408,#10728,.T.);
#10728 = LINE('',#10729,#10730);
#10729 = CARTESIAN_POINT('',(102.94747,-96.891234,0.));
#10730 = VECTOR('',#10731,1.);
#10731 = DIRECTION('',(0.,0.,1.));
#10732 = ORIENTED_EDGE('',*,*,#5407,.T.);
#10733 = ORIENTED_EDGE('',*,*,#10693,.F.);
#10734 = ORIENTED_EDGE('',*,*,#1016,.F.);
#10735 = PLANE('',#10736);
#10736 = AXIS2_PLACEMENT_3D('',#10737,#10738,#10739);
#10737 = CARTESIAN_POINT('',(102.94747,-96.891234,0.));
#10738 = DIRECTION('',(-1.,0.,0.));
#10739 = DIRECTION('',(0.,1.,0.));
#10740 = ADVANCED_FACE('',(#10741),#10752,.F.);
#10741 = FACE_BOUND('',#10742,.T.);
#10742 = EDGE_LOOP('',(#10743,#10744,#10745,#10751));
#10743 = ORIENTED_EDGE('',*,*,#10712,.T.);
#10744 = ORIENTED_EDGE('',*,*,#5448,.T.);
#10745 = ORIENTED_EDGE('',*,*,#10746,.F.);
#10746 = EDGE_CURVE('',#1050,#5441,#10747,.T.);
#10747 = LINE('',#10748,#10749);
#10748 = CARTESIAN_POINT('',(89.38466,-97.388175,0.));
#10749 = VECTOR('',#10750,1.);
#10750 = DIRECTION('',(0.,0.,1.));
#10751 = ORIENTED_EDGE('',*,*,#1057,.F.);
#10752 = CYLINDRICAL_SURFACE('',#10753,0.497565516144);
#10753 = AXIS2_PLACEMENT_3D('',#10754,#10755,#10756);
#10754 = CARTESIAN_POINT('',(89.447779064948,-96.89462923059,0.));
#10755 = DIRECTION('',(-0.,-0.,-1.));
#10756 = DIRECTION('',(-0.999958897481,9.066606207033E-03,0.));
#10757 = ADVANCED_FACE('',(#10758),#10769,.T.);
#10758 = FACE_BOUND('',#10759,.T.);
#10759 = EDGE_LOOP('',(#10760,#10766,#10767,#10768));
#10760 = ORIENTED_EDGE('',*,*,#10761,.T.);
#10761 = EDGE_CURVE('',#1025,#5416,#10762,.T.);
#10762 = LINE('',#10763,#10764);
#10763 = CARTESIAN_POINT('',(102.945327,-96.956774,0.));
#10764 = VECTOR('',#10765,1.);
#10765 = DIRECTION('',(0.,0.,1.));
#10766 = ORIENTED_EDGE('',*,*,#5415,.T.);
#10767 = ORIENTED_EDGE('',*,*,#10727,.F.);
#10768 = ORIENTED_EDGE('',*,*,#1024,.F.);
#10769 = PLANE('',#10770);
#10770 = AXIS2_PLACEMENT_3D('',#10771,#10772,#10773);
#10771 = CARTESIAN_POINT('',(102.945327,-96.956774,0.));
#10772 = DIRECTION('',(-0.999465862088,3.268012423627E-02,0.));
#10773 = DIRECTION('',(3.268012423627E-02,0.999465862088,0.));
#10774 = ADVANCED_FACE('',(#10775),#10786,.T.);
#10775 = FACE_BOUND('',#10776,.T.);
#10776 = EDGE_LOOP('',(#10777,#10778,#10779,#10785));
#10777 = ORIENTED_EDGE('',*,*,#10746,.T.);
#10778 = ORIENTED_EDGE('',*,*,#5440,.T.);
#10779 = ORIENTED_EDGE('',*,*,#10780,.F.);
#10780 = EDGE_CURVE('',#1042,#5433,#10781,.T.);
#10781 = LINE('',#10782,#10783);
#10782 = CARTESIAN_POINT('',(89.44747,-97.391234,0.));
#10783 = VECTOR('',#10784,1.);
#10784 = DIRECTION('',(0.,0.,1.));
#10785 = ORIENTED_EDGE('',*,*,#1049,.F.);
#10786 = PLANE('',#10787);
#10787 = AXIS2_PLACEMENT_3D('',#10788,#10789,#10790);
#10788 = CARTESIAN_POINT('',(89.38466,-97.388175,0.));
#10789 = DIRECTION('',(4.864477914794E-02,0.998816141971,-0.));
#10790 = DIRECTION('',(0.998816141971,-4.864477914794E-02,0.));
#10791 = ADVANCED_FACE('',(#10792),#10803,.F.);
#10792 = FACE_BOUND('',#10793,.T.);
#10793 = EDGE_LOOP('',(#10794,#10800,#10801,#10802));
#10794 = ORIENTED_EDGE('',*,*,#10795,.T.);
#10795 = EDGE_CURVE('',#1033,#5424,#10796,.T.);
#10796 = LINE('',#10797,#10798);
#10797 = CARTESIAN_POINT('',(102.44747,-97.391234,0.));
#10798 = VECTOR('',#10799,1.);
#10799 = DIRECTION('',(0.,0.,1.));
#10800 = ORIENTED_EDGE('',*,*,#5423,.T.);
#10801 = ORIENTED_EDGE('',*,*,#10761,.F.);
#10802 = ORIENTED_EDGE('',*,*,#1032,.F.);
#10803 = CYLINDRICAL_SURFACE('',#10804,0.497940142437);
#10804 = AXIS2_PLACEMENT_3D('',#10805,#10806,#10807);
#10805 = CARTESIAN_POINT('',(102.45144779014,-96.89330974608,0.));
#10806 = DIRECTION('',(-0.,-0.,-1.));
#10807 = DIRECTION('',(-7.988490599053E-03,-0.9999680915,0.));
#10808 = ADVANCED_FACE('',(#10809),#10815,.T.);
#10809 = FACE_BOUND('',#10810,.T.);
#10810 = EDGE_LOOP('',(#10811,#10812,#10813,#10814));
#10811 = ORIENTED_EDGE('',*,*,#10780,.T.);
#10812 = ORIENTED_EDGE('',*,*,#5432,.T.);
#10813 = ORIENTED_EDGE('',*,*,#10795,.F.);
#10814 = ORIENTED_EDGE('',*,*,#1041,.F.);
#10815 = PLANE('',#10816);
#10816 = AXIS2_PLACEMENT_3D('',#10817,#10818,#10819);
#10817 = CARTESIAN_POINT('',(89.44747,-97.391234,0.));
#10818 = DIRECTION('',(0.,1.,0.));
#10819 = DIRECTION('',(1.,0.,0.));
#10820 = ADVANCED_FACE('',(#10821),#10837,.F.);
#10821 = FACE_BOUND('',#10822,.T.);
#10822 = EDGE_LOOP('',(#10823,#10829,#10830,#10836));
#10823 = ORIENTED_EDGE('',*,*,#10824,.T.);
#10824 = EDGE_CURVE('',#1091,#5482,#10825,.T.);
#10825 = LINE('',#10826,#10827);
#10826 = CARTESIAN_POINT('',(108.49747,-83.391234,0.));
#10827 = VECTOR('',#10828,1.);
#10828 = DIRECTION('',(0.,0.,1.));
#10829 = ORIENTED_EDGE('',*,*,#5481,.T.);
#10830 = ORIENTED_EDGE('',*,*,#10831,.F.);
#10831 = EDGE_CURVE('',#1093,#5484,#10832,.T.);
#10832 = LINE('',#10833,#10834);
#10833 = CARTESIAN_POINT('',(107.999413,-83.82566,0.));
#10834 = VECTOR('',#10835,1.);
#10835 = DIRECTION('',(0.,0.,1.));
#10836 = ORIENTED_EDGE('',*,*,#1090,.F.);
#10837 = CYLINDRICAL_SURFACE('',#10838,0.497554635006);
#10838 = AXIS2_PLACEMENT_3D('',#10839,#10840,#10841);
#10839 = CARTESIAN_POINT('',(108.49294920228,-83.88876809652,0.));
#10840 = DIRECTION('',(-0.,-0.,-1.));
#10841 = DIRECTION('',(9.086032757178E-03,0.999958721152,-0.));
#10842 = ADVANCED_FACE('',(#10843),#10854,.T.);
#10843 = FACE_BOUND('',#10844,.T.);
#10844 = EDGE_LOOP('',(#10845,#10851,#10852,#10853));
#10845 = ORIENTED_EDGE('',*,*,#10846,.T.);
#10846 = EDGE_CURVE('',#1102,#5493,#10847,.T.);
#10847 = LINE('',#10848,#10849);
#10848 = CARTESIAN_POINT('',(121.49747,-83.391234,0.));
#10849 = VECTOR('',#10850,1.);
#10850 = DIRECTION('',(0.,0.,1.));
#10851 = ORIENTED_EDGE('',*,*,#5492,.T.);
#10852 = ORIENTED_EDGE('',*,*,#10824,.F.);
#10853 = ORIENTED_EDGE('',*,*,#1101,.F.);
#10854 = PLANE('',#10855);
#10855 = AXIS2_PLACEMENT_3D('',#10856,#10857,#10858);
#10856 = CARTESIAN_POINT('',(121.49747,-83.391234,0.));
#10857 = DIRECTION('',(0.,-1.,0.));
#10858 = DIRECTION('',(-1.,0.,0.));
#10859 = ADVANCED_FACE('',(#10860),#10871,.T.);
#10860 = FACE_BOUND('',#10861,.T.);
#10861 = EDGE_LOOP('',(#10862,#10863,#10864,#10870));
#10862 = ORIENTED_EDGE('',*,*,#10831,.T.);
#10863 = ORIENTED_EDGE('',*,*,#5583,.T.);
#10864 = ORIENTED_EDGE('',*,*,#10865,.F.);
#10865 = EDGE_CURVE('',#1185,#5576,#10866,.T.);
#10866 = LINE('',#10867,#10868);
#10867 = CARTESIAN_POINT('',(107.99747,-83.891234,0.));
#10868 = VECTOR('',#10869,1.);
#10869 = DIRECTION('',(0.,0.,1.));
#10870 = ORIENTED_EDGE('',*,*,#1192,.F.);
#10871 = PLANE('',#10872);
#10872 = AXIS2_PLACEMENT_3D('',#10873,#10874,#10875);
#10873 = CARTESIAN_POINT('',(107.999413,-83.82566,0.));
#10874 = DIRECTION('',(0.999561301254,-2.961764736532E-02,0.));
#10875 = DIRECTION('',(-2.961764736532E-02,-0.999561301254,0.));
#10876 = ADVANCED_FACE('',(#10877),#10888,.T.);
#10877 = FACE_BOUND('',#10878,.T.);
#10878 = EDGE_LOOP('',(#10879,#10885,#10886,#10887));
#10879 = ORIENTED_EDGE('',*,*,#10880,.T.);
#10880 = EDGE_CURVE('',#1110,#5501,#10881,.T.);
#10881 = LINE('',#10882,#10883);
#10882 = CARTESIAN_POINT('',(121.563041,-83.393178,0.));
#10883 = VECTOR('',#10884,1.);
#10884 = DIRECTION('',(0.,0.,1.));
#10885 = ORIENTED_EDGE('',*,*,#5500,.T.);
#10886 = ORIENTED_EDGE('',*,*,#10846,.F.);
#10887 = ORIENTED_EDGE('',*,*,#1109,.F.);
#10888 = PLANE('',#10889);
#10889 = AXIS2_PLACEMENT_3D('',#10890,#10891,#10892);
#10890 = CARTESIAN_POINT('',(121.563041,-83.393178,0.));
#10891 = DIRECTION('',(-2.963423181105E-02,-0.999560809708,0.));
#10892 = DIRECTION('',(-0.999560809708,2.963423181105E-02,0.));
#10893 = ADVANCED_FACE('',(#10894),#10905,.T.);
#10894 = FACE_BOUND('',#10895,.T.);
#10895 = EDGE_LOOP('',(#10896,#10897,#10898,#10904));
#10896 = ORIENTED_EDGE('',*,*,#10865,.T.);
#10897 = ORIENTED_EDGE('',*,*,#5575,.T.);
#10898 = ORIENTED_EDGE('',*,*,#10899,.F.);
#10899 = EDGE_CURVE('',#1177,#5568,#10900,.T.);
#10900 = LINE('',#10901,#10902);
#10901 = CARTESIAN_POINT('',(107.99747,-96.891234,0.));
#10902 = VECTOR('',#10903,1.);
#10903 = DIRECTION('',(0.,0.,1.));
#10904 = ORIENTED_EDGE('',*,*,#1184,.F.);
#10905 = PLANE('',#10906);
#10906 = AXIS2_PLACEMENT_3D('',#10907,#10908,#10909);
#10907 = CARTESIAN_POINT('',(107.99747,-83.891234,0.));
#10908 = DIRECTION('',(1.,0.,-0.));
#10909 = DIRECTION('',(0.,-1.,0.));
#10910 = ADVANCED_FACE('',(#10911),#10922,.F.);
#10911 = FACE_BOUND('',#10912,.T.);
#10912 = EDGE_LOOP('',(#10913,#10919,#10920,#10921));
#10913 = ORIENTED_EDGE('',*,*,#10914,.T.);
#10914 = EDGE_CURVE('',#1118,#5509,#10915,.T.);
#10915 = LINE('',#10916,#10917);
#10916 = CARTESIAN_POINT('',(121.99747,-83.891234,0.));
#10917 = VECTOR('',#10918,1.);
#10918 = DIRECTION('',(0.,0.,1.));
#10919 = ORIENTED_EDGE('',*,*,#5508,.T.);
#10920 = ORIENTED_EDGE('',*,*,#10880,.F.);
#10921 = ORIENTED_EDGE('',*,*,#1117,.F.);
#10922 = CYLINDRICAL_SURFACE('',#10923,0.49762810037);
#10923 = AXIS2_PLACEMENT_3D('',#10924,#10925,#10926);
#10924 = CARTESIAN_POINT('',(121.49986184008,-83.88677917507,0.));
#10925 = DIRECTION('',(-0.,-0.,-1.));
#10926 = DIRECTION('',(0.999959928999,-8.952116905798E-03,0.));
#10927 = ADVANCED_FACE('',(#10928),#10939,.T.);
#10928 = FACE_BOUND('',#10929,.T.);
#10929 = EDGE_LOOP('',(#10930,#10931,#10932,#10938));
#10930 = ORIENTED_EDGE('',*,*,#10899,.T.);
#10931 = ORIENTED_EDGE('',*,*,#5567,.T.);
#10932 = ORIENTED_EDGE('',*,*,#10933,.F.);
#10933 = EDGE_CURVE('',#1168,#5559,#10934,.T.);
#10934 = LINE('',#10935,#10936);
#10935 = CARTESIAN_POINT('',(108.000234,-96.890118,0.));
#10936 = VECTOR('',#10937,1.);
#10937 = DIRECTION('',(0.,0.,1.));
#10938 = ORIENTED_EDGE('',*,*,#1176,.F.);
#10939 = PLANE('',#10940);
#10940 = AXIS2_PLACEMENT_3D('',#10941,#10942,#10943);
#10941 = CARTESIAN_POINT('',(107.99747,-96.891234,0.));
#10942 = DIRECTION('',(-0.374396485847,0.927268715845,0.));
#10943 = DIRECTION('',(0.927268715845,0.374396485847,0.));
#10944 = ADVANCED_FACE('',(#10945),#10956,.T.);
#10945 = FACE_BOUND('',#10946,.T.);
#10946 = EDGE_LOOP('',(#10947,#10953,#10954,#10955));
#10947 = ORIENTED_EDGE('',*,*,#10948,.T.);
#10948 = EDGE_CURVE('',#1127,#5518,#10949,.T.);
#10949 = LINE('',#10950,#10951);
#10950 = CARTESIAN_POINT('',(121.99747,-96.891234,0.));
#10951 = VECTOR('',#10952,1.);
#10952 = DIRECTION('',(0.,0.,1.));
#10953 = ORIENTED_EDGE('',*,*,#5517,.T.);
#10954 = ORIENTED_EDGE('',*,*,#10914,.F.);
#10955 = ORIENTED_EDGE('',*,*,#1126,.F.);
#10956 = PLANE('',#10957);
#10957 = AXIS2_PLACEMENT_3D('',#10958,#10959,#10960);
#10958 = CARTESIAN_POINT('',(121.99747,-96.891234,0.));
#10959 = DIRECTION('',(-1.,0.,0.));
#10960 = DIRECTION('',(0.,1.,0.));
#10961 = ADVANCED_FACE('',(#10962),#10973,.F.);
#10962 = FACE_BOUND('',#10963,.T.);
#10963 = EDGE_LOOP('',(#10964,#10965,#10966,#10972));
#10964 = ORIENTED_EDGE('',*,*,#10933,.T.);
#10965 = ORIENTED_EDGE('',*,*,#5558,.T.);
#10966 = ORIENTED_EDGE('',*,*,#10967,.F.);
#10967 = EDGE_CURVE('',#1160,#5551,#10968,.T.);
#10968 = LINE('',#10969,#10970);
#10969 = CARTESIAN_POINT('',(108.43466,-97.388175,0.));
#10970 = VECTOR('',#10971,1.);
#10971 = DIRECTION('',(0.,0.,1.));
#10972 = ORIENTED_EDGE('',*,*,#1167,.F.);
#10973 = CYLINDRICAL_SURFACE('',#10974,0.497565516144);
#10974 = AXIS2_PLACEMENT_3D('',#10975,#10976,#10977);
#10975 = CARTESIAN_POINT('',(108.49777906494,-96.89462923059,0.));
#10976 = DIRECTION('',(-0.,-0.,-1.));
#10977 = DIRECTION('',(-0.999958897481,9.066606207033E-03,0.));
#10978 = ADVANCED_FACE('',(#10979),#10990,.T.);
#10979 = FACE_BOUND('',#10980,.T.);
#10980 = EDGE_LOOP('',(#10981,#10987,#10988,#10989));
#10981 = ORIENTED_EDGE('',*,*,#10982,.T.);
#10982 = EDGE_CURVE('',#1135,#5526,#10983,.T.);
#10983 = LINE('',#10984,#10985);
#10984 = CARTESIAN_POINT('',(121.995327,-96.956774,0.));
#10985 = VECTOR('',#10986,1.);
#10986 = DIRECTION('',(0.,0.,1.));
#10987 = ORIENTED_EDGE('',*,*,#5525,.T.);
#10988 = ORIENTED_EDGE('',*,*,#10948,.F.);
#10989 = ORIENTED_EDGE('',*,*,#1134,.F.);
#10990 = PLANE('',#10991);
#10991 = AXIS2_PLACEMENT_3D('',#10992,#10993,#10994);
#10992 = CARTESIAN_POINT('',(121.995327,-96.956774,0.));
#10993 = DIRECTION('',(-0.999465862088,3.268012423648E-02,0.));
#10994 = DIRECTION('',(3.268012423648E-02,0.999465862088,0.));
#10995 = ADVANCED_FACE('',(#10996),#11007,.T.);
#10996 = FACE_BOUND('',#10997,.T.);
#10997 = EDGE_LOOP('',(#10998,#10999,#11000,#11006));
#10998 = ORIENTED_EDGE('',*,*,#10967,.T.);
#10999 = ORIENTED_EDGE('',*,*,#5550,.T.);
#11000 = ORIENTED_EDGE('',*,*,#11001,.F.);
#11001 = EDGE_CURVE('',#1152,#5543,#11002,.T.);
#11002 = LINE('',#11003,#11004);
#11003 = CARTESIAN_POINT('',(108.49747,-97.391234,0.));
#11004 = VECTOR('',#11005,1.);
#11005 = DIRECTION('',(0.,0.,1.));
#11006 = ORIENTED_EDGE('',*,*,#1159,.F.);
#11007 = PLANE('',#11008);
#11008 = AXIS2_PLACEMENT_3D('',#11009,#11010,#11011);
#11009 = CARTESIAN_POINT('',(108.43466,-97.388175,0.));
#11010 = DIRECTION('',(4.864477914793E-02,0.998816141971,-0.));
#11011 = DIRECTION('',(0.998816141971,-4.864477914793E-02,0.));
#11012 = ADVANCED_FACE('',(#11013),#11024,.F.);
#11013 = FACE_BOUND('',#11014,.T.);
#11014 = EDGE_LOOP('',(#11015,#11021,#11022,#11023));
#11015 = ORIENTED_EDGE('',*,*,#11016,.T.);
#11016 = EDGE_CURVE('',#1143,#5534,#11017,.T.);
#11017 = LINE('',#11018,#11019);
#11018 = CARTESIAN_POINT('',(121.49747,-97.391234,0.));
#11019 = VECTOR('',#11020,1.);
#11020 = DIRECTION('',(0.,0.,1.));
#11021 = ORIENTED_EDGE('',*,*,#5533,.T.);
#11022 = ORIENTED_EDGE('',*,*,#10982,.F.);
#11023 = ORIENTED_EDGE('',*,*,#1142,.F.);
#11024 = CYLINDRICAL_SURFACE('',#11025,0.497940142437);
#11025 = AXIS2_PLACEMENT_3D('',#11026,#11027,#11028);
#11026 = CARTESIAN_POINT('',(121.50144779014,-96.89330974608,0.));
#11027 = DIRECTION('',(-0.,-0.,-1.));
#11028 = DIRECTION('',(-7.988490599082E-03,-0.9999680915,0.));
#11029 = ADVANCED_FACE('',(#11030),#11036,.T.);
#11030 = FACE_BOUND('',#11031,.T.);
#11031 = EDGE_LOOP('',(#11032,#11033,#11034,#11035));
#11032 = ORIENTED_EDGE('',*,*,#11001,.T.);
#11033 = ORIENTED_EDGE('',*,*,#5542,.T.);
#11034 = ORIENTED_EDGE('',*,*,#11016,.F.);
#11035 = ORIENTED_EDGE('',*,*,#1151,.F.);
#11036 = PLANE('',#11037);
#11037 = AXIS2_PLACEMENT_3D('',#11038,#11039,#11040);
#11038 = CARTESIAN_POINT('',(108.49747,-97.391234,0.));
#11039 = DIRECTION('',(0.,1.,0.));
#11040 = DIRECTION('',(1.,0.,0.));
#11041 = ADVANCED_FACE('',(#11042),#11058,.F.);
#11042 = FACE_BOUND('',#11043,.T.);
#11043 = EDGE_LOOP('',(#11044,#11050,#11051,#11057));
#11044 = ORIENTED_EDGE('',*,*,#11045,.T.);
#11045 = EDGE_CURVE('',#1201,#5592,#11046,.T.);
#11046 = LINE('',#11047,#11048);
#11047 = CARTESIAN_POINT('',(127.54747,-83.391234,0.));
#11048 = VECTOR('',#11049,1.);
#11049 = DIRECTION('',(0.,0.,1.));
#11050 = ORIENTED_EDGE('',*,*,#5591,.T.);
#11051 = ORIENTED_EDGE('',*,*,#11052,.F.);
#11052 = EDGE_CURVE('',#1203,#5594,#11053,.T.);
#11053 = LINE('',#11054,#11055);
#11054 = CARTESIAN_POINT('',(127.049413,-83.82566,0.));
#11055 = VECTOR('',#11056,1.);
#11056 = DIRECTION('',(0.,0.,1.));
#11057 = ORIENTED_EDGE('',*,*,#1200,.F.);
#11058 = CYLINDRICAL_SURFACE('',#11059,0.497554635006);
#11059 = AXIS2_PLACEMENT_3D('',#11060,#11061,#11062);
#11060 = CARTESIAN_POINT('',(127.54294920228,-83.88876809652,0.));
#11061 = DIRECTION('',(-0.,-0.,-1.));
#11062 = DIRECTION('',(9.086032757149E-03,0.999958721152,-0.));
#11063 = ADVANCED_FACE('',(#11064),#11075,.T.);
#11064 = FACE_BOUND('',#11065,.T.);
#11065 = EDGE_LOOP('',(#11066,#11072,#11073,#11074));
#11066 = ORIENTED_EDGE('',*,*,#11067,.T.);
#11067 = EDGE_CURVE('',#1212,#5603,#11068,.T.);
#11068 = LINE('',#11069,#11070);
#11069 = CARTESIAN_POINT('',(140.54747,-83.391234,0.));
#11070 = VECTOR('',#11071,1.);
#11071 = DIRECTION('',(0.,0.,1.));
#11072 = ORIENTED_EDGE('',*,*,#5602,.T.);
#11073 = ORIENTED_EDGE('',*,*,#11045,.F.);
#11074 = ORIENTED_EDGE('',*,*,#1211,.F.);
#11075 = PLANE('',#11076);
#11076 = AXIS2_PLACEMENT_3D('',#11077,#11078,#11079);
#11077 = CARTESIAN_POINT('',(140.54747,-83.391234,0.));
#11078 = DIRECTION('',(0.,-1.,0.));
#11079 = DIRECTION('',(-1.,0.,0.));
#11080 = ADVANCED_FACE('',(#11081),#11092,.T.);
#11081 = FACE_BOUND('',#11082,.T.);
#11082 = EDGE_LOOP('',(#11083,#11084,#11085,#11091));
#11083 = ORIENTED_EDGE('',*,*,#11052,.T.);
#11084 = ORIENTED_EDGE('',*,*,#5693,.T.);
#11085 = ORIENTED_EDGE('',*,*,#11086,.F.);
#11086 = EDGE_CURVE('',#1295,#5686,#11087,.T.);
#11087 = LINE('',#11088,#11089);
#11088 = CARTESIAN_POINT('',(127.04747,-83.891234,0.));
#11089 = VECTOR('',#11090,1.);
#11090 = DIRECTION('',(0.,0.,1.));
#11091 = ORIENTED_EDGE('',*,*,#1302,.F.);
#11092 = PLANE('',#11093);
#11093 = AXIS2_PLACEMENT_3D('',#11094,#11095,#11096);
#11094 = CARTESIAN_POINT('',(127.049413,-83.82566,0.));
#11095 = DIRECTION('',(0.999561301254,-2.961764736532E-02,0.));
#11096 = DIRECTION('',(-2.961764736532E-02,-0.999561301254,0.));
#11097 = ADVANCED_FACE('',(#11098),#11109,.T.);
#11098 = FACE_BOUND('',#11099,.T.);
#11099 = EDGE_LOOP('',(#11100,#11106,#11107,#11108));
#11100 = ORIENTED_EDGE('',*,*,#11101,.T.);
#11101 = EDGE_CURVE('',#1220,#5611,#11102,.T.);
#11102 = LINE('',#11103,#11104);
#11103 = CARTESIAN_POINT('',(140.613041,-83.393178,0.));
#11104 = VECTOR('',#11105,1.);
#11105 = DIRECTION('',(0.,0.,1.));
#11106 = ORIENTED_EDGE('',*,*,#5610,.T.);
#11107 = ORIENTED_EDGE('',*,*,#11067,.F.);
#11108 = ORIENTED_EDGE('',*,*,#1219,.F.);
#11109 = PLANE('',#11110);
#11110 = AXIS2_PLACEMENT_3D('',#11111,#11112,#11113);
#11111 = CARTESIAN_POINT('',(140.613041,-83.393178,0.));
#11112 = DIRECTION('',(-2.963423181104E-02,-0.999560809708,0.));
#11113 = DIRECTION('',(-0.999560809708,2.963423181104E-02,0.));
#11114 = ADVANCED_FACE('',(#11115),#11126,.T.);
#11115 = FACE_BOUND('',#11116,.T.);
#11116 = EDGE_LOOP('',(#11117,#11118,#11119,#11125));
#11117 = ORIENTED_EDGE('',*,*,#11086,.T.);
#11118 = ORIENTED_EDGE('',*,*,#5685,.T.);
#11119 = ORIENTED_EDGE('',*,*,#11120,.F.);
#11120 = EDGE_CURVE('',#1287,#5678,#11121,.T.);
#11121 = LINE('',#11122,#11123);
#11122 = CARTESIAN_POINT('',(127.04747,-96.891234,0.));
#11123 = VECTOR('',#11124,1.);
#11124 = DIRECTION('',(0.,0.,1.));
#11125 = ORIENTED_EDGE('',*,*,#1294,.F.);
#11126 = PLANE('',#11127);
#11127 = AXIS2_PLACEMENT_3D('',#11128,#11129,#11130);
#11128 = CARTESIAN_POINT('',(127.04747,-83.891234,0.));
#11129 = DIRECTION('',(1.,0.,-0.));
#11130 = DIRECTION('',(0.,-1.,0.));
#11131 = ADVANCED_FACE('',(#11132),#11143,.F.);
#11132 = FACE_BOUND('',#11133,.T.);
#11133 = EDGE_LOOP('',(#11134,#11140,#11141,#11142));
#11134 = ORIENTED_EDGE('',*,*,#11135,.T.);
#11135 = EDGE_CURVE('',#1228,#5619,#11136,.T.);
#11136 = LINE('',#11137,#11138);
#11137 = CARTESIAN_POINT('',(141.04747,-83.891234,0.));
#11138 = VECTOR('',#11139,1.);
#11139 = DIRECTION('',(0.,0.,1.));
#11140 = ORIENTED_EDGE('',*,*,#5618,.T.);
#11141 = ORIENTED_EDGE('',*,*,#11101,.F.);
#11142 = ORIENTED_EDGE('',*,*,#1227,.F.);
#11143 = CYLINDRICAL_SURFACE('',#11144,0.49762810037);
#11144 = AXIS2_PLACEMENT_3D('',#11145,#11146,#11147);
#11145 = CARTESIAN_POINT('',(140.54986184008,-83.88677917507,0.));
#11146 = DIRECTION('',(-0.,-0.,-1.));
#11147 = DIRECTION('',(0.999959928999,-8.952116905827E-03,0.));
#11148 = ADVANCED_FACE('',(#11149),#11160,.T.);
#11149 = FACE_BOUND('',#11150,.T.);
#11150 = EDGE_LOOP('',(#11151,#11152,#11153,#11159));
#11151 = ORIENTED_EDGE('',*,*,#11120,.T.);
#11152 = ORIENTED_EDGE('',*,*,#5677,.T.);
#11153 = ORIENTED_EDGE('',*,*,#11154,.F.);
#11154 = EDGE_CURVE('',#1278,#5669,#11155,.T.);
#11155 = LINE('',#11156,#11157);
#11156 = CARTESIAN_POINT('',(127.050234,-96.890118,0.));
#11157 = VECTOR('',#11158,1.);
#11158 = DIRECTION('',(0.,0.,1.));
#11159 = ORIENTED_EDGE('',*,*,#1286,.F.);
#11160 = PLANE('',#11161);
#11161 = AXIS2_PLACEMENT_3D('',#11162,#11163,#11164);
#11162 = CARTESIAN_POINT('',(127.04747,-96.891234,0.));
#11163 = DIRECTION('',(-0.374396485847,0.927268715845,0.));
#11164 = DIRECTION('',(0.927268715845,0.374396485847,0.));
#11165 = ADVANCED_FACE('',(#11166),#11177,.T.);
#11166 = FACE_BOUND('',#11167,.T.);
#11167 = EDGE_LOOP('',(#11168,#11174,#11175,#11176));
#11168 = ORIENTED_EDGE('',*,*,#11169,.T.);
#11169 = EDGE_CURVE('',#1237,#5628,#11170,.T.);
#11170 = LINE('',#11171,#11172);
#11171 = CARTESIAN_POINT('',(141.04747,-96.891234,0.));
#11172 = VECTOR('',#11173,1.);
#11173 = DIRECTION('',(0.,0.,1.));
#11174 = ORIENTED_EDGE('',*,*,#5627,.T.);
#11175 = ORIENTED_EDGE('',*,*,#11135,.F.);
#11176 = ORIENTED_EDGE('',*,*,#1236,.F.);
#11177 = PLANE('',#11178);
#11178 = AXIS2_PLACEMENT_3D('',#11179,#11180,#11181);
#11179 = CARTESIAN_POINT('',(141.04747,-96.891234,0.));
#11180 = DIRECTION('',(-1.,0.,0.));
#11181 = DIRECTION('',(0.,1.,0.));
#11182 = ADVANCED_FACE('',(#11183),#11194,.F.);
#11183 = FACE_BOUND('',#11184,.T.);
#11184 = EDGE_LOOP('',(#11185,#11186,#11187,#11193));
#11185 = ORIENTED_EDGE('',*,*,#11154,.T.);
#11186 = ORIENTED_EDGE('',*,*,#5668,.T.);
#11187 = ORIENTED_EDGE('',*,*,#11188,.F.);
#11188 = EDGE_CURVE('',#1270,#5661,#11189,.T.);
#11189 = LINE('',#11190,#11191);
#11190 = CARTESIAN_POINT('',(127.48466,-97.388175,0.));
#11191 = VECTOR('',#11192,1.);
#11192 = DIRECTION('',(0.,0.,1.));
#11193 = ORIENTED_EDGE('',*,*,#1277,.F.);
#11194 = CYLINDRICAL_SURFACE('',#11195,0.497565516144);
#11195 = AXIS2_PLACEMENT_3D('',#11196,#11197,#11198);
#11196 = CARTESIAN_POINT('',(127.54777906494,-96.89462923059,0.));
#11197 = DIRECTION('',(-0.,-0.,-1.));
#11198 = DIRECTION('',(-0.999958897481,9.066606207062E-03,0.));
#11199 = ADVANCED_FACE('',(#11200),#11211,.T.);
#11200 = FACE_BOUND('',#11201,.T.);
#11201 = EDGE_LOOP('',(#11202,#11208,#11209,#11210));
#11202 = ORIENTED_EDGE('',*,*,#11203,.T.);
#11203 = EDGE_CURVE('',#1245,#5636,#11204,.T.);
#11204 = LINE('',#11205,#11206);
#11205 = CARTESIAN_POINT('',(141.045327,-96.956774,0.));
#11206 = VECTOR('',#11207,1.);
#11207 = DIRECTION('',(0.,0.,1.));
#11208 = ORIENTED_EDGE('',*,*,#5635,.T.);
#11209 = ORIENTED_EDGE('',*,*,#11169,.F.);
#11210 = ORIENTED_EDGE('',*,*,#1244,.F.);
#11211 = PLANE('',#11212);
#11212 = AXIS2_PLACEMENT_3D('',#11213,#11214,#11215);
#11213 = CARTESIAN_POINT('',(141.045327,-96.956774,0.));
#11214 = DIRECTION('',(-0.999465862088,3.26801242367E-02,0.));
#11215 = DIRECTION('',(3.26801242367E-02,0.999465862088,0.));
#11216 = ADVANCED_FACE('',(#11217),#11228,.T.);
#11217 = FACE_BOUND('',#11218,.T.);
#11218 = EDGE_LOOP('',(#11219,#11220,#11221,#11227));
#11219 = ORIENTED_EDGE('',*,*,#11188,.T.);
#11220 = ORIENTED_EDGE('',*,*,#5660,.T.);
#11221 = ORIENTED_EDGE('',*,*,#11222,.F.);
#11222 = EDGE_CURVE('',#1262,#5653,#11223,.T.);
#11223 = LINE('',#11224,#11225);
#11224 = CARTESIAN_POINT('',(127.54747,-97.391234,0.));
#11225 = VECTOR('',#11226,1.);
#11226 = DIRECTION('',(0.,0.,1.));
#11227 = ORIENTED_EDGE('',*,*,#1269,.F.);
#11228 = PLANE('',#11229);
#11229 = AXIS2_PLACEMENT_3D('',#11230,#11231,#11232);
#11230 = CARTESIAN_POINT('',(127.48466,-97.388175,0.));
#11231 = DIRECTION('',(4.864477914794E-02,0.998816141971,-0.));
#11232 = DIRECTION('',(0.998816141971,-4.864477914794E-02,0.));
#11233 = ADVANCED_FACE('',(#11234),#11245,.F.);
#11234 = FACE_BOUND('',#11235,.T.);
#11235 = EDGE_LOOP('',(#11236,#11242,#11243,#11244));
#11236 = ORIENTED_EDGE('',*,*,#11237,.T.);
#11237 = EDGE_CURVE('',#1253,#5644,#11238,.T.);
#11238 = LINE('',#11239,#11240);
#11239 = CARTESIAN_POINT('',(140.54747,-97.391234,0.));
#11240 = VECTOR('',#11241,1.);
#11241 = DIRECTION('',(0.,0.,1.));
#11242 = ORIENTED_EDGE('',*,*,#5643,.T.);
#11243 = ORIENTED_EDGE('',*,*,#11203,.F.);
#11244 = ORIENTED_EDGE('',*,*,#1252,.F.);
#11245 = CYLINDRICAL_SURFACE('',#11246,0.497940142437);
#11246 = AXIS2_PLACEMENT_3D('',#11247,#11248,#11249);
#11247 = CARTESIAN_POINT('',(140.55144779014,-96.89330974608,0.));
#11248 = DIRECTION('',(-0.,-0.,-1.));
#11249 = DIRECTION('',(-7.988490599025E-03,-0.9999680915,0.));
#11250 = ADVANCED_FACE('',(#11251),#11257,.T.);
#11251 = FACE_BOUND('',#11252,.T.);
#11252 = EDGE_LOOP('',(#11253,#11254,#11255,#11256));
#11253 = ORIENTED_EDGE('',*,*,#11222,.T.);
#11254 = ORIENTED_EDGE('',*,*,#5652,.T.);
#11255 = ORIENTED_EDGE('',*,*,#11237,.F.);
#11256 = ORIENTED_EDGE('',*,*,#1261,.F.);
#11257 = PLANE('',#11258);
#11258 = AXIS2_PLACEMENT_3D('',#11259,#11260,#11261);
#11259 = CARTESIAN_POINT('',(127.54747,-97.391234,0.));
#11260 = DIRECTION('',(0.,1.,0.));
#11261 = DIRECTION('',(1.,0.,0.));
#11262 = ADVANCED_FACE('',(#11263),#11279,.F.);
#11263 = FACE_BOUND('',#11264,.T.);
#11264 = EDGE_LOOP('',(#11265,#11271,#11272,#11278));
#11265 = ORIENTED_EDGE('',*,*,#11266,.T.);
#11266 = EDGE_CURVE('',#1311,#5702,#11267,.T.);
#11267 = LINE('',#11268,#11269);
#11268 = CARTESIAN_POINT('',(133.48815,-106.205678,0.));
#11269 = VECTOR('',#11270,1.);
#11270 = DIRECTION('',(0.,0.,1.));
#11271 = ORIENTED_EDGE('',*,*,#5701,.T.);
#11272 = ORIENTED_EDGE('',*,*,#11273,.F.);
#11273 = EDGE_CURVE('',#1313,#5704,#11274,.T.);
#11274 = LINE('',#11275,#11276);
#11275 = CARTESIAN_POINT('',(133.05372,-106.703733,0.));
#11276 = VECTOR('',#11277,1.);
#11277 = DIRECTION('',(0.,0.,1.));
#11278 = ORIENTED_EDGE('',*,*,#1310,.F.);
#11279 = CYLINDRICAL_SURFACE('',#11280,0.497645133506);
#11280 = AXIS2_PLACEMENT_3D('',#11281,#11282,#11283);
#11281 = CARTESIAN_POINT('',(133.55134533761,-106.6992942762,0.));
#11282 = DIRECTION('',(-0.,-0.,-1.));
#11283 = DIRECTION('',(-0.126988758369,0.991904156281,0.));
#11284 = ADVANCED_FACE('',(#11285),#11296,.T.);
#11285 = FACE_BOUND('',#11286,.T.);
#11286 = EDGE_LOOP('',(#11287,#11293,#11294,#11295));
#11287 = ORIENTED_EDGE('',*,*,#11288,.T.);
#11288 = EDGE_CURVE('',#1322,#5713,#11289,.T.);
#11289 = LINE('',#11290,#11291);
#11290 = CARTESIAN_POINT('',(133.55372,-106.203733,0.));
#11291 = VECTOR('',#11292,1.);
#11292 = DIRECTION('',(0.,0.,1.));
#11293 = ORIENTED_EDGE('',*,*,#5712,.T.);
#11294 = ORIENTED_EDGE('',*,*,#11266,.F.);
#11295 = ORIENTED_EDGE('',*,*,#1321,.F.);
#11296 = PLANE('',#11297);
#11297 = AXIS2_PLACEMENT_3D('',#11298,#11299,#11300);
#11298 = CARTESIAN_POINT('',(133.55372,-106.203733,0.));
#11299 = DIRECTION('',(2.964991414282E-02,-0.999560344647,0.));
#11300 = DIRECTION('',(-0.999560344647,-2.964991414282E-02,0.));
#11301 = ADVANCED_FACE('',(#11302),#11313,.T.);
#11302 = FACE_BOUND('',#11303,.T.);
#11303 = EDGE_LOOP('',(#11304,#11305,#11306,#11312));
#11304 = ORIENTED_EDGE('',*,*,#11273,.T.);
#11305 = ORIENTED_EDGE('',*,*,#6026,.T.);
#11306 = ORIENTED_EDGE('',*,*,#11307,.F.);
#11307 = EDGE_CURVE('',#1628,#6019,#11308,.T.);
#11308 = LINE('',#11309,#11310);
#11309 = CARTESIAN_POINT('',(133.03497,-107.208734,0.));
#11310 = VECTOR('',#11311,1.);
#11311 = DIRECTION('',(0.,0.,1.));
#11312 = ORIENTED_EDGE('',*,*,#1635,.F.);
#11313 = PLANE('',#11314);
#11314 = AXIS2_PLACEMENT_3D('',#11315,#11316,#11317);
#11315 = CARTESIAN_POINT('',(133.05372,-106.703733,0.));
#11316 = DIRECTION('',(0.999311443888,-3.710307419769E-02,0.));
#11317 = DIRECTION('',(-3.710307419769E-02,-0.999311443888,0.));
#11318 = ADVANCED_FACE('',(#11319),#11330,.T.);
#11319 = FACE_BOUND('',#11320,.T.);
#11320 = EDGE_LOOP('',(#11321,#11327,#11328,#11329));
#11321 = ORIENTED_EDGE('',*,*,#11322,.T.);
#11322 = EDGE_CURVE('',#1330,#5721,#11323,.T.);
#11323 = LINE('',#11324,#11325);
#11324 = CARTESIAN_POINT('',(139.30372,-106.203733,0.));
#11325 = VECTOR('',#11326,1.);
#11326 = DIRECTION('',(0.,0.,1.));
#11327 = ORIENTED_EDGE('',*,*,#5720,.T.);
#11328 = ORIENTED_EDGE('',*,*,#11288,.F.);
#11329 = ORIENTED_EDGE('',*,*,#1329,.F.);
#11330 = PLANE('',#11331);
#11331 = AXIS2_PLACEMENT_3D('',#11332,#11333,#11334);
#11332 = CARTESIAN_POINT('',(139.30372,-106.203733,0.));
#11333 = DIRECTION('',(0.,-1.,0.));
#11334 = DIRECTION('',(-1.,0.,0.));
#11335 = ADVANCED_FACE('',(#11336),#11347,.T.);
#11336 = FACE_BOUND('',#11337,.T.);
#11337 = EDGE_LOOP('',(#11338,#11339,#11340,#11346));
#11338 = ORIENTED_EDGE('',*,*,#11307,.T.);
#11339 = ORIENTED_EDGE('',*,*,#6018,.T.);
#11340 = ORIENTED_EDGE('',*,*,#11341,.F.);
#11341 = EDGE_CURVE('',#1620,#6011,#11342,.T.);
#11342 = LINE('',#11343,#11344);
#11343 = CARTESIAN_POINT('',(118.37197,-107.203734,0.));
#11344 = VECTOR('',#11345,1.);
#11345 = DIRECTION('',(0.,0.,1.));
#11346 = ORIENTED_EDGE('',*,*,#1627,.F.);
#11347 = PLANE('',#11348);
#11348 = AXIS2_PLACEMENT_3D('',#11349,#11350,#11351);
#11349 = CARTESIAN_POINT('',(133.03497,-107.208734,0.));
#11350 = DIRECTION('',(-3.409943196697E-04,-0.999999941861,0.));
#11351 = DIRECTION('',(-0.999999941861,3.409943196697E-04,0.));
#11352 = ADVANCED_FACE('',(#11353),#11364,.F.);
#11353 = FACE_BOUND('',#11354,.T.);
#11354 = EDGE_LOOP('',(#11355,#11361,#11362,#11363));
#11355 = ORIENTED_EDGE('',*,*,#11356,.T.);
#11356 = EDGE_CURVE('',#1338,#5729,#11357,.T.);
#11357 = LINE('',#11358,#11359);
#11358 = CARTESIAN_POINT('',(139.801777,-106.638159,0.));
#11359 = VECTOR('',#11360,1.);
#11360 = DIRECTION('',(0.,0.,1.));
#11361 = ORIENTED_EDGE('',*,*,#5728,.T.);
#11362 = ORIENTED_EDGE('',*,*,#11322,.F.);
#11363 = ORIENTED_EDGE('',*,*,#1337,.F.);
#11364 = CYLINDRICAL_SURFACE('',#11365,0.497565516144);
#11365 = AXIS2_PLACEMENT_3D('',#11366,#11367,#11368);
#11366 = CARTESIAN_POINT('',(139.30823123059,-106.7012780649,0.));
#11367 = DIRECTION('',(-0.,-0.,-1.));
#11368 = DIRECTION('',(0.991921170961,0.126855786625,-0.));
#11369 = ADVANCED_FACE('',(#11370),#11381,.T.);
#11370 = FACE_BOUND('',#11371,.T.);
#11371 = EDGE_LOOP('',(#11372,#11373,#11374,#11380));
#11372 = ORIENTED_EDGE('',*,*,#11341,.T.);
#11373 = ORIENTED_EDGE('',*,*,#6010,.T.);
#11374 = ORIENTED_EDGE('',*,*,#11375,.F.);
#11375 = EDGE_CURVE('',#1612,#6003,#11376,.T.);
#11376 = LINE('',#11377,#11378);
#11377 = CARTESIAN_POINT('',(118.371865,-106.703733,0.));
#11378 = VECTOR('',#11379,1.);
#11379 = DIRECTION('',(0.,0.,1.));
#11380 = ORIENTED_EDGE('',*,*,#1619,.F.);
#11381 = PLANE('',#11382);
#11382 = AXIS2_PLACEMENT_3D('',#11383,#11384,#11385);
#11383 = CARTESIAN_POINT('',(118.37197,-107.203734,0.));
#11384 = DIRECTION('',(-0.99999997795,-2.099995753802E-04,0.));
#11385 = DIRECTION('',(-2.099995753802E-04,0.99999997795,0.));
#11386 = ADVANCED_FACE('',(#11387),#11398,.T.);
#11387 = FACE_BOUND('',#11388,.T.);
#11388 = EDGE_LOOP('',(#11389,#11395,#11396,#11397));
#11389 = ORIENTED_EDGE('',*,*,#11390,.T.);
#11390 = EDGE_CURVE('',#1347,#5738,#11391,.T.);
#11391 = LINE('',#11392,#11393);
#11392 = CARTESIAN_POINT('',(139.80372,-106.703733,0.));
#11393 = VECTOR('',#11394,1.);
#11394 = DIRECTION('',(0.,0.,1.));
#11395 = ORIENTED_EDGE('',*,*,#5737,.T.);
#11396 = ORIENTED_EDGE('',*,*,#11356,.F.);
#11397 = ORIENTED_EDGE('',*,*,#1346,.F.);
#11398 = PLANE('',#11399);
#11399 = AXIS2_PLACEMENT_3D('',#11400,#11401,#11402);
#11400 = CARTESIAN_POINT('',(139.80372,-106.703733,0.));
#11401 = DIRECTION('',(-0.999561301254,-2.961764736554E-02,0.));
#11402 = DIRECTION('',(-2.961764736554E-02,0.999561301254,0.));
#11403 = ADVANCED_FACE('',(#11404),#11415,.T.);
#11404 = FACE_BOUND('',#11405,.T.);
#11405 = EDGE_LOOP('',(#11406,#11407,#11408,#11414));
#11406 = ORIENTED_EDGE('',*,*,#11375,.T.);
#11407 = ORIENTED_EDGE('',*,*,#6002,.T.);
#11408 = ORIENTED_EDGE('',*,*,#11409,.F.);
#11409 = EDGE_CURVE('',#1603,#5994,#11410,.T.);
#11410 = LINE('',#11411,#11412);
#11411 = CARTESIAN_POINT('',(118.369707,-106.638195,0.));
#11412 = VECTOR('',#11413,1.);
#11413 = DIRECTION('',(0.,0.,1.));
#11414 = ORIENTED_EDGE('',*,*,#1611,.F.);
#11415 = PLANE('',#11416);
#11416 = AXIS2_PLACEMENT_3D('',#11417,#11418,#11419);
#11417 = CARTESIAN_POINT('',(118.371865,-106.703733,0.));
#11418 = DIRECTION('',(-0.999458331551,-3.290962616315E-02,0.));
#11419 = DIRECTION('',(-3.290962616315E-02,0.999458331551,0.));
#11420 = ADVANCED_FACE('',(#11421),#11432,.T.);
#11421 = FACE_BOUND('',#11422,.T.);
#11422 = EDGE_LOOP('',(#11423,#11429,#11430,#11431));
#11423 = ORIENTED_EDGE('',*,*,#11424,.T.);
#11424 = EDGE_CURVE('',#1355,#5746,#11425,.T.);
#11425 = LINE('',#11426,#11427);
#11426 = CARTESIAN_POINT('',(139.80372,-107.203734,0.));
#11427 = VECTOR('',#11428,1.);
#11428 = DIRECTION('',(0.,0.,1.));
#11429 = ORIENTED_EDGE('',*,*,#5745,.T.);
#11430 = ORIENTED_EDGE('',*,*,#11390,.F.);
#11431 = ORIENTED_EDGE('',*,*,#1354,.F.);
#11432 = PLANE('',#11433);
#11433 = AXIS2_PLACEMENT_3D('',#11434,#11435,#11436);
#11434 = CARTESIAN_POINT('',(139.80372,-107.203734,0.));
#11435 = DIRECTION('',(-1.,0.,0.));
#11436 = DIRECTION('',(0.,1.,0.));
#11437 = ADVANCED_FACE('',(#11438),#11449,.F.);
#11438 = FACE_BOUND('',#11439,.T.);
#11439 = EDGE_LOOP('',(#11440,#11441,#11442,#11448));
#11440 = ORIENTED_EDGE('',*,*,#11409,.T.);
#11441 = ORIENTED_EDGE('',*,*,#5993,.T.);
#11442 = ORIENTED_EDGE('',*,*,#11443,.F.);
#11443 = EDGE_CURVE('',#1595,#5986,#11444,.T.);
#11444 = LINE('',#11445,#11446);
#11445 = CARTESIAN_POINT('',(117.871865,-106.203739,0.));
#11446 = VECTOR('',#11447,1.);
#11447 = DIRECTION('',(0.,0.,1.));
#11448 = ORIENTED_EDGE('',*,*,#1602,.F.);
#11449 = CYLINDRICAL_SURFACE('',#11450,0.497994267446);
#11450 = AXIS2_PLACEMENT_3D('',#11451,#11452,#11453);
#11451 = CARTESIAN_POINT('',(117.8757807554,-106.7017178723,0.));
#11452 = DIRECTION('',(-0.,-0.,-1.));
#11453 = DIRECTION('',(0.991831185389,0.12755743683,-0.));
#11454 = ADVANCED_FACE('',(#11455),#11466,.T.);
#11455 = FACE_BOUND('',#11456,.T.);
#11456 = EDGE_LOOP('',(#11457,#11463,#11464,#11465));
#11457 = ORIENTED_EDGE('',*,*,#11458,.T.);
#11458 = EDGE_CURVE('',#1363,#5754,#11459,.T.);
#11459 = LINE('',#11460,#11461);
#11460 = CARTESIAN_POINT('',(147.33497,-107.203734,0.));
#11461 = VECTOR('',#11462,1.);
#11462 = DIRECTION('',(0.,0.,1.));
#11463 = ORIENTED_EDGE('',*,*,#5753,.T.);
#11464 = ORIENTED_EDGE('',*,*,#11424,.F.);
#11465 = ORIENTED_EDGE('',*,*,#1362,.F.);
#11466 = PLANE('',#11467);
#11467 = AXIS2_PLACEMENT_3D('',#11468,#11469,#11470);
#11468 = CARTESIAN_POINT('',(147.33497,-107.203734,0.));
#11469 = DIRECTION('',(0.,-1.,0.));
#11470 = DIRECTION('',(-1.,0.,0.));
#11471 = ADVANCED_FACE('',(#11472),#11483,.T.);
#11472 = FACE_BOUND('',#11473,.T.);
#11473 = EDGE_LOOP('',(#11474,#11475,#11476,#11482));
#11474 = ORIENTED_EDGE('',*,*,#11443,.T.);
#11475 = ORIENTED_EDGE('',*,*,#5985,.T.);
#11476 = ORIENTED_EDGE('',*,*,#11477,.F.);
#11477 = EDGE_CURVE('',#1587,#5978,#11478,.T.);
#11478 = LINE('',#11479,#11480);
#11479 = CARTESIAN_POINT('',(109.74122,-106.203733,0.));
#11480 = VECTOR('',#11481,1.);
#11481 = DIRECTION('',(0.,0.,1.));
#11482 = ORIENTED_EDGE('',*,*,#1594,.F.);
#11483 = PLANE('',#11484);
#11484 = AXIS2_PLACEMENT_3D('',#11485,#11486,#11487);
#11485 = CARTESIAN_POINT('',(117.871865,-106.203739,0.));
#11486 = DIRECTION('',(-7.37948834202E-07,-1.,0.));
#11487 = DIRECTION('',(-1.,7.37948834202E-07,0.));
#11488 = ADVANCED_FACE('',(#11489),#11500,.T.);
#11489 = FACE_BOUND('',#11490,.T.);
#11490 = EDGE_LOOP('',(#11491,#11497,#11498,#11499));
#11491 = ORIENTED_EDGE('',*,*,#11492,.T.);
#11492 = EDGE_CURVE('',#1371,#5762,#11493,.T.);
#11493 = LINE('',#11494,#11495);
#11494 = CARTESIAN_POINT('',(147.341169,-106.703733,0.));
#11495 = VECTOR('',#11496,1.);
#11496 = DIRECTION('',(0.,0.,1.));
#11497 = ORIENTED_EDGE('',*,*,#5761,.T.);
#11498 = ORIENTED_EDGE('',*,*,#11458,.F.);
#11499 = ORIENTED_EDGE('',*,*,#1370,.F.);
#11500 = PLANE('',#11501);
#11501 = AXIS2_PLACEMENT_3D('',#11502,#11503,#11504);
#11502 = CARTESIAN_POINT('',(147.341169,-106.703733,0.));
#11503 = DIRECTION('',(0.999923153964,-1.239702246882E-02,0.));
#11504 = DIRECTION('',(-1.239702246882E-02,-0.999923153964,0.));
#11505 = ADVANCED_FACE('',(#11506),#11517,.T.);
#11506 = FACE_BOUND('',#11507,.T.);
#11507 = EDGE_LOOP('',(#11508,#11509,#11510,#11516));
#11508 = ORIENTED_EDGE('',*,*,#11477,.T.);
#11509 = ORIENTED_EDGE('',*,*,#5977,.T.);
#11510 = ORIENTED_EDGE('',*,*,#11511,.F.);
#11511 = EDGE_CURVE('',#1578,#5969,#11512,.T.);
#11512 = LINE('',#11513,#11514);
#11513 = CARTESIAN_POINT('',(109.675648,-106.205717,0.));
#11514 = VECTOR('',#11515,1.);
#11515 = DIRECTION('',(0.,0.,1.));
#11516 = ORIENTED_EDGE('',*,*,#1586,.F.);
#11517 = PLANE('',#11518);
#11518 = AXIS2_PLACEMENT_3D('',#11519,#11520,#11521);
#11519 = CARTESIAN_POINT('',(109.74122,-106.203733,0.));
#11520 = DIRECTION('',(3.024297675689E-02,-0.99954257656,0.));
#11521 = DIRECTION('',(-0.99954257656,-3.024297675689E-02,0.));
#11522 = ADVANCED_FACE('',(#11523),#11534,.F.);
#11523 = FACE_BOUND('',#11524,.T.);
#11524 = EDGE_LOOP('',(#11525,#11531,#11532,#11533));
#11525 = ORIENTED_EDGE('',*,*,#11526,.T.);
#11526 = EDGE_CURVE('',#1379,#5770,#11527,.T.);
#11527 = LINE('',#11528,#11529);
#11528 = CARTESIAN_POINT('',(147.775641,-106.205666,0.));
#11529 = VECTOR('',#11530,1.);
#11530 = DIRECTION('',(0.,0.,1.));
#11531 = ORIENTED_EDGE('',*,*,#5769,.T.);
#11532 = ORIENTED_EDGE('',*,*,#11492,.F.);
#11533 = ORIENTED_EDGE('',*,*,#1378,.F.);
#11534 = CYLINDRICAL_SURFACE('',#11535,0.497547607076);
#11535 = AXIS2_PLACEMENT_3D('',#11536,#11537,#11538);
#11536 = CARTESIAN_POINT('',(147.83869597464,-106.6992019069,0.));
#11537 = DIRECTION('',(-0.,-0.,-1.));
#11538 = DIRECTION('',(-0.126731540363,0.99193705278,0.));
#11539 = ADVANCED_FACE('',(#11540),#11551,.F.);
#11540 = FACE_BOUND('',#11541,.T.);
#11541 = EDGE_LOOP('',(#11542,#11543,#11544,#11550));
#11542 = ORIENTED_EDGE('',*,*,#11511,.T.);
#11543 = ORIENTED_EDGE('',*,*,#5968,.T.);
#11544 = ORIENTED_EDGE('',*,*,#11545,.F.);
#11545 = EDGE_CURVE('',#1570,#5961,#11546,.T.);
#11546 = LINE('',#11547,#11548);
#11547 = CARTESIAN_POINT('',(109.24122,-106.703733,0.));
#11548 = VECTOR('',#11549,1.);
#11549 = DIRECTION('',(0.,0.,1.));
#11550 = ORIENTED_EDGE('',*,*,#1577,.F.);
#11551 = CYLINDRICAL_SURFACE('',#11552,0.497497860179);
#11552 = AXIS2_PLACEMENT_3D('',#11553,#11554,#11555);
#11553 = CARTESIAN_POINT('',(109.73869724009,-106.6992034883,0.));
#11554 = DIRECTION('',(-0.,-0.,-1.));
#11555 = DIRECTION('',(-0.12673268598,0.991936906413,0.));
#11556 = ADVANCED_FACE('',(#11557),#11568,.T.);
#11557 = FACE_BOUND('',#11558,.T.);
#11558 = EDGE_LOOP('',(#11559,#11565,#11566,#11567));
#11559 = ORIENTED_EDGE('',*,*,#11560,.T.);
#11560 = EDGE_CURVE('',#1388,#5779,#11561,.T.);
#11561 = LINE('',#11562,#11563);
#11562 = CARTESIAN_POINT('',(147.84122,-106.203733,0.));
#11563 = VECTOR('',#11564,1.);
#11564 = DIRECTION('',(0.,0.,1.));
#11565 = ORIENTED_EDGE('',*,*,#5778,.T.);
#11566 = ORIENTED_EDGE('',*,*,#11526,.F.);
#11567 = ORIENTED_EDGE('',*,*,#1387,.F.);
#11568 = PLANE('',#11569);
#11569 = AXIS2_PLACEMENT_3D('',#11570,#11571,#11572);
#11570 = CARTESIAN_POINT('',(147.84122,-106.203733,0.));
#11571 = DIRECTION('',(2.946310288202E-02,-0.999565868549,0.));
#11572 = DIRECTION('',(-0.999565868549,-2.946310288202E-02,0.));
#11573 = ADVANCED_FACE('',(#11574),#11585,.T.);
#11574 = FACE_BOUND('',#11575,.T.);
#11575 = EDGE_LOOP('',(#11576,#11577,#11578,#11584));
#11576 = ORIENTED_EDGE('',*,*,#11545,.T.);
#11577 = ORIENTED_EDGE('',*,*,#5960,.T.);
#11578 = ORIENTED_EDGE('',*,*,#11579,.F.);
#11579 = EDGE_CURVE('',#1562,#5953,#11580,.T.);
#11580 = LINE('',#11581,#11582);
#11581 = CARTESIAN_POINT('',(109.238491,-120.700231,0.));
#11582 = VECTOR('',#11583,1.);
#11583 = DIRECTION('',(0.,0.,1.));
#11584 = ORIENTED_EDGE('',*,*,#1569,.F.);
#11585 = PLANE('',#11586);
#11586 = AXIS2_PLACEMENT_3D('',#11587,#11588,#11589);
#11587 = CARTESIAN_POINT('',(109.24122,-106.703733,0.));
#11588 = DIRECTION('',(0.999999980992,-1.949773399124E-04,0.));
#11589 = DIRECTION('',(-1.949773399124E-04,-0.999999980992,0.));
#11590 = ADVANCED_FACE('',(#11591),#11602,.T.);
#11591 = FACE_BOUND('',#11592,.T.);
#11592 = EDGE_LOOP('',(#11593,#11599,#11600,#11601));
#11593 = ORIENTED_EDGE('',*,*,#11594,.T.);
#11594 = EDGE_CURVE('',#1396,#5787,#11595,.T.);
#11595 = LINE('',#11596,#11597);
#11596 = CARTESIAN_POINT('',(155.97247,-106.203733,0.));
#11597 = VECTOR('',#11598,1.);
#11598 = DIRECTION('',(0.,0.,1.));
#11599 = ORIENTED_EDGE('',*,*,#5786,.T.);
#11600 = ORIENTED_EDGE('',*,*,#11560,.F.);
#11601 = ORIENTED_EDGE('',*,*,#1395,.F.);
#11602 = PLANE('',#11603);
#11603 = AXIS2_PLACEMENT_3D('',#11604,#11605,#11606);
#11604 = CARTESIAN_POINT('',(155.97247,-106.203733,0.));
#11605 = DIRECTION('',(0.,-1.,0.));
#11606 = DIRECTION('',(-1.,0.,0.));
#11607 = ADVANCED_FACE('',(#11608),#11619,.T.);
#11608 = FACE_BOUND('',#11609,.T.);
#11609 = EDGE_LOOP('',(#11610,#11611,#11612,#11618));
#11610 = ORIENTED_EDGE('',*,*,#11579,.T.);
#11611 = ORIENTED_EDGE('',*,*,#5952,.T.);
#11612 = ORIENTED_EDGE('',*,*,#11613,.F.);
#11613 = EDGE_CURVE('',#1553,#5944,#11614,.T.);
#11614 = LINE('',#11615,#11616);
#11615 = CARTESIAN_POINT('',(109.240645,-120.765765,0.));
#11616 = VECTOR('',#11617,1.);
#11617 = DIRECTION('',(0.,0.,1.));
#11618 = ORIENTED_EDGE('',*,*,#1561,.F.);
#11619 = PLANE('',#11620);
#11620 = AXIS2_PLACEMENT_3D('',#11621,#11622,#11623);
#11621 = CARTESIAN_POINT('',(109.238491,-120.700231,0.));
#11622 = DIRECTION('',(0.999460270277,3.285069463456E-02,-0.));
#11623 = DIRECTION('',(3.285069463456E-02,-0.999460270277,0.));
#11624 = ADVANCED_FACE('',(#11625),#11636,.F.);
#11625 = FACE_BOUND('',#11626,.T.);
#11626 = EDGE_LOOP('',(#11627,#11633,#11634,#11635));
#11627 = ORIENTED_EDGE('',*,*,#11628,.T.);
#11628 = EDGE_CURVE('',#1404,#5795,#11629,.T.);
#11629 = LINE('',#11630,#11631);
#11630 = CARTESIAN_POINT('',(156.470324,-106.638191,0.));
#11631 = VECTOR('',#11632,1.);
#11632 = DIRECTION('',(0.,0.,1.));
#11633 = ORIENTED_EDGE('',*,*,#5794,.T.);
#11634 = ORIENTED_EDGE('',*,*,#11594,.F.);
#11635 = ORIENTED_EDGE('',*,*,#1403,.F.);
#11636 = CYLINDRICAL_SURFACE('',#11637,0.497904474708);
#11637 = AXIS2_PLACEMENT_3D('',#11638,#11639,#11640);
#11638 = CARTESIAN_POINT('',(155.97647639606,-106.7016213556,0.));
#11639 = DIRECTION('',(-0.,-0.,-1.));
#11640 = DIRECTION('',(0.991852110235,0.1273946287,-0.));
#11641 = ADVANCED_FACE('',(#11642),#11653,.F.);
#11642 = FACE_BOUND('',#11643,.T.);
#11643 = EDGE_LOOP('',(#11644,#11645,#11646,#11652));
#11644 = ORIENTED_EDGE('',*,*,#11613,.T.);
#11645 = ORIENTED_EDGE('',*,*,#5943,.T.);
#11646 = ORIENTED_EDGE('',*,*,#11647,.F.);
#11647 = EDGE_CURVE('',#1545,#5936,#11648,.T.);
#11648 = LINE('',#11649,#11650);
#11649 = CARTESIAN_POINT('',(109.738491,-121.200171,0.));
#11650 = VECTOR('',#11651,1.);
#11651 = DIRECTION('',(0.,0.,1.));
#11652 = ORIENTED_EDGE('',*,*,#1552,.F.);
#11653 = CYLINDRICAL_SURFACE('',#11654,0.497970555706);
#11654 = AXIS2_PLACEMENT_3D('',#11655,#11656,#11657);
#11655 = CARTESIAN_POINT('',(109.73454398764,-120.7022160869,0.));
#11656 = DIRECTION('',(-0.,-0.,-1.));
#11657 = DIRECTION('',(-0.991823677098,-0.127615804459,0.));
#11658 = ADVANCED_FACE('',(#11659),#11670,.T.);
#11659 = FACE_BOUND('',#11660,.T.);
#11660 = EDGE_LOOP('',(#11661,#11667,#11668,#11669));
#11661 = ORIENTED_EDGE('',*,*,#11662,.T.);
#11662 = EDGE_CURVE('',#1413,#5804,#11663,.T.);
#11663 = LINE('',#11664,#11665);
#11664 = CARTESIAN_POINT('',(156.47247,-106.703733,0.));
#11665 = VECTOR('',#11666,1.);
#11666 = DIRECTION('',(0.,0.,1.));
#11667 = ORIENTED_EDGE('',*,*,#5803,.T.);
#11668 = ORIENTED_EDGE('',*,*,#11628,.F.);
#11669 = ORIENTED_EDGE('',*,*,#1412,.F.);
#11670 = PLANE('',#11671);
#11671 = AXIS2_PLACEMENT_3D('',#11672,#11673,#11674);
#11672 = CARTESIAN_POINT('',(156.47247,-106.703733,0.));
#11673 = DIRECTION('',(-0.99946439942,-3.272482684595E-02,0.));
#11674 = DIRECTION('',(-3.272482684595E-02,0.99946439942,0.));
#11675 = ADVANCED_FACE('',(#11676),#11687,.T.);
#11676 = FACE_BOUND('',#11677,.T.);
#11677 = EDGE_LOOP('',(#11678,#11679,#11680,#11686));
#11678 = ORIENTED_EDGE('',*,*,#11647,.T.);
#11679 = ORIENTED_EDGE('',*,*,#5935,.T.);
#11680 = ORIENTED_EDGE('',*,*,#11681,.F.);
#11681 = EDGE_CURVE('',#1537,#5928,#11682,.T.);
#11682 = LINE('',#11683,#11684);
#11683 = CARTESIAN_POINT('',(178.64747,-121.203734,0.));
#11684 = VECTOR('',#11685,1.);
#11685 = DIRECTION('',(0.,0.,1.));
#11686 = ORIENTED_EDGE('',*,*,#1544,.F.);
#11687 = PLANE('',#11688);
#11688 = AXIS2_PLACEMENT_3D('',#11689,#11690,#11691);
#11689 = CARTESIAN_POINT('',(109.738491,-121.200171,0.));
#11690 = DIRECTION('',(5.170588865113E-05,0.999999998663,-0.));
#11691 = DIRECTION('',(0.999999998663,-5.170588865113E-05,0.));
#11692 = ADVANCED_FACE('',(#11693),#11704,.T.);
#11693 = FACE_BOUND('',#11694,.T.);
#11694 = EDGE_LOOP('',(#11695,#11701,#11702,#11703));
#11695 = ORIENTED_EDGE('',*,*,#11696,.T.);
#11696 = EDGE_CURVE('',#1421,#5812,#11697,.T.);
#11697 = LINE('',#11698,#11699);
#11698 = CARTESIAN_POINT('',(156.48497,-107.203734,0.));
#11699 = VECTOR('',#11700,1.);
#11700 = DIRECTION('',(0.,0.,1.));
#11701 = ORIENTED_EDGE('',*,*,#5811,.T.);
#11702 = ORIENTED_EDGE('',*,*,#11662,.F.);
#11703 = ORIENTED_EDGE('',*,*,#1420,.F.);
#11704 = PLANE('',#11705);
#11705 = AXIS2_PLACEMENT_3D('',#11706,#11707,#11708);
#11706 = CARTESIAN_POINT('',(156.48497,-107.203734,0.));
#11707 = DIRECTION('',(-0.999687647657,-2.499214120718E-02,0.));
#11708 = DIRECTION('',(-2.499214120718E-02,0.999687647657,0.));
#11709 = ADVANCED_FACE('',(#11710),#11721,.T.);
#11710 = FACE_BOUND('',#11711,.T.);
#11711 = EDGE_LOOP('',(#11712,#11713,#11714,#11720));
#11712 = ORIENTED_EDGE('',*,*,#11681,.T.);
#11713 = ORIENTED_EDGE('',*,*,#5927,.T.);
#11714 = ORIENTED_EDGE('',*,*,#11715,.F.);
#11715 = EDGE_CURVE('',#1528,#5919,#11716,.T.);
#11716 = LINE('',#11717,#11718);
#11717 = CARTESIAN_POINT('',(178.713039,-121.20179,0.));
#11718 = VECTOR('',#11719,1.);
#11719 = DIRECTION('',(0.,0.,1.));
#11720 = ORIENTED_EDGE('',*,*,#1536,.F.);
#11721 = PLANE('',#11722);
#11722 = AXIS2_PLACEMENT_3D('',#11723,#11724,#11725);
#11723 = CARTESIAN_POINT('',(178.64747,-121.203734,0.));
#11724 = DIRECTION('',(-2.963513492681E-02,0.999560782933,0.));
#11725 = DIRECTION('',(0.999560782933,2.963513492681E-02,0.));
#11726 = ADVANCED_FACE('',(#11727),#11738,.T.);
#11727 = FACE_BOUND('',#11728,.T.);
#11728 = EDGE_LOOP('',(#11729,#11735,#11736,#11737));
#11729 = ORIENTED_EDGE('',*,*,#11730,.T.);
#11730 = EDGE_CURVE('',#1429,#5820,#11731,.T.);
#11731 = LINE('',#11732,#11733);
#11732 = CARTESIAN_POINT('',(171.15372,-107.203734,0.));
#11733 = VECTOR('',#11734,1.);
#11734 = DIRECTION('',(0.,0.,1.));
#11735 = ORIENTED_EDGE('',*,*,#5819,.T.);
#11736 = ORIENTED_EDGE('',*,*,#11696,.F.);
#11737 = ORIENTED_EDGE('',*,*,#1428,.F.);
#11738 = PLANE('',#11739);
#11739 = AXIS2_PLACEMENT_3D('',#11740,#11741,#11742);
#11740 = CARTESIAN_POINT('',(171.15372,-107.203734,0.));
#11741 = DIRECTION('',(0.,-1.,0.));
#11742 = DIRECTION('',(-1.,0.,0.));
#11743 = ADVANCED_FACE('',(#11744),#11755,.F.);
#11744 = FACE_BOUND('',#11745,.T.);
#11745 = EDGE_LOOP('',(#11746,#11747,#11748,#11754));
#11746 = ORIENTED_EDGE('',*,*,#11715,.T.);
#11747 = ORIENTED_EDGE('',*,*,#5918,.T.);
#11748 = ORIENTED_EDGE('',*,*,#11749,.F.);
#11749 = EDGE_CURVE('',#1520,#5911,#11750,.T.);
#11750 = LINE('',#11751,#11752);
#11751 = CARTESIAN_POINT('',(179.14747,-120.703734,0.));
#11752 = VECTOR('',#11753,1.);
#11753 = DIRECTION('',(0.,0.,1.));
#11754 = ORIENTED_EDGE('',*,*,#1527,.F.);
#11755 = CYLINDRICAL_SURFACE('',#11756,0.497658311037);
#11756 = AXIS2_PLACEMENT_3D('',#11757,#11758,#11759);
#11757 = CARTESIAN_POINT('',(178.64983138888,-120.70816201,0.));
#11758 = DIRECTION('',(-0.,-0.,-1.));
#11759 = DIRECTION('',(0.12701005833,-0.991901429116,0.));
#11760 = ADVANCED_FACE('',(#11761),#11772,.T.);
#11761 = FACE_BOUND('',#11762,.T.);
#11762 = EDGE_LOOP('',(#11763,#11769,#11770,#11771));
#11763 = ORIENTED_EDGE('',*,*,#11764,.T.);
#11764 = EDGE_CURVE('',#1437,#5828,#11765,.T.);
#11765 = LINE('',#11766,#11767);
#11766 = CARTESIAN_POINT('',(171.15372,-106.703733,0.));
#11767 = VECTOR('',#11768,1.);
#11768 = DIRECTION('',(0.,0.,1.));
#11769 = ORIENTED_EDGE('',*,*,#5827,.T.);
#11770 = ORIENTED_EDGE('',*,*,#11730,.F.);
#11771 = ORIENTED_EDGE('',*,*,#1436,.F.);
#11772 = PLANE('',#11773);
#11773 = AXIS2_PLACEMENT_3D('',#11774,#11775,#11776);
#11774 = CARTESIAN_POINT('',(171.15372,-106.703733,0.));
#11775 = DIRECTION('',(1.,0.,-0.));
#11776 = DIRECTION('',(0.,-1.,0.));
#11777 = ADVANCED_FACE('',(#11778),#11789,.T.);
#11778 = FACE_BOUND('',#11779,.T.);
#11779 = EDGE_LOOP('',(#11780,#11781,#11782,#11788));
#11780 = ORIENTED_EDGE('',*,*,#11749,.T.);
#11781 = ORIENTED_EDGE('',*,*,#5910,.T.);
#11782 = ORIENTED_EDGE('',*,*,#11783,.F.);
#11783 = EDGE_CURVE('',#1512,#5903,#11784,.T.);
#11784 = LINE('',#11785,#11786);
#11785 = CARTESIAN_POINT('',(179.14747,-107.703734,0.));
#11786 = VECTOR('',#11787,1.);
#11787 = DIRECTION('',(0.,0.,1.));
#11788 = ORIENTED_EDGE('',*,*,#1519,.F.);
#11789 = PLANE('',#11790);
#11790 = AXIS2_PLACEMENT_3D('',#11791,#11792,#11793);
#11791 = CARTESIAN_POINT('',(179.14747,-120.703734,0.));
#11792 = DIRECTION('',(-1.,0.,0.));
#11793 = DIRECTION('',(0.,1.,0.));
#11794 = ADVANCED_FACE('',(#11795),#11806,.F.);
#11795 = FACE_BOUND('',#11796,.T.);
#11796 = EDGE_LOOP('',(#11797,#11803,#11804,#11805));
#11797 = ORIENTED_EDGE('',*,*,#11798,.T.);
#11798 = EDGE_CURVE('',#1445,#5836,#11799,.T.);
#11799 = LINE('',#11800,#11801);
#11800 = CARTESIAN_POINT('',(171.58815,-106.205678,0.));
#11801 = VECTOR('',#11802,1.);
#11802 = DIRECTION('',(0.,0.,1.));
#11803 = ORIENTED_EDGE('',*,*,#5835,.T.);
#11804 = ORIENTED_EDGE('',*,*,#11764,.F.);
#11805 = ORIENTED_EDGE('',*,*,#1444,.F.);
#11806 = CYLINDRICAL_SURFACE('',#11807,0.497645133506);
#11807 = AXIS2_PLACEMENT_3D('',#11808,#11809,#11810);
#11808 = CARTESIAN_POINT('',(171.65134533761,-106.6992942762,0.));
#11809 = DIRECTION('',(-0.,-0.,-1.));
#11810 = DIRECTION('',(-0.126988758368,0.991904156281,0.));
#11811 = ADVANCED_FACE('',(#11812),#11823,.T.);
#11812 = FACE_BOUND('',#11813,.T.);
#11813 = EDGE_LOOP('',(#11814,#11815,#11816,#11822));
#11814 = ORIENTED_EDGE('',*,*,#11783,.T.);
#11815 = ORIENTED_EDGE('',*,*,#5902,.T.);
#11816 = ORIENTED_EDGE('',*,*,#11817,.F.);
#11817 = EDGE_CURVE('',#1503,#5894,#11818,.T.);
#11818 = LINE('',#11819,#11820);
#11819 = CARTESIAN_POINT('',(179.145324,-107.638192,0.));
#11820 = VECTOR('',#11821,1.);
#11821 = DIRECTION('',(0.,0.,1.));
#11822 = ORIENTED_EDGE('',*,*,#1511,.F.);
#11823 = PLANE('',#11824);
#11824 = AXIS2_PLACEMENT_3D('',#11825,#11826,#11827);
#11825 = CARTESIAN_POINT('',(179.14747,-107.703734,0.));
#11826 = DIRECTION('',(-0.99946439942,-3.272482684639E-02,0.));
#11827 = DIRECTION('',(-3.272482684639E-02,0.99946439942,0.));
#11828 = ADVANCED_FACE('',(#11829),#11840,.T.);
#11829 = FACE_BOUND('',#11830,.T.);
#11830 = EDGE_LOOP('',(#11831,#11837,#11838,#11839));
#11831 = ORIENTED_EDGE('',*,*,#11832,.T.);
#11832 = EDGE_CURVE('',#1454,#5845,#11833,.T.);
#11833 = LINE('',#11834,#11835);
#11834 = CARTESIAN_POINT('',(171.65372,-106.203733,0.));
#11835 = VECTOR('',#11836,1.);
#11836 = DIRECTION('',(0.,0.,1.));
#11837 = ORIENTED_EDGE('',*,*,#5844,.T.);
#11838 = ORIENTED_EDGE('',*,*,#11798,.F.);
#11839 = ORIENTED_EDGE('',*,*,#1453,.F.);
#11840 = PLANE('',#11841);
#11841 = AXIS2_PLACEMENT_3D('',#11842,#11843,#11844);
#11842 = CARTESIAN_POINT('',(171.65372,-106.203733,0.));
#11843 = DIRECTION('',(2.964991414284E-02,-0.999560344647,0.));
#11844 = DIRECTION('',(-0.999560344647,-2.964991414284E-02,0.));
#11845 = ADVANCED_FACE('',(#11846),#11857,.F.);
#11846 = FACE_BOUND('',#11847,.T.);
#11847 = EDGE_LOOP('',(#11848,#11849,#11850,#11856));
#11848 = ORIENTED_EDGE('',*,*,#11817,.T.);
#11849 = ORIENTED_EDGE('',*,*,#5893,.T.);
#11850 = ORIENTED_EDGE('',*,*,#11851,.F.);
#11851 = EDGE_CURVE('',#1495,#5886,#11852,.T.);
#11852 = LINE('',#11853,#11854);
#11853 = CARTESIAN_POINT('',(178.64747,-107.203734,0.));
#11854 = VECTOR('',#11855,1.);
#11855 = DIRECTION('',(0.,0.,1.));
#11856 = ORIENTED_EDGE('',*,*,#1502,.F.);
#11857 = CYLINDRICAL_SURFACE('',#11858,0.497900283934);
#11858 = AXIS2_PLACEMENT_3D('',#11859,#11860,#11861);
#11859 = CARTESIAN_POINT('',(178.65148007918,-107.7016181351,0.));
#11860 = DIRECTION('',(-0.,-0.,-1.));
#11861 = DIRECTION('',(0.991853061244,0.127387224247,-0.));
#11862 = ADVANCED_FACE('',(#11863),#11874,.T.);
#11863 = FACE_BOUND('',#11864,.T.);
#11864 = EDGE_LOOP('',(#11865,#11871,#11872,#11873));
#11865 = ORIENTED_EDGE('',*,*,#11866,.T.);
#11866 = EDGE_CURVE('',#1462,#5853,#11867,.T.);
#11867 = LINE('',#11868,#11869);
#11868 = CARTESIAN_POINT('',(177.40372,-106.203733,0.));
#11869 = VECTOR('',#11870,1.);
#11870 = DIRECTION('',(0.,0.,1.));
#11871 = ORIENTED_EDGE('',*,*,#5852,.T.);
#11872 = ORIENTED_EDGE('',*,*,#11832,.F.);
#11873 = ORIENTED_EDGE('',*,*,#1461,.F.);
#11874 = PLANE('',#11875);
#11875 = AXIS2_PLACEMENT_3D('',#11876,#11877,#11878);
#11876 = CARTESIAN_POINT('',(177.40372,-106.203733,0.));
#11877 = DIRECTION('',(0.,-1.,0.));
#11878 = DIRECTION('',(-1.,0.,0.));
#11879 = ADVANCED_FACE('',(#11880),#11891,.T.);
#11880 = FACE_BOUND('',#11881,.T.);
#11881 = EDGE_LOOP('',(#11882,#11883,#11884,#11890));
#11882 = ORIENTED_EDGE('',*,*,#11851,.T.);
#11883 = ORIENTED_EDGE('',*,*,#5885,.T.);
#11884 = ORIENTED_EDGE('',*,*,#11885,.F.);
#11885 = EDGE_CURVE('',#1487,#5878,#11886,.T.);
#11886 = LINE('',#11887,#11888);
#11887 = CARTESIAN_POINT('',(177.90997,-107.203734,0.));
#11888 = VECTOR('',#11889,1.);
#11889 = DIRECTION('',(0.,0.,1.));
#11890 = ORIENTED_EDGE('',*,*,#1494,.F.);
#11891 = PLANE('',#11892);
#11892 = AXIS2_PLACEMENT_3D('',#11893,#11894,#11895);
#11893 = CARTESIAN_POINT('',(178.64747,-107.203734,0.));
#11894 = DIRECTION('',(0.,-1.,0.));
#11895 = DIRECTION('',(-1.,0.,0.));
#11896 = ADVANCED_FACE('',(#11897),#11908,.F.);
#11897 = FACE_BOUND('',#11898,.T.);
#11898 = EDGE_LOOP('',(#11899,#11905,#11906,#11907));
#11899 = ORIENTED_EDGE('',*,*,#11900,.T.);
#11900 = EDGE_CURVE('',#1470,#5861,#11901,.T.);
#11901 = LINE('',#11902,#11903);
#11902 = CARTESIAN_POINT('',(177.901777,-106.638159,0.));
#11903 = VECTOR('',#11904,1.);
#11904 = DIRECTION('',(0.,0.,1.));
#11905 = ORIENTED_EDGE('',*,*,#5860,.T.);
#11906 = ORIENTED_EDGE('',*,*,#11866,.F.);
#11907 = ORIENTED_EDGE('',*,*,#1469,.F.);
#11908 = CYLINDRICAL_SURFACE('',#11909,0.497565516144);
#11909 = AXIS2_PLACEMENT_3D('',#11910,#11911,#11912);
#11910 = CARTESIAN_POINT('',(177.40823123059,-106.7012780649,0.));
#11911 = DIRECTION('',(-0.,-0.,-1.));
#11912 = DIRECTION('',(0.991921170961,0.126855786625,-0.));
#11913 = ADVANCED_FACE('',(#11914),#11925,.T.);
#11914 = FACE_BOUND('',#11915,.T.);
#11915 = EDGE_LOOP('',(#11916,#11917,#11918,#11924));
#11916 = ORIENTED_EDGE('',*,*,#11885,.T.);
#11917 = ORIENTED_EDGE('',*,*,#5877,.T.);
#11918 = ORIENTED_EDGE('',*,*,#11919,.F.);
#11919 = EDGE_CURVE('',#1479,#5870,#11920,.T.);
#11920 = LINE('',#11921,#11922);
#11921 = CARTESIAN_POINT('',(177.90372,-106.703733,0.));
#11922 = VECTOR('',#11923,1.);
#11923 = DIRECTION('',(0.,0.,1.));
#11924 = ORIENTED_EDGE('',*,*,#1486,.F.);
#11925 = PLANE('',#11926);
#11926 = AXIS2_PLACEMENT_3D('',#11927,#11928,#11929);
#11927 = CARTESIAN_POINT('',(177.90997,-107.203734,0.));
#11928 = DIRECTION('',(-0.999921884467,-1.249899855782E-02,0.));
#11929 = DIRECTION('',(-1.249899855782E-02,0.999921884467,0.));
#11930 = ADVANCED_FACE('',(#11931),#11937,.T.);
#11931 = FACE_BOUND('',#11932,.T.);
#11932 = EDGE_LOOP('',(#11933,#11934,#11935,#11936));
#11933 = ORIENTED_EDGE('',*,*,#11919,.T.);
#11934 = ORIENTED_EDGE('',*,*,#5869,.T.);
#11935 = ORIENTED_EDGE('',*,*,#11900,.F.);
#11936 = ORIENTED_EDGE('',*,*,#1478,.F.);
#11937 = PLANE('',#11938);
#11938 = AXIS2_PLACEMENT_3D('',#11939,#11940,#11941);
#11939 = CARTESIAN_POINT('',(177.90372,-106.703733,0.));
#11940 = DIRECTION('',(-0.999561301254,-2.961764736511E-02,0.));
#11941 = DIRECTION('',(-2.961764736511E-02,0.999561301254,0.));
#11942 = ADVANCED_FACE('',(#11943),#11954,.F.);
#11943 = FACE_BOUND('',#11944,.T.);
#11944 = EDGE_LOOP('',(#11945,#11946,#11952,#11953));
#11945 = ORIENTED_EDGE('',*,*,#1643,.T.);
#11946 = ORIENTED_EDGE('',*,*,#11947,.T.);
#11947 = EDGE_CURVE('',#1644,#6035,#11948,.T.);
#11948 = LINE('',#11949,#11950);
#11949 = CARTESIAN_POINT('',(195.95997,-126.813109,-4.5E-02));
#11950 = VECTOR('',#11951,1.);
#11951 = DIRECTION('',(0.,0.,1.));
#11952 = ORIENTED_EDGE('',*,*,#6034,.F.);
#11953 = ORIENTED_EDGE('',*,*,#11947,.F.);
#11954 = CYLINDRICAL_SURFACE('',#11955,1.1);
#11955 = AXIS2_PLACEMENT_3D('',#11956,#11957,#11958);
#11956 = CARTESIAN_POINT('',(195.95997,-125.713109,-4.5E-02));
#11957 = DIRECTION('',(-0.,-0.,-1.));
#11958 = DIRECTION('',(-0.,-1.,0.));
#11959 = ADVANCED_FACE('',(#11960),#11976,.F.);
#11960 = FACE_BOUND('',#11961,.T.);
#11961 = EDGE_LOOP('',(#11962,#11968,#11969,#11975));
#11962 = ORIENTED_EDGE('',*,*,#11963,.T.);
#11963 = EDGE_CURVE('',#1655,#6046,#11964,.T.);
#11964 = LINE('',#11965,#11966);
#11965 = CARTESIAN_POINT('',(189.45997,-107.203734,0.));
#11966 = VECTOR('',#11967,1.);
#11967 = DIRECTION('',(0.,0.,1.));
#11968 = ORIENTED_EDGE('',*,*,#6045,.T.);
#11969 = ORIENTED_EDGE('',*,*,#11970,.F.);
#11970 = EDGE_CURVE('',#1657,#6048,#11971,.T.);
#11971 = LINE('',#11972,#11973);
#11972 = CARTESIAN_POINT('',(188.961913,-107.63816,0.));
#11973 = VECTOR('',#11974,1.);
#11974 = DIRECTION('',(0.,0.,1.));
#11975 = ORIENTED_EDGE('',*,*,#1654,.F.);
#11976 = CYLINDRICAL_SURFACE('',#11977,0.497554635006);
#11977 = AXIS2_PLACEMENT_3D('',#11978,#11979,#11980);
#11978 = CARTESIAN_POINT('',(189.45544920228,-107.7012680965,0.));
#11979 = DIRECTION('',(-0.,-0.,-1.));
#11980 = DIRECTION('',(9.086032757149E-03,0.999958721152,-0.));
#11981 = ADVANCED_FACE('',(#11982),#11993,.T.);
#11982 = FACE_BOUND('',#11983,.T.);
#11983 = EDGE_LOOP('',(#11984,#11990,#11991,#11992));
#11984 = ORIENTED_EDGE('',*,*,#11985,.T.);
#11985 = EDGE_CURVE('',#1666,#6057,#11986,.T.);
#11986 = LINE('',#11987,#11988);
#11987 = CARTESIAN_POINT('',(202.45997,-107.203734,0.));
#11988 = VECTOR('',#11989,1.);
#11989 = DIRECTION('',(0.,0.,1.));
#11990 = ORIENTED_EDGE('',*,*,#6056,.T.);
#11991 = ORIENTED_EDGE('',*,*,#11963,.F.);
#11992 = ORIENTED_EDGE('',*,*,#1665,.F.);
#11993 = PLANE('',#11994);
#11994 = AXIS2_PLACEMENT_3D('',#11995,#11996,#11997);
#11995 = CARTESIAN_POINT('',(202.45997,-107.203734,0.));
#11996 = DIRECTION('',(0.,-1.,0.));
#11997 = DIRECTION('',(-1.,0.,0.));
#11998 = ADVANCED_FACE('',(#11999),#12010,.T.);
#11999 = FACE_BOUND('',#12000,.T.);
#12000 = EDGE_LOOP('',(#12001,#12002,#12003,#12009));
#12001 = ORIENTED_EDGE('',*,*,#11970,.T.);
#12002 = ORIENTED_EDGE('',*,*,#6147,.T.);
#12003 = ORIENTED_EDGE('',*,*,#12004,.F.);
#12004 = EDGE_CURVE('',#1749,#6140,#12005,.T.);
#12005 = LINE('',#12006,#12007);
#12006 = CARTESIAN_POINT('',(188.95997,-107.703734,0.));
#12007 = VECTOR('',#12008,1.);
#12008 = DIRECTION('',(0.,0.,1.));
#12009 = ORIENTED_EDGE('',*,*,#1756,.F.);
#12010 = PLANE('',#12011);
#12011 = AXIS2_PLACEMENT_3D('',#12012,#12013,#12014);
#12012 = CARTESIAN_POINT('',(188.961913,-107.63816,0.));
#12013 = DIRECTION('',(0.999561301254,-2.961764736554E-02,0.));
#12014 = DIRECTION('',(-2.961764736554E-02,-0.999561301254,0.));
#12015 = ADVANCED_FACE('',(#12016),#12027,.T.);
#12016 = FACE_BOUND('',#12017,.T.);
#12017 = EDGE_LOOP('',(#12018,#12024,#12025,#12026));
#12018 = ORIENTED_EDGE('',*,*,#12019,.T.);
#12019 = EDGE_CURVE('',#1674,#6065,#12020,.T.);
#12020 = LINE('',#12021,#12022);
#12021 = CARTESIAN_POINT('',(202.525541,-107.205678,0.));
#12022 = VECTOR('',#12023,1.);
#12023 = DIRECTION('',(0.,0.,1.));
#12024 = ORIENTED_EDGE('',*,*,#6064,.T.);
#12025 = ORIENTED_EDGE('',*,*,#11985,.F.);
#12026 = ORIENTED_EDGE('',*,*,#1673,.F.);
#12027 = PLANE('',#12028);
#12028 = AXIS2_PLACEMENT_3D('',#12029,#12030,#12031);
#12029 = CARTESIAN_POINT('',(202.525541,-107.205678,0.));
#12030 = DIRECTION('',(-2.963423181104E-02,-0.999560809708,0.));
#12031 = DIRECTION('',(-0.999560809708,2.963423181104E-02,0.));
#12032 = ADVANCED_FACE('',(#12033),#12044,.T.);
#12033 = FACE_BOUND('',#12034,.T.);
#12034 = EDGE_LOOP('',(#12035,#12036,#12037,#12043));
#12035 = ORIENTED_EDGE('',*,*,#12004,.T.);
#12036 = ORIENTED_EDGE('',*,*,#6139,.T.);
#12037 = ORIENTED_EDGE('',*,*,#12038,.F.);
#12038 = EDGE_CURVE('',#1741,#6132,#12039,.T.);
#12039 = LINE('',#12040,#12041);
#12040 = CARTESIAN_POINT('',(188.95997,-120.703734,0.));
#12041 = VECTOR('',#12042,1.);
#12042 = DIRECTION('',(0.,0.,1.));
#12043 = ORIENTED_EDGE('',*,*,#1748,.F.);
#12044 = PLANE('',#12045);
#12045 = AXIS2_PLACEMENT_3D('',#12046,#12047,#12048);
#12046 = CARTESIAN_POINT('',(188.95997,-107.703734,0.));
#12047 = DIRECTION('',(1.,0.,-0.));
#12048 = DIRECTION('',(0.,-1.,0.));
#12049 = ADVANCED_FACE('',(#12050),#12061,.F.);
#12050 = FACE_BOUND('',#12051,.T.);
#12051 = EDGE_LOOP('',(#12052,#12058,#12059,#12060));
#12052 = ORIENTED_EDGE('',*,*,#12053,.T.);
#12053 = EDGE_CURVE('',#1682,#6073,#12054,.T.);
#12054 = LINE('',#12055,#12056);
#12055 = CARTESIAN_POINT('',(202.95997,-107.703734,0.));
#12056 = VECTOR('',#12057,1.);
#12057 = DIRECTION('',(0.,0.,1.));
#12058 = ORIENTED_EDGE('',*,*,#6072,.T.);
#12059 = ORIENTED_EDGE('',*,*,#12019,.F.);
#12060 = ORIENTED_EDGE('',*,*,#1681,.F.);
#12061 = CYLINDRICAL_SURFACE('',#12062,0.49762810037);
#12062 = AXIS2_PLACEMENT_3D('',#12063,#12064,#12065);
#12063 = CARTESIAN_POINT('',(202.46236184008,-107.699279175,0.));
#12064 = DIRECTION('',(-0.,-0.,-1.));
#12065 = DIRECTION('',(0.999959928999,-8.952116905798E-03,0.));
#12066 = ADVANCED_FACE('',(#12067),#12078,.T.);
#12067 = FACE_BOUND('',#12068,.T.);
#12068 = EDGE_LOOP('',(#12069,#12070,#12071,#12077));
#12069 = ORIENTED_EDGE('',*,*,#12038,.T.);
#12070 = ORIENTED_EDGE('',*,*,#6131,.T.);
#12071 = ORIENTED_EDGE('',*,*,#12072,.F.);
#12072 = EDGE_CURVE('',#1732,#6123,#12073,.T.);
#12073 = LINE('',#12074,#12075);
#12074 = CARTESIAN_POINT('',(188.962734,-120.702618,0.));
#12075 = VECTOR('',#12076,1.);
#12076 = DIRECTION('',(0.,0.,1.));
#12077 = ORIENTED_EDGE('',*,*,#1740,.F.);
#12078 = PLANE('',#12079);
#12079 = AXIS2_PLACEMENT_3D('',#12080,#12081,#12082);
#12080 = CARTESIAN_POINT('',(188.95997,-120.703734,0.));
#12081 = DIRECTION('',(-0.374396485845,0.927268715846,0.));
#12082 = DIRECTION('',(0.927268715846,0.374396485845,0.));
#12083 = ADVANCED_FACE('',(#12084),#12095,.T.);
#12084 = FACE_BOUND('',#12085,.T.);
#12085 = EDGE_LOOP('',(#12086,#12092,#12093,#12094));
#12086 = ORIENTED_EDGE('',*,*,#12087,.T.);
#12087 = EDGE_CURVE('',#1691,#6082,#12088,.T.);
#12088 = LINE('',#12089,#12090);
#12089 = CARTESIAN_POINT('',(202.95997,-120.703734,0.));
#12090 = VECTOR('',#12091,1.);
#12091 = DIRECTION('',(0.,0.,1.));
#12092 = ORIENTED_EDGE('',*,*,#6081,.T.);
#12093 = ORIENTED_EDGE('',*,*,#12053,.F.);
#12094 = ORIENTED_EDGE('',*,*,#1690,.F.);
#12095 = PLANE('',#12096);
#12096 = AXIS2_PLACEMENT_3D('',#12097,#12098,#12099);
#12097 = CARTESIAN_POINT('',(202.95997,-120.703734,0.));
#12098 = DIRECTION('',(-1.,0.,0.));
#12099 = DIRECTION('',(0.,1.,0.));
#12100 = ADVANCED_FACE('',(#12101),#12112,.F.);
#12101 = FACE_BOUND('',#12102,.T.);
#12102 = EDGE_LOOP('',(#12103,#12104,#12105,#12111));
#12103 = ORIENTED_EDGE('',*,*,#12072,.T.);
#12104 = ORIENTED_EDGE('',*,*,#6122,.T.);
#12105 = ORIENTED_EDGE('',*,*,#12106,.F.);
#12106 = EDGE_CURVE('',#1724,#6115,#12107,.T.);
#12107 = LINE('',#12108,#12109);
#12108 = CARTESIAN_POINT('',(189.39716,-121.200675,0.));
#12109 = VECTOR('',#12110,1.);
#12110 = DIRECTION('',(0.,0.,1.));
#12111 = ORIENTED_EDGE('',*,*,#1731,.F.);
#12112 = CYLINDRICAL_SURFACE('',#12113,0.497565516144);
#12113 = AXIS2_PLACEMENT_3D('',#12114,#12115,#12116);
#12114 = CARTESIAN_POINT('',(189.46027906494,-120.7071292305,0.));
#12115 = DIRECTION('',(-0.,-0.,-1.));
#12116 = DIRECTION('',(-0.999958897481,9.06660620712E-03,0.));
#12117 = ADVANCED_FACE('',(#12118),#12129,.T.);
#12118 = FACE_BOUND('',#12119,.T.);
#12119 = EDGE_LOOP('',(#12120,#12126,#12127,#12128));
#12120 = ORIENTED_EDGE('',*,*,#12121,.T.);
#12121 = EDGE_CURVE('',#1699,#6090,#12122,.T.);
#12122 = LINE('',#12123,#12124);
#12123 = CARTESIAN_POINT('',(202.957827,-120.769274,0.));
#12124 = VECTOR('',#12125,1.);
#12125 = DIRECTION('',(0.,0.,1.));
#12126 = ORIENTED_EDGE('',*,*,#6089,.T.);
#12127 = ORIENTED_EDGE('',*,*,#12087,.F.);
#12128 = ORIENTED_EDGE('',*,*,#1698,.F.);
#12129 = PLANE('',#12130);
#12130 = AXIS2_PLACEMENT_3D('',#12131,#12132,#12133);
#12131 = CARTESIAN_POINT('',(202.957827,-120.769274,0.));
#12132 = DIRECTION('',(-0.999465862088,3.268012423627E-02,0.));
#12133 = DIRECTION('',(3.268012423627E-02,0.999465862088,0.));
#12134 = ADVANCED_FACE('',(#12135),#12146,.T.);
#12135 = FACE_BOUND('',#12136,.T.);
#12136 = EDGE_LOOP('',(#12137,#12138,#12139,#12145));
#12137 = ORIENTED_EDGE('',*,*,#12106,.T.);
#12138 = ORIENTED_EDGE('',*,*,#6114,.T.);
#12139 = ORIENTED_EDGE('',*,*,#12140,.F.);
#12140 = EDGE_CURVE('',#1716,#6107,#12141,.T.);
#12141 = LINE('',#12142,#12143);
#12142 = CARTESIAN_POINT('',(189.45997,-121.203734,0.));
#12143 = VECTOR('',#12144,1.);
#12144 = DIRECTION('',(0.,0.,1.));
#12145 = ORIENTED_EDGE('',*,*,#1723,.F.);
#12146 = PLANE('',#12147);
#12147 = AXIS2_PLACEMENT_3D('',#12148,#12149,#12150);
#12148 = CARTESIAN_POINT('',(189.39716,-121.200675,0.));
#12149 = DIRECTION('',(4.864477914795E-02,0.998816141971,-0.));
#12150 = DIRECTION('',(0.998816141971,-4.864477914795E-02,0.));
#12151 = ADVANCED_FACE('',(#12152),#12163,.F.);
#12152 = FACE_BOUND('',#12153,.T.);
#12153 = EDGE_LOOP('',(#12154,#12160,#12161,#12162));
#12154 = ORIENTED_EDGE('',*,*,#12155,.T.);
#12155 = EDGE_CURVE('',#1707,#6098,#12156,.T.);
#12156 = LINE('',#12157,#12158);
#12157 = CARTESIAN_POINT('',(202.45997,-121.203734,0.));
#12158 = VECTOR('',#12159,1.);
#12159 = DIRECTION('',(0.,0.,1.));
#12160 = ORIENTED_EDGE('',*,*,#6097,.T.);
#12161 = ORIENTED_EDGE('',*,*,#12121,.F.);
#12162 = ORIENTED_EDGE('',*,*,#1706,.F.);
#12163 = CYLINDRICAL_SURFACE('',#12164,0.497940142437);
#12164 = AXIS2_PLACEMENT_3D('',#12165,#12166,#12167);
#12165 = CARTESIAN_POINT('',(202.46394779014,-120.705809746,0.));
#12166 = DIRECTION('',(-0.,-0.,-1.));
#12167 = DIRECTION('',(-7.988490599139E-03,-0.9999680915,0.));
#12168 = ADVANCED_FACE('',(#12169),#12175,.T.);
#12169 = FACE_BOUND('',#12170,.T.);
#12170 = EDGE_LOOP('',(#12171,#12172,#12173,#12174));
#12171 = ORIENTED_EDGE('',*,*,#12140,.T.);
#12172 = ORIENTED_EDGE('',*,*,#6106,.T.);
#12173 = ORIENTED_EDGE('',*,*,#12155,.F.);
#12174 = ORIENTED_EDGE('',*,*,#1715,.F.);
#12175 = PLANE('',#12176);
#12176 = AXIS2_PLACEMENT_3D('',#12177,#12178,#12179);
#12177 = CARTESIAN_POINT('',(189.45997,-121.203734,0.));
#12178 = DIRECTION('',(0.,1.,0.));
#12179 = DIRECTION('',(1.,0.,0.));
#12180 = ADVANCED_FACE('',(#12181),#12197,.F.);
#12181 = FACE_BOUND('',#12182,.T.);
#12182 = EDGE_LOOP('',(#12183,#12189,#12190,#12196));
#12183 = ORIENTED_EDGE('',*,*,#12184,.T.);
#12184 = EDGE_CURVE('',#1765,#6156,#12185,.T.);
#12185 = LINE('',#12186,#12187);
#12186 = CARTESIAN_POINT('',(208.50997,-107.203734,0.));
#12187 = VECTOR('',#12188,1.);
#12188 = DIRECTION('',(0.,0.,1.));
#12189 = ORIENTED_EDGE('',*,*,#6155,.T.);
#12190 = ORIENTED_EDGE('',*,*,#12191,.F.);
#12191 = EDGE_CURVE('',#1767,#6158,#12192,.T.);
#12192 = LINE('',#12193,#12194);
#12193 = CARTESIAN_POINT('',(208.011913,-107.63816,0.));
#12194 = VECTOR('',#12195,1.);
#12195 = DIRECTION('',(0.,0.,1.));
#12196 = ORIENTED_EDGE('',*,*,#1764,.F.);
#12197 = CYLINDRICAL_SURFACE('',#12198,0.497554635006);
#12198 = AXIS2_PLACEMENT_3D('',#12199,#12200,#12201);
#12199 = CARTESIAN_POINT('',(208.50544920228,-107.7012680965,0.));
#12200 = DIRECTION('',(-0.,-0.,-1.));
#12201 = DIRECTION('',(9.086032757149E-03,0.999958721152,-0.));
#12202 = ADVANCED_FACE('',(#12203),#12214,.T.);
#12203 = FACE_BOUND('',#12204,.T.);
#12204 = EDGE_LOOP('',(#12205,#12211,#12212,#12213));
#12205 = ORIENTED_EDGE('',*,*,#12206,.T.);
#12206 = EDGE_CURVE('',#1776,#6167,#12207,.T.);
#12207 = LINE('',#12208,#12209);
#12208 = CARTESIAN_POINT('',(221.50997,-107.203734,0.));
#12209 = VECTOR('',#12210,1.);
#12210 = DIRECTION('',(0.,0.,1.));
#12211 = ORIENTED_EDGE('',*,*,#6166,.T.);
#12212 = ORIENTED_EDGE('',*,*,#12184,.F.);
#12213 = ORIENTED_EDGE('',*,*,#1775,.F.);
#12214 = PLANE('',#12215);
#12215 = AXIS2_PLACEMENT_3D('',#12216,#12217,#12218);
#12216 = CARTESIAN_POINT('',(221.50997,-107.203734,0.));
#12217 = DIRECTION('',(0.,-1.,0.));
#12218 = DIRECTION('',(-1.,0.,0.));
#12219 = ADVANCED_FACE('',(#12220),#12231,.T.);
#12220 = FACE_BOUND('',#12221,.T.);
#12221 = EDGE_LOOP('',(#12222,#12223,#12224,#12230));
#12222 = ORIENTED_EDGE('',*,*,#12191,.T.);
#12223 = ORIENTED_EDGE('',*,*,#6257,.T.);
#12224 = ORIENTED_EDGE('',*,*,#12225,.F.);
#12225 = EDGE_CURVE('',#1859,#6250,#12226,.T.);
#12226 = LINE('',#12227,#12228);
#12227 = CARTESIAN_POINT('',(208.00997,-107.703734,0.));
#12228 = VECTOR('',#12229,1.);
#12229 = DIRECTION('',(0.,0.,1.));
#12230 = ORIENTED_EDGE('',*,*,#1866,.F.);
#12231 = PLANE('',#12232);
#12232 = AXIS2_PLACEMENT_3D('',#12233,#12234,#12235);
#12233 = CARTESIAN_POINT('',(208.011913,-107.63816,0.));
#12234 = DIRECTION('',(0.999561301254,-2.961764736511E-02,0.));
#12235 = DIRECTION('',(-2.961764736511E-02,-0.999561301254,0.));
#12236 = ADVANCED_FACE('',(#12237),#12248,.T.);
#12237 = FACE_BOUND('',#12238,.T.);
#12238 = EDGE_LOOP('',(#12239,#12245,#12246,#12247));
#12239 = ORIENTED_EDGE('',*,*,#12240,.T.);
#12240 = EDGE_CURVE('',#1784,#6175,#12241,.T.);
#12241 = LINE('',#12242,#12243);
#12242 = CARTESIAN_POINT('',(221.575541,-107.205678,0.));
#12243 = VECTOR('',#12244,1.);
#12244 = DIRECTION('',(0.,0.,1.));
#12245 = ORIENTED_EDGE('',*,*,#6174,.T.);
#12246 = ORIENTED_EDGE('',*,*,#12206,.F.);
#12247 = ORIENTED_EDGE('',*,*,#1783,.F.);
#12248 = PLANE('',#12249);
#12249 = AXIS2_PLACEMENT_3D('',#12250,#12251,#12252);
#12250 = CARTESIAN_POINT('',(221.575541,-107.205678,0.));
#12251 = DIRECTION('',(-2.963423181105E-02,-0.999560809708,0.));
#12252 = DIRECTION('',(-0.999560809708,2.963423181105E-02,0.));
#12253 = ADVANCED_FACE('',(#12254),#12265,.T.);
#12254 = FACE_BOUND('',#12255,.T.);
#12255 = EDGE_LOOP('',(#12256,#12257,#12258,#12264));
#12256 = ORIENTED_EDGE('',*,*,#12225,.T.);
#12257 = ORIENTED_EDGE('',*,*,#6249,.T.);
#12258 = ORIENTED_EDGE('',*,*,#12259,.F.);
#12259 = EDGE_CURVE('',#1851,#6242,#12260,.T.);
#12260 = LINE('',#12261,#12262);
#12261 = CARTESIAN_POINT('',(208.00997,-120.703734,0.));
#12262 = VECTOR('',#12263,1.);
#12263 = DIRECTION('',(0.,0.,1.));
#12264 = ORIENTED_EDGE('',*,*,#1858,.F.);
#12265 = PLANE('',#12266);
#12266 = AXIS2_PLACEMENT_3D('',#12267,#12268,#12269);
#12267 = CARTESIAN_POINT('',(208.00997,-107.703734,0.));
#12268 = DIRECTION('',(1.,0.,-0.));
#12269 = DIRECTION('',(0.,-1.,0.));
#12270 = ADVANCED_FACE('',(#12271),#12282,.F.);
#12271 = FACE_BOUND('',#12272,.T.);
#12272 = EDGE_LOOP('',(#12273,#12279,#12280,#12281));
#12273 = ORIENTED_EDGE('',*,*,#12274,.T.);
#12274 = EDGE_CURVE('',#1792,#6183,#12275,.T.);
#12275 = LINE('',#12276,#12277);
#12276 = CARTESIAN_POINT('',(222.00997,-107.703734,0.));
#12277 = VECTOR('',#12278,1.);
#12278 = DIRECTION('',(0.,0.,1.));
#12279 = ORIENTED_EDGE('',*,*,#6182,.T.);
#12280 = ORIENTED_EDGE('',*,*,#12240,.F.);
#12281 = ORIENTED_EDGE('',*,*,#1791,.F.);
#12282 = CYLINDRICAL_SURFACE('',#12283,0.49762810037);
#12283 = AXIS2_PLACEMENT_3D('',#12284,#12285,#12286);
#12284 = CARTESIAN_POINT('',(221.51236184008,-107.699279175,0.));
#12285 = DIRECTION('',(-0.,-0.,-1.));
#12286 = DIRECTION('',(0.999959928999,-8.952116905798E-03,0.));
#12287 = ADVANCED_FACE('',(#12288),#12299,.T.);
#12288 = FACE_BOUND('',#12289,.T.);
#12289 = EDGE_LOOP('',(#12290,#12291,#12292,#12298));
#12290 = ORIENTED_EDGE('',*,*,#12259,.T.);
#12291 = ORIENTED_EDGE('',*,*,#6241,.T.);
#12292 = ORIENTED_EDGE('',*,*,#12293,.F.);
#12293 = EDGE_CURVE('',#1842,#6233,#12294,.T.);
#12294 = LINE('',#12295,#12296);
#12295 = CARTESIAN_POINT('',(208.012734,-120.702618,0.));
#12296 = VECTOR('',#12297,1.);
#12297 = DIRECTION('',(0.,0.,1.));
#12298 = ORIENTED_EDGE('',*,*,#1850,.F.);
#12299 = PLANE('',#12300);
#12300 = AXIS2_PLACEMENT_3D('',#12301,#12302,#12303);
#12301 = CARTESIAN_POINT('',(208.00997,-120.703734,0.));
#12302 = DIRECTION('',(-0.374396485848,0.927268715845,0.));
#12303 = DIRECTION('',(0.927268715845,0.374396485848,0.));
#12304 = ADVANCED_FACE('',(#12305),#12316,.T.);
#12305 = FACE_BOUND('',#12306,.T.);
#12306 = EDGE_LOOP('',(#12307,#12313,#12314,#12315));
#12307 = ORIENTED_EDGE('',*,*,#12308,.T.);
#12308 = EDGE_CURVE('',#1801,#6192,#12309,.T.);
#12309 = LINE('',#12310,#12311);
#12310 = CARTESIAN_POINT('',(222.00997,-120.703734,0.));
#12311 = VECTOR('',#12312,1.);
#12312 = DIRECTION('',(0.,0.,1.));
#12313 = ORIENTED_EDGE('',*,*,#6191,.T.);
#12314 = ORIENTED_EDGE('',*,*,#12274,.F.);
#12315 = ORIENTED_EDGE('',*,*,#1800,.F.);
#12316 = PLANE('',#12317);
#12317 = AXIS2_PLACEMENT_3D('',#12318,#12319,#12320);
#12318 = CARTESIAN_POINT('',(222.00997,-120.703734,0.));
#12319 = DIRECTION('',(-1.,0.,0.));
#12320 = DIRECTION('',(0.,1.,0.));
#12321 = ADVANCED_FACE('',(#12322),#12333,.F.);
#12322 = FACE_BOUND('',#12323,.T.);
#12323 = EDGE_LOOP('',(#12324,#12325,#12326,#12332));
#12324 = ORIENTED_EDGE('',*,*,#12293,.T.);
#12325 = ORIENTED_EDGE('',*,*,#6232,.T.);
#12326 = ORIENTED_EDGE('',*,*,#12327,.F.);
#12327 = EDGE_CURVE('',#1834,#6225,#12328,.T.);
#12328 = LINE('',#12329,#12330);
#12329 = CARTESIAN_POINT('',(208.44716,-121.200675,0.));
#12330 = VECTOR('',#12331,1.);
#12331 = DIRECTION('',(0.,0.,1.));
#12332 = ORIENTED_EDGE('',*,*,#1841,.F.);
#12333 = CYLINDRICAL_SURFACE('',#12334,0.497565516144);
#12334 = AXIS2_PLACEMENT_3D('',#12335,#12336,#12337);
#12335 = CARTESIAN_POINT('',(208.51027906494,-120.7071292305,0.));
#12336 = DIRECTION('',(-0.,-0.,-1.));
#12337 = DIRECTION('',(-0.999958897481,9.066606206975E-03,0.));
#12338 = ADVANCED_FACE('',(#12339),#12350,.T.);
#12339 = FACE_BOUND('',#12340,.T.);
#12340 = EDGE_LOOP('',(#12341,#12347,#12348,#12349));
#12341 = ORIENTED_EDGE('',*,*,#12342,.T.);
#12342 = EDGE_CURVE('',#1809,#6200,#12343,.T.);
#12343 = LINE('',#12344,#12345);
#12344 = CARTESIAN_POINT('',(222.007827,-120.769274,0.));
#12345 = VECTOR('',#12346,1.);
#12346 = DIRECTION('',(0.,0.,1.));
#12347 = ORIENTED_EDGE('',*,*,#6199,.T.);
#12348 = ORIENTED_EDGE('',*,*,#12308,.F.);
#12349 = ORIENTED_EDGE('',*,*,#1808,.F.);
#12350 = PLANE('',#12351);
#12351 = AXIS2_PLACEMENT_3D('',#12352,#12353,#12354);
#12352 = CARTESIAN_POINT('',(222.007827,-120.769274,0.));
#12353 = DIRECTION('',(-0.999465862088,3.26801242367E-02,0.));
#12354 = DIRECTION('',(3.26801242367E-02,0.999465862088,0.));
#12355 = ADVANCED_FACE('',(#12356),#12367,.T.);
#12356 = FACE_BOUND('',#12357,.T.);
#12357 = EDGE_LOOP('',(#12358,#12359,#12360,#12366));
#12358 = ORIENTED_EDGE('',*,*,#12327,.T.);
#12359 = ORIENTED_EDGE('',*,*,#6224,.T.);
#12360 = ORIENTED_EDGE('',*,*,#12361,.F.);
#12361 = EDGE_CURVE('',#1826,#6217,#12362,.T.);
#12362 = LINE('',#12363,#12364);
#12363 = CARTESIAN_POINT('',(208.50997,-121.203734,0.));
#12364 = VECTOR('',#12365,1.);
#12365 = DIRECTION('',(0.,0.,1.));
#12366 = ORIENTED_EDGE('',*,*,#1833,.F.);
#12367 = PLANE('',#12368);
#12368 = AXIS2_PLACEMENT_3D('',#12369,#12370,#12371);
#12369 = CARTESIAN_POINT('',(208.44716,-121.200675,0.));
#12370 = DIRECTION('',(4.864477914793E-02,0.998816141971,-0.));
#12371 = DIRECTION('',(0.998816141971,-4.864477914793E-02,0.));
#12372 = ADVANCED_FACE('',(#12373),#12384,.F.);
#12373 = FACE_BOUND('',#12374,.T.);
#12374 = EDGE_LOOP('',(#12375,#12381,#12382,#12383));
#12375 = ORIENTED_EDGE('',*,*,#12376,.T.);
#12376 = EDGE_CURVE('',#1817,#6208,#12377,.T.);
#12377 = LINE('',#12378,#12379);
#12378 = CARTESIAN_POINT('',(221.50997,-121.203734,0.));
#12379 = VECTOR('',#12380,1.);
#12380 = DIRECTION('',(0.,0.,1.));
#12381 = ORIENTED_EDGE('',*,*,#6207,.T.);
#12382 = ORIENTED_EDGE('',*,*,#12342,.F.);
#12383 = ORIENTED_EDGE('',*,*,#1816,.F.);
#12384 = CYLINDRICAL_SURFACE('',#12385,0.497940142437);
#12385 = AXIS2_PLACEMENT_3D('',#12386,#12387,#12388);
#12386 = CARTESIAN_POINT('',(221.51394779014,-120.705809746,0.));
#12387 = DIRECTION('',(-0.,-0.,-1.));
#12388 = DIRECTION('',(-7.988490599025E-03,-0.9999680915,0.));
#12389 = ADVANCED_FACE('',(#12390),#12396,.T.);
#12390 = FACE_BOUND('',#12391,.T.);
#12391 = EDGE_LOOP('',(#12392,#12393,#12394,#12395));
#12392 = ORIENTED_EDGE('',*,*,#12361,.T.);
#12393 = ORIENTED_EDGE('',*,*,#6216,.T.);
#12394 = ORIENTED_EDGE('',*,*,#12376,.F.);
#12395 = ORIENTED_EDGE('',*,*,#1825,.F.);
#12396 = PLANE('',#12397);
#12397 = AXIS2_PLACEMENT_3D('',#12398,#12399,#12400);
#12398 = CARTESIAN_POINT('',(208.50997,-121.203734,0.));
#12399 = DIRECTION('',(0.,1.,0.));
#12400 = DIRECTION('',(1.,0.,0.));
#12401 = ADVANCED_FACE('',(#12402),#12418,.F.);
#12402 = FACE_BOUND('',#12403,.T.);
#12403 = EDGE_LOOP('',(#12404,#12410,#12411,#12417));
#12404 = ORIENTED_EDGE('',*,*,#12405,.T.);
#12405 = EDGE_CURVE('',#1875,#6266,#12406,.T.);
#12406 = LINE('',#12407,#12408);
#12407 = CARTESIAN_POINT('',(227.55997,-107.203734,0.));
#12408 = VECTOR('',#12409,1.);
#12409 = DIRECTION('',(0.,0.,1.));
#12410 = ORIENTED_EDGE('',*,*,#6265,.T.);
#12411 = ORIENTED_EDGE('',*,*,#12412,.F.);
#12412 = EDGE_CURVE('',#1877,#6268,#12413,.T.);
#12413 = LINE('',#12414,#12415);
#12414 = CARTESIAN_POINT('',(227.061913,-107.63816,0.));
#12415 = VECTOR('',#12416,1.);
#12416 = DIRECTION('',(0.,0.,1.));
#12417 = ORIENTED_EDGE('',*,*,#1874,.F.);
#12418 = CYLINDRICAL_SURFACE('',#12419,0.497554635006);
#12419 = AXIS2_PLACEMENT_3D('',#12420,#12421,#12422);
#12420 = CARTESIAN_POINT('',(227.55544920228,-107.7012680965,0.));
#12421 = DIRECTION('',(-0.,-0.,-1.));
#12422 = DIRECTION('',(9.086032757149E-03,0.999958721152,-0.));
#12423 = ADVANCED_FACE('',(#12424),#12435,.T.);
#12424 = FACE_BOUND('',#12425,.T.);
#12425 = EDGE_LOOP('',(#12426,#12432,#12433,#12434));
#12426 = ORIENTED_EDGE('',*,*,#12427,.T.);
#12427 = EDGE_CURVE('',#1886,#6277,#12428,.T.);
#12428 = LINE('',#12429,#12430);
#12429 = CARTESIAN_POINT('',(240.55997,-107.203734,0.));
#12430 = VECTOR('',#12431,1.);
#12431 = DIRECTION('',(0.,0.,1.));
#12432 = ORIENTED_EDGE('',*,*,#6276,.T.);
#12433 = ORIENTED_EDGE('',*,*,#12405,.F.);
#12434 = ORIENTED_EDGE('',*,*,#1885,.F.);
#12435 = PLANE('',#12436);
#12436 = AXIS2_PLACEMENT_3D('',#12437,#12438,#12439);
#12437 = CARTESIAN_POINT('',(240.55997,-107.203734,0.));
#12438 = DIRECTION('',(0.,-1.,0.));
#12439 = DIRECTION('',(-1.,0.,0.));
#12440 = ADVANCED_FACE('',(#12441),#12452,.T.);
#12441 = FACE_BOUND('',#12442,.T.);
#12442 = EDGE_LOOP('',(#12443,#12444,#12445,#12451));
#12443 = ORIENTED_EDGE('',*,*,#12412,.T.);
#12444 = ORIENTED_EDGE('',*,*,#6367,.T.);
#12445 = ORIENTED_EDGE('',*,*,#12446,.F.);
#12446 = EDGE_CURVE('',#1969,#6360,#12447,.T.);
#12447 = LINE('',#12448,#12449);
#12448 = CARTESIAN_POINT('',(227.05997,-107.703734,0.));
#12449 = VECTOR('',#12450,1.);
#12450 = DIRECTION('',(0.,0.,1.));
#12451 = ORIENTED_EDGE('',*,*,#1976,.F.);
#12452 = PLANE('',#12453);
#12453 = AXIS2_PLACEMENT_3D('',#12454,#12455,#12456);
#12454 = CARTESIAN_POINT('',(227.061913,-107.63816,0.));
#12455 = DIRECTION('',(0.999561301254,-2.961764736554E-02,0.));
#12456 = DIRECTION('',(-2.961764736554E-02,-0.999561301254,0.));
#12457 = ADVANCED_FACE('',(#12458),#12469,.T.);
#12458 = FACE_BOUND('',#12459,.T.);
#12459 = EDGE_LOOP('',(#12460,#12466,#12467,#12468));
#12460 = ORIENTED_EDGE('',*,*,#12461,.T.);
#12461 = EDGE_CURVE('',#1894,#6285,#12462,.T.);
#12462 = LINE('',#12463,#12464);
#12463 = CARTESIAN_POINT('',(240.625541,-107.205678,0.));
#12464 = VECTOR('',#12465,1.);
#12465 = DIRECTION('',(0.,0.,1.));
#12466 = ORIENTED_EDGE('',*,*,#6284,.T.);
#12467 = ORIENTED_EDGE('',*,*,#12427,.F.);
#12468 = ORIENTED_EDGE('',*,*,#1893,.F.);
#12469 = PLANE('',#12470);
#12470 = AXIS2_PLACEMENT_3D('',#12471,#12472,#12473);
#12471 = CARTESIAN_POINT('',(240.625541,-107.205678,0.));
#12472 = DIRECTION('',(-2.963423181104E-02,-0.999560809708,0.));
#12473 = DIRECTION('',(-0.999560809708,2.963423181104E-02,0.));
#12474 = ADVANCED_FACE('',(#12475),#12486,.T.);
#12475 = FACE_BOUND('',#12476,.T.);
#12476 = EDGE_LOOP('',(#12477,#12478,#12479,#12485));
#12477 = ORIENTED_EDGE('',*,*,#12446,.T.);
#12478 = ORIENTED_EDGE('',*,*,#6359,.T.);
#12479 = ORIENTED_EDGE('',*,*,#12480,.F.);
#12480 = EDGE_CURVE('',#1961,#6352,#12481,.T.);
#12481 = LINE('',#12482,#12483);
#12482 = CARTESIAN_POINT('',(227.05997,-120.703734,0.));
#12483 = VECTOR('',#12484,1.);
#12484 = DIRECTION('',(0.,0.,1.));
#12485 = ORIENTED_EDGE('',*,*,#1968,.F.);
#12486 = PLANE('',#12487);
#12487 = AXIS2_PLACEMENT_3D('',#12488,#12489,#12490);
#12488 = CARTESIAN_POINT('',(227.05997,-107.703734,0.));
#12489 = DIRECTION('',(1.,0.,-0.));
#12490 = DIRECTION('',(0.,-1.,0.));
#12491 = ADVANCED_FACE('',(#12492),#12503,.F.);
#12492 = FACE_BOUND('',#12493,.T.);
#12493 = EDGE_LOOP('',(#12494,#12500,#12501,#12502));
#12494 = ORIENTED_EDGE('',*,*,#12495,.T.);
#12495 = EDGE_CURVE('',#1902,#6293,#12496,.T.);
#12496 = LINE('',#12497,#12498);
#12497 = CARTESIAN_POINT('',(241.05997,-107.703734,0.));
#12498 = VECTOR('',#12499,1.);
#12499 = DIRECTION('',(0.,0.,1.));
#12500 = ORIENTED_EDGE('',*,*,#6292,.T.);
#12501 = ORIENTED_EDGE('',*,*,#12461,.F.);
#12502 = ORIENTED_EDGE('',*,*,#1901,.F.);
#12503 = CYLINDRICAL_SURFACE('',#12504,0.49762810037);
#12504 = AXIS2_PLACEMENT_3D('',#12505,#12506,#12507);
#12505 = CARTESIAN_POINT('',(240.56236184008,-107.699279175,0.));
#12506 = DIRECTION('',(-0.,-0.,-1.));
#12507 = DIRECTION('',(0.999959928999,-8.952116905942E-03,0.));
#12508 = ADVANCED_FACE('',(#12509),#12520,.T.);
#12509 = FACE_BOUND('',#12510,.T.);
#12510 = EDGE_LOOP('',(#12511,#12512,#12513,#12519));
#12511 = ORIENTED_EDGE('',*,*,#12480,.T.);
#12512 = ORIENTED_EDGE('',*,*,#6351,.T.);
#12513 = ORIENTED_EDGE('',*,*,#12514,.F.);
#12514 = EDGE_CURVE('',#1952,#6343,#12515,.T.);
#12515 = LINE('',#12516,#12517);
#12516 = CARTESIAN_POINT('',(227.062734,-120.702618,0.));
#12517 = VECTOR('',#12518,1.);
#12518 = DIRECTION('',(0.,0.,1.));
#12519 = ORIENTED_EDGE('',*,*,#1960,.F.);
#12520 = PLANE('',#12521);
#12521 = AXIS2_PLACEMENT_3D('',#12522,#12523,#12524);
#12522 = CARTESIAN_POINT('',(227.05997,-120.703734,0.));
#12523 = DIRECTION('',(-0.374396485845,0.927268715846,0.));
#12524 = DIRECTION('',(0.927268715846,0.374396485845,0.));
#12525 = ADVANCED_FACE('',(#12526),#12537,.T.);
#12526 = FACE_BOUND('',#12527,.T.);
#12527 = EDGE_LOOP('',(#12528,#12534,#12535,#12536));
#12528 = ORIENTED_EDGE('',*,*,#12529,.T.);
#12529 = EDGE_CURVE('',#1911,#6302,#12530,.T.);
#12530 = LINE('',#12531,#12532);
#12531 = CARTESIAN_POINT('',(241.05997,-120.703734,0.));
#12532 = VECTOR('',#12533,1.);
#12533 = DIRECTION('',(0.,0.,1.));
#12534 = ORIENTED_EDGE('',*,*,#6301,.T.);
#12535 = ORIENTED_EDGE('',*,*,#12495,.F.);
#12536 = ORIENTED_EDGE('',*,*,#1910,.F.);
#12537 = PLANE('',#12538);
#12538 = AXIS2_PLACEMENT_3D('',#12539,#12540,#12541);
#12539 = CARTESIAN_POINT('',(241.05997,-120.703734,0.));
#12540 = DIRECTION('',(-1.,0.,0.));
#12541 = DIRECTION('',(0.,1.,0.));
#12542 = ADVANCED_FACE('',(#12543),#12554,.F.);
#12543 = FACE_BOUND('',#12544,.T.);
#12544 = EDGE_LOOP('',(#12545,#12546,#12547,#12553));
#12545 = ORIENTED_EDGE('',*,*,#12514,.T.);
#12546 = ORIENTED_EDGE('',*,*,#6342,.T.);
#12547 = ORIENTED_EDGE('',*,*,#12548,.F.);
#12548 = EDGE_CURVE('',#1944,#6335,#12549,.T.);
#12549 = LINE('',#12550,#12551);
#12550 = CARTESIAN_POINT('',(227.49716,-121.200675,0.));
#12551 = VECTOR('',#12552,1.);
#12552 = DIRECTION('',(0.,0.,1.));
#12553 = ORIENTED_EDGE('',*,*,#1951,.F.);
#12554 = CYLINDRICAL_SURFACE('',#12555,0.497565516144);
#12555 = AXIS2_PLACEMENT_3D('',#12556,#12557,#12558);
#12556 = CARTESIAN_POINT('',(227.56027906494,-120.7071292305,0.));
#12557 = DIRECTION('',(-0.,-0.,-1.));
#12558 = DIRECTION('',(-0.999958897481,9.066606207091E-03,0.));
#12559 = ADVANCED_FACE('',(#12560),#12571,.T.);
#12560 = FACE_BOUND('',#12561,.T.);
#12561 = EDGE_LOOP('',(#12562,#12568,#12569,#12570));
#12562 = ORIENTED_EDGE('',*,*,#12563,.T.);
#12563 = EDGE_CURVE('',#1919,#6310,#12564,.T.);
#12564 = LINE('',#12565,#12566);
#12565 = CARTESIAN_POINT('',(241.057827,-120.769274,0.));
#12566 = VECTOR('',#12567,1.);
#12567 = DIRECTION('',(0.,0.,1.));
#12568 = ORIENTED_EDGE('',*,*,#6309,.T.);
#12569 = ORIENTED_EDGE('',*,*,#12529,.F.);
#12570 = ORIENTED_EDGE('',*,*,#1918,.F.);
#12571 = PLANE('',#12572);
#12572 = AXIS2_PLACEMENT_3D('',#12573,#12574,#12575);
#12573 = CARTESIAN_POINT('',(241.057827,-120.769274,0.));
#12574 = DIRECTION('',(-0.999465862088,3.268012423627E-02,0.));
#12575 = DIRECTION('',(3.268012423627E-02,0.999465862088,0.));
#12576 = ADVANCED_FACE('',(#12577),#12588,.T.);
#12577 = FACE_BOUND('',#12578,.T.);
#12578 = EDGE_LOOP('',(#12579,#12580,#12581,#12587));
#12579 = ORIENTED_EDGE('',*,*,#12548,.T.);
#12580 = ORIENTED_EDGE('',*,*,#6334,.T.);
#12581 = ORIENTED_EDGE('',*,*,#12582,.F.);
#12582 = EDGE_CURVE('',#1936,#6327,#12583,.T.);
#12583 = LINE('',#12584,#12585);
#12584 = CARTESIAN_POINT('',(227.55997,-121.203734,0.));
#12585 = VECTOR('',#12586,1.);
#12586 = DIRECTION('',(0.,0.,1.));
#12587 = ORIENTED_EDGE('',*,*,#1943,.F.);
#12588 = PLANE('',#12589);
#12589 = AXIS2_PLACEMENT_3D('',#12590,#12591,#12592);
#12590 = CARTESIAN_POINT('',(227.49716,-121.200675,0.));
#12591 = DIRECTION('',(4.864477914795E-02,0.998816141971,-0.));
#12592 = DIRECTION('',(0.998816141971,-4.864477914795E-02,0.));
#12593 = ADVANCED_FACE('',(#12594),#12605,.F.);
#12594 = FACE_BOUND('',#12595,.T.);
#12595 = EDGE_LOOP('',(#12596,#12602,#12603,#12604));
#12596 = ORIENTED_EDGE('',*,*,#12597,.T.);
#12597 = EDGE_CURVE('',#1927,#6318,#12598,.T.);
#12598 = LINE('',#12599,#12600);
#12599 = CARTESIAN_POINT('',(240.55997,-121.203734,0.));
#12600 = VECTOR('',#12601,1.);
#12601 = DIRECTION('',(0.,0.,1.));
#12602 = ORIENTED_EDGE('',*,*,#6317,.T.);
#12603 = ORIENTED_EDGE('',*,*,#12563,.F.);
#12604 = ORIENTED_EDGE('',*,*,#1926,.F.);
#12605 = CYLINDRICAL_SURFACE('',#12606,0.497940142437);
#12606 = AXIS2_PLACEMENT_3D('',#12607,#12608,#12609);
#12607 = CARTESIAN_POINT('',(240.56394779014,-120.705809746,0.));
#12608 = DIRECTION('',(-0.,-0.,-1.));
#12609 = DIRECTION('',(-7.988490599025E-03,-0.9999680915,0.));
#12610 = ADVANCED_FACE('',(#12611),#12617,.T.);
#12611 = FACE_BOUND('',#12612,.T.);
#12612 = EDGE_LOOP('',(#12613,#12614,#12615,#12616));
#12613 = ORIENTED_EDGE('',*,*,#12582,.T.);
#12614 = ORIENTED_EDGE('',*,*,#6326,.T.);
#12615 = ORIENTED_EDGE('',*,*,#12597,.F.);
#12616 = ORIENTED_EDGE('',*,*,#1935,.F.);
#12617 = PLANE('',#12618);
#12618 = AXIS2_PLACEMENT_3D('',#12619,#12620,#12621);
#12619 = CARTESIAN_POINT('',(227.55997,-121.203734,0.));
#12620 = DIRECTION('',(0.,1.,0.));
#12621 = DIRECTION('',(1.,0.,0.));
#12622 = ADVANCED_FACE('',(#12623),#12639,.F.);
#12623 = FACE_BOUND('',#12624,.T.);
#12624 = EDGE_LOOP('',(#12625,#12631,#12632,#12638));
#12625 = ORIENTED_EDGE('',*,*,#12626,.T.);
#12626 = EDGE_CURVE('',#1985,#6376,#12627,.T.);
#12627 = LINE('',#12628,#12629);
#12628 = CARTESIAN_POINT('',(146.59747,-83.391234,0.));
#12629 = VECTOR('',#12630,1.);
#12630 = DIRECTION('',(0.,0.,1.));
#12631 = ORIENTED_EDGE('',*,*,#6375,.T.);
#12632 = ORIENTED_EDGE('',*,*,#12633,.F.);
#12633 = EDGE_CURVE('',#1987,#6378,#12634,.T.);
#12634 = LINE('',#12635,#12636);
#12635 = CARTESIAN_POINT('',(146.099413,-83.82566,0.));
#12636 = VECTOR('',#12637,1.);
#12637 = DIRECTION('',(0.,0.,1.));
#12638 = ORIENTED_EDGE('',*,*,#1984,.F.);
#12639 = CYLINDRICAL_SURFACE('',#12640,0.497554635006);
#12640 = AXIS2_PLACEMENT_3D('',#12641,#12642,#12643);
#12641 = CARTESIAN_POINT('',(146.59294920228,-83.88876809652,0.));
#12642 = DIRECTION('',(-0.,-0.,-1.));
#12643 = DIRECTION('',(9.086032757149E-03,0.999958721152,-0.));
#12644 = ADVANCED_FACE('',(#12645),#12656,.T.);
#12645 = FACE_BOUND('',#12646,.T.);
#12646 = EDGE_LOOP('',(#12647,#12653,#12654,#12655));
#12647 = ORIENTED_EDGE('',*,*,#12648,.T.);
#12648 = EDGE_CURVE('',#1996,#6387,#12649,.T.);
#12649 = LINE('',#12650,#12651);
#12650 = CARTESIAN_POINT('',(159.59747,-83.391234,0.));
#12651 = VECTOR('',#12652,1.);
#12652 = DIRECTION('',(0.,0.,1.));
#12653 = ORIENTED_EDGE('',*,*,#6386,.T.);
#12654 = ORIENTED_EDGE('',*,*,#12626,.F.);
#12655 = ORIENTED_EDGE('',*,*,#1995,.F.);
#12656 = PLANE('',#12657);
#12657 = AXIS2_PLACEMENT_3D('',#12658,#12659,#12660);
#12658 = CARTESIAN_POINT('',(159.59747,-83.391234,0.));
#12659 = DIRECTION('',(0.,-1.,0.));
#12660 = DIRECTION('',(-1.,0.,0.));
#12661 = ADVANCED_FACE('',(#12662),#12673,.T.);
#12662 = FACE_BOUND('',#12663,.T.);
#12663 = EDGE_LOOP('',(#12664,#12665,#12666,#12672));
#12664 = ORIENTED_EDGE('',*,*,#12633,.T.);
#12665 = ORIENTED_EDGE('',*,*,#6477,.T.);
#12666 = ORIENTED_EDGE('',*,*,#12667,.F.);
#12667 = EDGE_CURVE('',#2079,#6470,#12668,.T.);
#12668 = LINE('',#12669,#12670);
#12669 = CARTESIAN_POINT('',(146.09747,-83.891234,0.));
#12670 = VECTOR('',#12671,1.);
#12671 = DIRECTION('',(0.,0.,1.));
#12672 = ORIENTED_EDGE('',*,*,#2086,.F.);
#12673 = PLANE('',#12674);
#12674 = AXIS2_PLACEMENT_3D('',#12675,#12676,#12677);
#12675 = CARTESIAN_POINT('',(146.099413,-83.82566,0.));
#12676 = DIRECTION('',(0.999561301254,-2.961764736554E-02,0.));
#12677 = DIRECTION('',(-2.961764736554E-02,-0.999561301254,0.));
#12678 = ADVANCED_FACE('',(#12679),#12690,.T.);
#12679 = FACE_BOUND('',#12680,.T.);
#12680 = EDGE_LOOP('',(#12681,#12687,#12688,#12689));
#12681 = ORIENTED_EDGE('',*,*,#12682,.T.);
#12682 = EDGE_CURVE('',#2004,#6395,#12683,.T.);
#12683 = LINE('',#12684,#12685);
#12684 = CARTESIAN_POINT('',(159.663041,-83.393178,0.));
#12685 = VECTOR('',#12686,1.);
#12686 = DIRECTION('',(0.,0.,1.));
#12687 = ORIENTED_EDGE('',*,*,#6394,.T.);
#12688 = ORIENTED_EDGE('',*,*,#12648,.F.);
#12689 = ORIENTED_EDGE('',*,*,#2003,.F.);
#12690 = PLANE('',#12691);
#12691 = AXIS2_PLACEMENT_3D('',#12692,#12693,#12694);
#12692 = CARTESIAN_POINT('',(159.663041,-83.393178,0.));
#12693 = DIRECTION('',(-2.963423181104E-02,-0.999560809708,0.));
#12694 = DIRECTION('',(-0.999560809708,2.963423181104E-02,0.));
#12695 = ADVANCED_FACE('',(#12696),#12707,.T.);
#12696 = FACE_BOUND('',#12697,.T.);
#12697 = EDGE_LOOP('',(#12698,#12699,#12700,#12706));
#12698 = ORIENTED_EDGE('',*,*,#12667,.T.);
#12699 = ORIENTED_EDGE('',*,*,#6469,.T.);
#12700 = ORIENTED_EDGE('',*,*,#12701,.F.);
#12701 = EDGE_CURVE('',#2071,#6462,#12702,.T.);
#12702 = LINE('',#12703,#12704);
#12703 = CARTESIAN_POINT('',(146.09747,-96.891234,0.));
#12704 = VECTOR('',#12705,1.);
#12705 = DIRECTION('',(0.,0.,1.));
#12706 = ORIENTED_EDGE('',*,*,#2078,.F.);
#12707 = PLANE('',#12708);
#12708 = AXIS2_PLACEMENT_3D('',#12709,#12710,#12711);
#12709 = CARTESIAN_POINT('',(146.09747,-83.891234,0.));
#12710 = DIRECTION('',(1.,0.,-0.));
#12711 = DIRECTION('',(0.,-1.,0.));
#12712 = ADVANCED_FACE('',(#12713),#12724,.F.);
#12713 = FACE_BOUND('',#12714,.T.);
#12714 = EDGE_LOOP('',(#12715,#12721,#12722,#12723));
#12715 = ORIENTED_EDGE('',*,*,#12716,.T.);
#12716 = EDGE_CURVE('',#2012,#6403,#12717,.T.);
#12717 = LINE('',#12718,#12719);
#12718 = CARTESIAN_POINT('',(160.09747,-83.891234,0.));
#12719 = VECTOR('',#12720,1.);
#12720 = DIRECTION('',(0.,0.,1.));
#12721 = ORIENTED_EDGE('',*,*,#6402,.T.);
#12722 = ORIENTED_EDGE('',*,*,#12682,.F.);
#12723 = ORIENTED_EDGE('',*,*,#2011,.F.);
#12724 = CYLINDRICAL_SURFACE('',#12725,0.49762810037);
#12725 = AXIS2_PLACEMENT_3D('',#12726,#12727,#12728);
#12726 = CARTESIAN_POINT('',(159.59986184008,-83.88677917507,0.));
#12727 = DIRECTION('',(-0.,-0.,-1.));
#12728 = DIRECTION('',(0.999959928999,-8.952116905913E-03,0.));
#12729 = ADVANCED_FACE('',(#12730),#12741,.T.);
#12730 = FACE_BOUND('',#12731,.T.);
#12731 = EDGE_LOOP('',(#12732,#12733,#12734,#12740));
#12732 = ORIENTED_EDGE('',*,*,#12701,.T.);
#12733 = ORIENTED_EDGE('',*,*,#6461,.T.);
#12734 = ORIENTED_EDGE('',*,*,#12735,.F.);
#12735 = EDGE_CURVE('',#2062,#6453,#12736,.T.);
#12736 = LINE('',#12737,#12738);
#12737 = CARTESIAN_POINT('',(146.100234,-96.890118,0.));
#12738 = VECTOR('',#12739,1.);
#12739 = DIRECTION('',(0.,0.,1.));
#12740 = ORIENTED_EDGE('',*,*,#2070,.F.);
#12741 = PLANE('',#12742);
#12742 = AXIS2_PLACEMENT_3D('',#12743,#12744,#12745);
#12743 = CARTESIAN_POINT('',(146.09747,-96.891234,0.));
#12744 = DIRECTION('',(-0.374396485845,0.927268715846,0.));
#12745 = DIRECTION('',(0.927268715846,0.374396485845,0.));
#12746 = ADVANCED_FACE('',(#12747),#12758,.T.);
#12747 = FACE_BOUND('',#12748,.T.);
#12748 = EDGE_LOOP('',(#12749,#12755,#12756,#12757));
#12749 = ORIENTED_EDGE('',*,*,#12750,.T.);
#12750 = EDGE_CURVE('',#2021,#6412,#12751,.T.);
#12751 = LINE('',#12752,#12753);
#12752 = CARTESIAN_POINT('',(160.09747,-96.891234,0.));
#12753 = VECTOR('',#12754,1.);
#12754 = DIRECTION('',(0.,0.,1.));
#12755 = ORIENTED_EDGE('',*,*,#6411,.T.);
#12756 = ORIENTED_EDGE('',*,*,#12716,.F.);
#12757 = ORIENTED_EDGE('',*,*,#2020,.F.);
#12758 = PLANE('',#12759);
#12759 = AXIS2_PLACEMENT_3D('',#12760,#12761,#12762);
#12760 = CARTESIAN_POINT('',(160.09747,-96.891234,0.));
#12761 = DIRECTION('',(-1.,0.,0.));
#12762 = DIRECTION('',(0.,1.,0.));
#12763 = ADVANCED_FACE('',(#12764),#12775,.F.);
#12764 = FACE_BOUND('',#12765,.T.);
#12765 = EDGE_LOOP('',(#12766,#12767,#12768,#12774));
#12766 = ORIENTED_EDGE('',*,*,#12735,.T.);
#12767 = ORIENTED_EDGE('',*,*,#6452,.T.);
#12768 = ORIENTED_EDGE('',*,*,#12769,.F.);
#12769 = EDGE_CURVE('',#2054,#6445,#12770,.T.);
#12770 = LINE('',#12771,#12772);
#12771 = CARTESIAN_POINT('',(146.53466,-97.388175,0.));
#12772 = VECTOR('',#12773,1.);
#12773 = DIRECTION('',(0.,0.,1.));
#12774 = ORIENTED_EDGE('',*,*,#2061,.F.);
#12775 = CYLINDRICAL_SURFACE('',#12776,0.497565516144);
#12776 = AXIS2_PLACEMENT_3D('',#12777,#12778,#12779);
#12777 = CARTESIAN_POINT('',(146.59777906494,-96.89462923059,0.));
#12778 = DIRECTION('',(-0.,-0.,-1.));
#12779 = DIRECTION('',(-0.999958897481,9.066606207004E-03,0.));
#12780 = ADVANCED_FACE('',(#12781),#12792,.T.);
#12781 = FACE_BOUND('',#12782,.T.);
#12782 = EDGE_LOOP('',(#12783,#12789,#12790,#12791));
#12783 = ORIENTED_EDGE('',*,*,#12784,.T.);
#12784 = EDGE_CURVE('',#2029,#6420,#12785,.T.);
#12785 = LINE('',#12786,#12787);
#12786 = CARTESIAN_POINT('',(160.095327,-96.956774,0.));
#12787 = VECTOR('',#12788,1.);
#12788 = DIRECTION('',(0.,0.,1.));
#12789 = ORIENTED_EDGE('',*,*,#6419,.T.);
#12790 = ORIENTED_EDGE('',*,*,#12750,.F.);
#12791 = ORIENTED_EDGE('',*,*,#2028,.F.);
#12792 = PLANE('',#12793);
#12793 = AXIS2_PLACEMENT_3D('',#12794,#12795,#12796);
#12794 = CARTESIAN_POINT('',(160.095327,-96.956774,0.));
#12795 = DIRECTION('',(-0.999465862088,3.268012423627E-02,0.));
#12796 = DIRECTION('',(3.268012423627E-02,0.999465862088,0.));
#12797 = ADVANCED_FACE('',(#12798),#12809,.T.);
#12798 = FACE_BOUND('',#12799,.T.);
#12799 = EDGE_LOOP('',(#12800,#12801,#12802,#12808));
#12800 = ORIENTED_EDGE('',*,*,#12769,.T.);
#12801 = ORIENTED_EDGE('',*,*,#6444,.T.);
#12802 = ORIENTED_EDGE('',*,*,#12803,.F.);
#12803 = EDGE_CURVE('',#2046,#6437,#12804,.T.);
#12804 = LINE('',#12805,#12806);
#12805 = CARTESIAN_POINT('',(146.59747,-97.391234,0.));
#12806 = VECTOR('',#12807,1.);
#12807 = DIRECTION('',(0.,0.,1.));
#12808 = ORIENTED_EDGE('',*,*,#2053,.F.);
#12809 = PLANE('',#12810);
#12810 = AXIS2_PLACEMENT_3D('',#12811,#12812,#12813);
#12811 = CARTESIAN_POINT('',(146.53466,-97.388175,0.));
#12812 = DIRECTION('',(4.864477914795E-02,0.998816141971,-0.));
#12813 = DIRECTION('',(0.998816141971,-4.864477914795E-02,0.));
#12814 = ADVANCED_FACE('',(#12815),#12826,.F.);
#12815 = FACE_BOUND('',#12816,.T.);
#12816 = EDGE_LOOP('',(#12817,#12823,#12824,#12825));
#12817 = ORIENTED_EDGE('',*,*,#12818,.T.);
#12818 = EDGE_CURVE('',#2037,#6428,#12819,.T.);
#12819 = LINE('',#12820,#12821);
#12820 = CARTESIAN_POINT('',(159.59747,-97.391234,0.));
#12821 = VECTOR('',#12822,1.);
#12822 = DIRECTION('',(0.,0.,1.));
#12823 = ORIENTED_EDGE('',*,*,#6427,.T.);
#12824 = ORIENTED_EDGE('',*,*,#12784,.F.);
#12825 = ORIENTED_EDGE('',*,*,#2036,.F.);
#12826 = CYLINDRICAL_SURFACE('',#12827,0.497940142437);
#12827 = AXIS2_PLACEMENT_3D('',#12828,#12829,#12830);
#12828 = CARTESIAN_POINT('',(159.60144779014,-96.89330974608,0.));
#12829 = DIRECTION('',(-0.,-0.,-1.));
#12830 = DIRECTION('',(-7.988490599139E-03,-0.9999680915,0.));
#12831 = ADVANCED_FACE('',(#12832),#12838,.T.);
#12832 = FACE_BOUND('',#12833,.T.);
#12833 = EDGE_LOOP('',(#12834,#12835,#12836,#12837));
#12834 = ORIENTED_EDGE('',*,*,#12803,.T.);
#12835 = ORIENTED_EDGE('',*,*,#6436,.T.);
#12836 = ORIENTED_EDGE('',*,*,#12818,.F.);
#12837 = ORIENTED_EDGE('',*,*,#2045,.F.);
#12838 = PLANE('',#12839);
#12839 = AXIS2_PLACEMENT_3D('',#12840,#12841,#12842);
#12840 = CARTESIAN_POINT('',(146.59747,-97.391234,0.));
#12841 = DIRECTION('',(0.,1.,0.));
#12842 = DIRECTION('',(1.,0.,0.));
#12843 = ADVANCED_FACE('',(#12844),#12860,.F.);
#12844 = FACE_BOUND('',#12845,.T.);
#12845 = EDGE_LOOP('',(#12846,#12852,#12853,#12859));
#12846 = ORIENTED_EDGE('',*,*,#12847,.T.);
#12847 = EDGE_CURVE('',#2095,#6486,#12848,.T.);
#12848 = LINE('',#12849,#12850);
#12849 = CARTESIAN_POINT('',(165.64747,-83.391234,0.));
#12850 = VECTOR('',#12851,1.);
#12851 = DIRECTION('',(0.,0.,1.));
#12852 = ORIENTED_EDGE('',*,*,#6485,.T.);
#12853 = ORIENTED_EDGE('',*,*,#12854,.F.);
#12854 = EDGE_CURVE('',#2097,#6488,#12855,.T.);
#12855 = LINE('',#12856,#12857);
#12856 = CARTESIAN_POINT('',(165.149413,-83.82566,0.));
#12857 = VECTOR('',#12858,1.);
#12858 = DIRECTION('',(0.,0.,1.));
#12859 = ORIENTED_EDGE('',*,*,#2094,.F.);
#12860 = CYLINDRICAL_SURFACE('',#12861,0.497554635006);
#12861 = AXIS2_PLACEMENT_3D('',#12862,#12863,#12864);
#12862 = CARTESIAN_POINT('',(165.64294920228,-83.88876809652,0.));
#12863 = DIRECTION('',(-0.,-0.,-1.));
#12864 = DIRECTION('',(9.086032757149E-03,0.999958721152,-0.));
#12865 = ADVANCED_FACE('',(#12866),#12877,.T.);
#12866 = FACE_BOUND('',#12867,.T.);
#12867 = EDGE_LOOP('',(#12868,#12874,#12875,#12876));
#12868 = ORIENTED_EDGE('',*,*,#12869,.T.);
#12869 = EDGE_CURVE('',#2106,#6497,#12870,.T.);
#12870 = LINE('',#12871,#12872);
#12871 = CARTESIAN_POINT('',(178.64747,-83.391234,0.));
#12872 = VECTOR('',#12873,1.);
#12873 = DIRECTION('',(0.,0.,1.));
#12874 = ORIENTED_EDGE('',*,*,#6496,.T.);
#12875 = ORIENTED_EDGE('',*,*,#12847,.F.);
#12876 = ORIENTED_EDGE('',*,*,#2105,.F.);
#12877 = PLANE('',#12878);
#12878 = AXIS2_PLACEMENT_3D('',#12879,#12880,#12881);
#12879 = CARTESIAN_POINT('',(178.64747,-83.391234,0.));
#12880 = DIRECTION('',(0.,-1.,0.));
#12881 = DIRECTION('',(-1.,0.,0.));
#12882 = ADVANCED_FACE('',(#12883),#12894,.T.);
#12883 = FACE_BOUND('',#12884,.T.);
#12884 = EDGE_LOOP('',(#12885,#12886,#12887,#12893));
#12885 = ORIENTED_EDGE('',*,*,#12854,.T.);
#12886 = ORIENTED_EDGE('',*,*,#6587,.T.);
#12887 = ORIENTED_EDGE('',*,*,#12888,.F.);
#12888 = EDGE_CURVE('',#2189,#6580,#12889,.T.);
#12889 = LINE('',#12890,#12891);
#12890 = CARTESIAN_POINT('',(165.14747,-83.891234,0.));
#12891 = VECTOR('',#12892,1.);
#12892 = DIRECTION('',(0.,0.,1.));
#12893 = ORIENTED_EDGE('',*,*,#2196,.F.);
#12894 = PLANE('',#12895);
#12895 = AXIS2_PLACEMENT_3D('',#12896,#12897,#12898);
#12896 = CARTESIAN_POINT('',(165.149413,-83.82566,0.));
#12897 = DIRECTION('',(0.999561301254,-2.961764736554E-02,0.));
#12898 = DIRECTION('',(-2.961764736554E-02,-0.999561301254,0.));
#12899 = ADVANCED_FACE('',(#12900),#12911,.T.);
#12900 = FACE_BOUND('',#12901,.T.);
#12901 = EDGE_LOOP('',(#12902,#12908,#12909,#12910));
#12902 = ORIENTED_EDGE('',*,*,#12903,.T.);
#12903 = EDGE_CURVE('',#2114,#6505,#12904,.T.);
#12904 = LINE('',#12905,#12906);
#12905 = CARTESIAN_POINT('',(178.713041,-83.393178,0.));
#12906 = VECTOR('',#12907,1.);
#12907 = DIRECTION('',(0.,0.,1.));
#12908 = ORIENTED_EDGE('',*,*,#6504,.T.);
#12909 = ORIENTED_EDGE('',*,*,#12869,.F.);
#12910 = ORIENTED_EDGE('',*,*,#2113,.F.);
#12911 = PLANE('',#12912);
#12912 = AXIS2_PLACEMENT_3D('',#12913,#12914,#12915);
#12913 = CARTESIAN_POINT('',(178.713041,-83.393178,0.));
#12914 = DIRECTION('',(-2.963423181104E-02,-0.999560809708,0.));
#12915 = DIRECTION('',(-0.999560809708,2.963423181104E-02,0.));
#12916 = ADVANCED_FACE('',(#12917),#12928,.T.);
#12917 = FACE_BOUND('',#12918,.T.);
#12918 = EDGE_LOOP('',(#12919,#12920,#12921,#12927));
#12919 = ORIENTED_EDGE('',*,*,#12888,.T.);
#12920 = ORIENTED_EDGE('',*,*,#6579,.T.);
#12921 = ORIENTED_EDGE('',*,*,#12922,.F.);
#12922 = EDGE_CURVE('',#2181,#6572,#12923,.T.);
#12923 = LINE('',#12924,#12925);
#12924 = CARTESIAN_POINT('',(165.14747,-96.891234,0.));
#12925 = VECTOR('',#12926,1.);
#12926 = DIRECTION('',(0.,0.,1.));
#12927 = ORIENTED_EDGE('',*,*,#2188,.F.);
#12928 = PLANE('',#12929);
#12929 = AXIS2_PLACEMENT_3D('',#12930,#12931,#12932);
#12930 = CARTESIAN_POINT('',(165.14747,-83.891234,0.));
#12931 = DIRECTION('',(1.,0.,-0.));
#12932 = DIRECTION('',(0.,-1.,0.));
#12933 = ADVANCED_FACE('',(#12934),#12945,.F.);
#12934 = FACE_BOUND('',#12935,.T.);
#12935 = EDGE_LOOP('',(#12936,#12942,#12943,#12944));
#12936 = ORIENTED_EDGE('',*,*,#12937,.T.);
#12937 = EDGE_CURVE('',#2122,#6513,#12938,.T.);
#12938 = LINE('',#12939,#12940);
#12939 = CARTESIAN_POINT('',(179.14747,-83.891234,0.));
#12940 = VECTOR('',#12941,1.);
#12941 = DIRECTION('',(0.,0.,1.));
#12942 = ORIENTED_EDGE('',*,*,#6512,.T.);
#12943 = ORIENTED_EDGE('',*,*,#12903,.F.);
#12944 = ORIENTED_EDGE('',*,*,#2121,.F.);
#12945 = CYLINDRICAL_SURFACE('',#12946,0.49762810037);
#12946 = AXIS2_PLACEMENT_3D('',#12947,#12948,#12949);
#12947 = CARTESIAN_POINT('',(178.64986184008,-83.88677917507,0.));
#12948 = DIRECTION('',(-0.,-0.,-1.));
#12949 = DIRECTION('',(0.999959928999,-8.952116905798E-03,0.));
#12950 = ADVANCED_FACE('',(#12951),#12962,.T.);
#12951 = FACE_BOUND('',#12952,.T.);
#12952 = EDGE_LOOP('',(#12953,#12954,#12955,#12961));
#12953 = ORIENTED_EDGE('',*,*,#12922,.T.);
#12954 = ORIENTED_EDGE('',*,*,#6571,.T.);
#12955 = ORIENTED_EDGE('',*,*,#12956,.F.);
#12956 = EDGE_CURVE('',#2172,#6563,#12957,.T.);
#12957 = LINE('',#12958,#12959);
#12958 = CARTESIAN_POINT('',(165.150234,-96.890118,0.));
#12959 = VECTOR('',#12960,1.);
#12960 = DIRECTION('',(0.,0.,1.));
#12961 = ORIENTED_EDGE('',*,*,#2180,.F.);
#12962 = PLANE('',#12963);
#12963 = AXIS2_PLACEMENT_3D('',#12964,#12965,#12966);
#12964 = CARTESIAN_POINT('',(165.14747,-96.891234,0.));
#12965 = DIRECTION('',(-0.374396485845,0.927268715846,0.));
#12966 = DIRECTION('',(0.927268715846,0.374396485845,0.));
#12967 = ADVANCED_FACE('',(#12968),#12979,.T.);
#12968 = FACE_BOUND('',#12969,.T.);
#12969 = EDGE_LOOP('',(#12970,#12976,#12977,#12978));
#12970 = ORIENTED_EDGE('',*,*,#12971,.T.);
#12971 = EDGE_CURVE('',#2131,#6522,#12972,.T.);
#12972 = LINE('',#12973,#12974);
#12973 = CARTESIAN_POINT('',(179.14747,-96.891234,0.));
#12974 = VECTOR('',#12975,1.);
#12975 = DIRECTION('',(0.,0.,1.));
#12976 = ORIENTED_EDGE('',*,*,#6521,.T.);
#12977 = ORIENTED_EDGE('',*,*,#12937,.F.);
#12978 = ORIENTED_EDGE('',*,*,#2130,.F.);
#12979 = PLANE('',#12980);
#12980 = AXIS2_PLACEMENT_3D('',#12981,#12982,#12983);
#12981 = CARTESIAN_POINT('',(179.14747,-96.891234,0.));
#12982 = DIRECTION('',(-1.,0.,0.));
#12983 = DIRECTION('',(0.,1.,0.));
#12984 = ADVANCED_FACE('',(#12985),#12996,.F.);
#12985 = FACE_BOUND('',#12986,.T.);
#12986 = EDGE_LOOP('',(#12987,#12988,#12989,#12995));
#12987 = ORIENTED_EDGE('',*,*,#12956,.T.);
#12988 = ORIENTED_EDGE('',*,*,#6562,.T.);
#12989 = ORIENTED_EDGE('',*,*,#12990,.F.);
#12990 = EDGE_CURVE('',#2164,#6555,#12991,.T.);
#12991 = LINE('',#12992,#12993);
#12992 = CARTESIAN_POINT('',(165.58466,-97.388175,0.));
#12993 = VECTOR('',#12994,1.);
#12994 = DIRECTION('',(0.,0.,1.));
#12995 = ORIENTED_EDGE('',*,*,#2171,.F.);
#12996 = CYLINDRICAL_SURFACE('',#12997,0.497565516144);
#12997 = AXIS2_PLACEMENT_3D('',#12998,#12999,#13000);
#12998 = CARTESIAN_POINT('',(165.64777906494,-96.89462923059,0.));
#12999 = DIRECTION('',(-0.,-0.,-1.));
#13000 = DIRECTION('',(-0.999958897481,9.06660620712E-03,0.));
#13001 = ADVANCED_FACE('',(#13002),#13013,.T.);
#13002 = FACE_BOUND('',#13003,.T.);
#13003 = EDGE_LOOP('',(#13004,#13010,#13011,#13012));
#13004 = ORIENTED_EDGE('',*,*,#13005,.T.);
#13005 = EDGE_CURVE('',#2139,#6530,#13006,.T.);
#13006 = LINE('',#13007,#13008);
#13007 = CARTESIAN_POINT('',(179.145327,-96.956774,0.));
#13008 = VECTOR('',#13009,1.);
#13009 = DIRECTION('',(0.,0.,1.));
#13010 = ORIENTED_EDGE('',*,*,#6529,.T.);
#13011 = ORIENTED_EDGE('',*,*,#12971,.F.);
#13012 = ORIENTED_EDGE('',*,*,#2138,.F.);
#13013 = PLANE('',#13014);
#13014 = AXIS2_PLACEMENT_3D('',#13015,#13016,#13017);
#13015 = CARTESIAN_POINT('',(179.145327,-96.956774,0.));
#13016 = DIRECTION('',(-0.999465862088,3.268012423627E-02,0.));
#13017 = DIRECTION('',(3.268012423627E-02,0.999465862088,0.));
#13018 = ADVANCED_FACE('',(#13019),#13030,.T.);
#13019 = FACE_BOUND('',#13020,.T.);
#13020 = EDGE_LOOP('',(#13021,#13022,#13023,#13029));
#13021 = ORIENTED_EDGE('',*,*,#12990,.T.);
#13022 = ORIENTED_EDGE('',*,*,#6554,.T.);
#13023 = ORIENTED_EDGE('',*,*,#13024,.F.);
#13024 = EDGE_CURVE('',#2156,#6547,#13025,.T.);
#13025 = LINE('',#13026,#13027);
#13026 = CARTESIAN_POINT('',(165.64747,-97.391234,0.));
#13027 = VECTOR('',#13028,1.);
#13028 = DIRECTION('',(0.,0.,1.));
#13029 = ORIENTED_EDGE('',*,*,#2163,.F.);
#13030 = PLANE('',#13031);
#13031 = AXIS2_PLACEMENT_3D('',#13032,#13033,#13034);
#13032 = CARTESIAN_POINT('',(165.58466,-97.388175,0.));
#13033 = DIRECTION('',(4.864477914795E-02,0.998816141971,-0.));
#13034 = DIRECTION('',(0.998816141971,-4.864477914795E-02,0.));
#13035 = ADVANCED_FACE('',(#13036),#13047,.F.);
#13036 = FACE_BOUND('',#13037,.T.);
#13037 = EDGE_LOOP('',(#13038,#13044,#13045,#13046));
#13038 = ORIENTED_EDGE('',*,*,#13039,.T.);
#13039 = EDGE_CURVE('',#2147,#6538,#13040,.T.);
#13040 = LINE('',#13041,#13042);
#13041 = CARTESIAN_POINT('',(178.64747,-97.391234,0.));
#13042 = VECTOR('',#13043,1.);
#13043 = DIRECTION('',(0.,0.,1.));
#13044 = ORIENTED_EDGE('',*,*,#6537,.T.);
#13045 = ORIENTED_EDGE('',*,*,#13005,.F.);
#13046 = ORIENTED_EDGE('',*,*,#2146,.F.);
#13047 = CYLINDRICAL_SURFACE('',#13048,0.497940142437);
#13048 = AXIS2_PLACEMENT_3D('',#13049,#13050,#13051);
#13049 = CARTESIAN_POINT('',(178.65144779014,-96.89330974608,0.));
#13050 = DIRECTION('',(-0.,-0.,-1.));
#13051 = DIRECTION('',(-7.988490599139E-03,-0.9999680915,0.));
#13052 = ADVANCED_FACE('',(#13053),#13059,.T.);
#13053 = FACE_BOUND('',#13054,.T.);
#13054 = EDGE_LOOP('',(#13055,#13056,#13057,#13058));
#13055 = ORIENTED_EDGE('',*,*,#13024,.T.);
#13056 = ORIENTED_EDGE('',*,*,#6546,.T.);
#13057 = ORIENTED_EDGE('',*,*,#13039,.F.);
#13058 = ORIENTED_EDGE('',*,*,#2155,.F.);
#13059 = PLANE('',#13060);
#13060 = AXIS2_PLACEMENT_3D('',#13061,#13062,#13063);
#13061 = CARTESIAN_POINT('',(165.64747,-97.391234,0.));
#13062 = DIRECTION('',(0.,1.,0.));
#13063 = DIRECTION('',(1.,0.,0.));
#13064 = ADVANCED_FACE('',(#13065),#13081,.F.);
#13065 = FACE_BOUND('',#13066,.T.);
#13066 = EDGE_LOOP('',(#13067,#13073,#13074,#13080));
#13067 = ORIENTED_EDGE('',*,*,#13068,.T.);
#13068 = EDGE_CURVE('',#2205,#6596,#13069,.T.);
#13069 = LINE('',#13070,#13071);
#13070 = CARTESIAN_POINT('',(208.50997,-88.153734,0.));
#13071 = VECTOR('',#13072,1.);
#13072 = DIRECTION('',(0.,0.,1.));
#13073 = ORIENTED_EDGE('',*,*,#6595,.T.);
#13074 = ORIENTED_EDGE('',*,*,#13075,.F.);
#13075 = EDGE_CURVE('',#2207,#6598,#13076,.T.);
#13076 = LINE('',#13077,#13078);
#13077 = CARTESIAN_POINT('',(208.011913,-88.58816,0.));
#13078 = VECTOR('',#13079,1.);
#13079 = DIRECTION('',(0.,0.,1.));
#13080 = ORIENTED_EDGE('',*,*,#2204,.F.);
#13081 = CYLINDRICAL_SURFACE('',#13082,0.497554635006);
#13082 = AXIS2_PLACEMENT_3D('',#13083,#13084,#13085);
#13083 = CARTESIAN_POINT('',(208.50544920228,-88.65126809652,0.));
#13084 = DIRECTION('',(-0.,-0.,-1.));
#13085 = DIRECTION('',(9.086032757264E-03,0.999958721152,-0.));
#13086 = ADVANCED_FACE('',(#13087),#13098,.T.);
#13087 = FACE_BOUND('',#13088,.T.);
#13088 = EDGE_LOOP('',(#13089,#13095,#13096,#13097));
#13089 = ORIENTED_EDGE('',*,*,#13090,.T.);
#13090 = EDGE_CURVE('',#2216,#6607,#13091,.T.);
#13091 = LINE('',#13092,#13093);
#13092 = CARTESIAN_POINT('',(221.50997,-88.153734,0.));
#13093 = VECTOR('',#13094,1.);
#13094 = DIRECTION('',(0.,0.,1.));
#13095 = ORIENTED_EDGE('',*,*,#6606,.T.);
#13096 = ORIENTED_EDGE('',*,*,#13068,.F.);
#13097 = ORIENTED_EDGE('',*,*,#2215,.F.);
#13098 = PLANE('',#13099);
#13099 = AXIS2_PLACEMENT_3D('',#13100,#13101,#13102);
#13100 = CARTESIAN_POINT('',(221.50997,-88.153734,0.));
#13101 = DIRECTION('',(0.,-1.,0.));
#13102 = DIRECTION('',(-1.,0.,0.));
#13103 = ADVANCED_FACE('',(#13104),#13115,.T.);
#13104 = FACE_BOUND('',#13105,.T.);
#13105 = EDGE_LOOP('',(#13106,#13107,#13108,#13114));
#13106 = ORIENTED_EDGE('',*,*,#13075,.T.);
#13107 = ORIENTED_EDGE('',*,*,#6697,.T.);
#13108 = ORIENTED_EDGE('',*,*,#13109,.F.);
#13109 = EDGE_CURVE('',#2299,#6690,#13110,.T.);
#13110 = LINE('',#13111,#13112);
#13111 = CARTESIAN_POINT('',(208.00997,-88.653734,0.));
#13112 = VECTOR('',#13113,1.);
#13113 = DIRECTION('',(0.,0.,1.));
#13114 = ORIENTED_EDGE('',*,*,#2306,.F.);
#13115 = PLANE('',#13116);
#13116 = AXIS2_PLACEMENT_3D('',#13117,#13118,#13119);
#13117 = CARTESIAN_POINT('',(208.011913,-88.58816,0.));
#13118 = DIRECTION('',(0.999561301254,-2.961764736511E-02,0.));
#13119 = DIRECTION('',(-2.961764736511E-02,-0.999561301254,0.));
#13120 = ADVANCED_FACE('',(#13121),#13132,.T.);
#13121 = FACE_BOUND('',#13122,.T.);
#13122 = EDGE_LOOP('',(#13123,#13129,#13130,#13131));
#13123 = ORIENTED_EDGE('',*,*,#13124,.T.);
#13124 = EDGE_CURVE('',#2224,#6615,#13125,.T.);
#13125 = LINE('',#13126,#13127);
#13126 = CARTESIAN_POINT('',(221.575541,-88.155678,0.));
#13127 = VECTOR('',#13128,1.);
#13128 = DIRECTION('',(0.,0.,1.));
#13129 = ORIENTED_EDGE('',*,*,#6614,.T.);
#13130 = ORIENTED_EDGE('',*,*,#13090,.F.);
#13131 = ORIENTED_EDGE('',*,*,#2223,.F.);
#13132 = PLANE('',#13133);
#13133 = AXIS2_PLACEMENT_3D('',#13134,#13135,#13136);
#13134 = CARTESIAN_POINT('',(221.575541,-88.155678,0.));
#13135 = DIRECTION('',(-2.963423181084E-02,-0.999560809708,0.));
#13136 = DIRECTION('',(-0.999560809708,2.963423181084E-02,0.));
#13137 = ADVANCED_FACE('',(#13138),#13149,.T.);
#13138 = FACE_BOUND('',#13139,.T.);
#13139 = EDGE_LOOP('',(#13140,#13141,#13142,#13148));
#13140 = ORIENTED_EDGE('',*,*,#13109,.T.);
#13141 = ORIENTED_EDGE('',*,*,#6689,.T.);
#13142 = ORIENTED_EDGE('',*,*,#13143,.F.);
#13143 = EDGE_CURVE('',#2291,#6682,#13144,.T.);
#13144 = LINE('',#13145,#13146);
#13145 = CARTESIAN_POINT('',(208.00997,-101.653734,0.));
#13146 = VECTOR('',#13147,1.);
#13147 = DIRECTION('',(0.,0.,1.));
#13148 = ORIENTED_EDGE('',*,*,#2298,.F.);
#13149 = PLANE('',#13150);
#13150 = AXIS2_PLACEMENT_3D('',#13151,#13152,#13153);
#13151 = CARTESIAN_POINT('',(208.00997,-88.653734,0.));
#13152 = DIRECTION('',(1.,0.,-0.));
#13153 = DIRECTION('',(0.,-1.,0.));
#13154 = ADVANCED_FACE('',(#13155),#13166,.F.);
#13155 = FACE_BOUND('',#13156,.T.);
#13156 = EDGE_LOOP('',(#13157,#13163,#13164,#13165));
#13157 = ORIENTED_EDGE('',*,*,#13158,.T.);
#13158 = EDGE_CURVE('',#2232,#6623,#13159,.T.);
#13159 = LINE('',#13160,#13161);
#13160 = CARTESIAN_POINT('',(222.00997,-88.653734,0.));
#13161 = VECTOR('',#13162,1.);
#13162 = DIRECTION('',(0.,0.,1.));
#13163 = ORIENTED_EDGE('',*,*,#6622,.T.);
#13164 = ORIENTED_EDGE('',*,*,#13124,.F.);
#13165 = ORIENTED_EDGE('',*,*,#2231,.F.);
#13166 = CYLINDRICAL_SURFACE('',#13167,0.49762810037);
#13167 = AXIS2_PLACEMENT_3D('',#13168,#13169,#13170);
#13168 = CARTESIAN_POINT('',(221.51236184008,-88.64927917507,0.));
#13169 = DIRECTION('',(-0.,-0.,-1.));
#13170 = DIRECTION('',(0.999959928999,-8.952116905827E-03,0.));
#13171 = ADVANCED_FACE('',(#13172),#13183,.T.);
#13172 = FACE_BOUND('',#13173,.T.);
#13173 = EDGE_LOOP('',(#13174,#13175,#13176,#13182));
#13174 = ORIENTED_EDGE('',*,*,#13143,.T.);
#13175 = ORIENTED_EDGE('',*,*,#6681,.T.);
#13176 = ORIENTED_EDGE('',*,*,#13177,.F.);
#13177 = EDGE_CURVE('',#2282,#6673,#13178,.T.);
#13178 = LINE('',#13179,#13180);
#13179 = CARTESIAN_POINT('',(208.012734,-101.652618,0.));
#13180 = VECTOR('',#13181,1.);
#13181 = DIRECTION('',(0.,0.,1.));
#13182 = ORIENTED_EDGE('',*,*,#2290,.F.);
#13183 = PLANE('',#13184);
#13184 = AXIS2_PLACEMENT_3D('',#13185,#13186,#13187);
#13185 = CARTESIAN_POINT('',(208.00997,-101.653734,0.));
#13186 = DIRECTION('',(-0.374396485848,0.927268715845,0.));
#13187 = DIRECTION('',(0.927268715845,0.374396485848,0.));
#13188 = ADVANCED_FACE('',(#13189),#13200,.T.);
#13189 = FACE_BOUND('',#13190,.T.);
#13190 = EDGE_LOOP('',(#13191,#13197,#13198,#13199));
#13191 = ORIENTED_EDGE('',*,*,#13192,.T.);
#13192 = EDGE_CURVE('',#2241,#6632,#13193,.T.);
#13193 = LINE('',#13194,#13195);
#13194 = CARTESIAN_POINT('',(222.00997,-101.653734,0.));
#13195 = VECTOR('',#13196,1.);
#13196 = DIRECTION('',(0.,0.,1.));
#13197 = ORIENTED_EDGE('',*,*,#6631,.T.);
#13198 = ORIENTED_EDGE('',*,*,#13158,.F.);
#13199 = ORIENTED_EDGE('',*,*,#2240,.F.);
#13200 = PLANE('',#13201);
#13201 = AXIS2_PLACEMENT_3D('',#13202,#13203,#13204);
#13202 = CARTESIAN_POINT('',(222.00997,-101.653734,0.));
#13203 = DIRECTION('',(-1.,0.,0.));
#13204 = DIRECTION('',(0.,1.,0.));
#13205 = ADVANCED_FACE('',(#13206),#13217,.F.);
#13206 = FACE_BOUND('',#13207,.T.);
#13207 = EDGE_LOOP('',(#13208,#13209,#13210,#13216));
#13208 = ORIENTED_EDGE('',*,*,#13177,.T.);
#13209 = ORIENTED_EDGE('',*,*,#6672,.T.);
#13210 = ORIENTED_EDGE('',*,*,#13211,.F.);
#13211 = EDGE_CURVE('',#2274,#6665,#13212,.T.);
#13212 = LINE('',#13213,#13214);
#13213 = CARTESIAN_POINT('',(208.44716,-102.150675,0.));
#13214 = VECTOR('',#13215,1.);
#13215 = DIRECTION('',(0.,0.,1.));
#13216 = ORIENTED_EDGE('',*,*,#2281,.F.);
#13217 = CYLINDRICAL_SURFACE('',#13218,0.497565516144);
#13218 = AXIS2_PLACEMENT_3D('',#13219,#13220,#13221);
#13219 = CARTESIAN_POINT('',(208.51027906494,-101.6571292305,0.));
#13220 = DIRECTION('',(-0.,-0.,-1.));
#13221 = DIRECTION('',(-0.999958897481,9.066606206947E-03,0.));
#13222 = ADVANCED_FACE('',(#13223),#13234,.T.);
#13223 = FACE_BOUND('',#13224,.T.);
#13224 = EDGE_LOOP('',(#13225,#13231,#13232,#13233));
#13225 = ORIENTED_EDGE('',*,*,#13226,.T.);
#13226 = EDGE_CURVE('',#2249,#6640,#13227,.T.);
#13227 = LINE('',#13228,#13229);
#13228 = CARTESIAN_POINT('',(222.007827,-101.719274,0.));
#13229 = VECTOR('',#13230,1.);
#13230 = DIRECTION('',(0.,0.,1.));
#13231 = ORIENTED_EDGE('',*,*,#6639,.T.);
#13232 = ORIENTED_EDGE('',*,*,#13192,.F.);
#13233 = ORIENTED_EDGE('',*,*,#2248,.F.);
#13234 = PLANE('',#13235);
#13235 = AXIS2_PLACEMENT_3D('',#13236,#13237,#13238);
#13236 = CARTESIAN_POINT('',(222.007827,-101.719274,0.));
#13237 = DIRECTION('',(-0.999465862088,3.26801242367E-02,0.));
#13238 = DIRECTION('',(3.26801242367E-02,0.999465862088,0.));
#13239 = ADVANCED_FACE('',(#13240),#13251,.T.);
#13240 = FACE_BOUND('',#13241,.T.);
#13241 = EDGE_LOOP('',(#13242,#13243,#13244,#13250));
#13242 = ORIENTED_EDGE('',*,*,#13211,.T.);
#13243 = ORIENTED_EDGE('',*,*,#6664,.T.);
#13244 = ORIENTED_EDGE('',*,*,#13245,.F.);
#13245 = EDGE_CURVE('',#2266,#6657,#13246,.T.);
#13246 = LINE('',#13247,#13248);
#13247 = CARTESIAN_POINT('',(208.50997,-102.153734,0.));
#13248 = VECTOR('',#13249,1.);
#13249 = DIRECTION('',(0.,0.,1.));
#13250 = ORIENTED_EDGE('',*,*,#2273,.F.);
#13251 = PLANE('',#13252);
#13252 = AXIS2_PLACEMENT_3D('',#13253,#13254,#13255);
#13253 = CARTESIAN_POINT('',(208.44716,-102.150675,0.));
#13254 = DIRECTION('',(4.864477914793E-02,0.998816141971,-0.));
#13255 = DIRECTION('',(0.998816141971,-4.864477914793E-02,0.));
#13256 = ADVANCED_FACE('',(#13257),#13268,.F.);
#13257 = FACE_BOUND('',#13258,.T.);
#13258 = EDGE_LOOP('',(#13259,#13265,#13266,#13267));
#13259 = ORIENTED_EDGE('',*,*,#13260,.T.);
#13260 = EDGE_CURVE('',#2257,#6648,#13261,.T.);
#13261 = LINE('',#13262,#13263);
#13262 = CARTESIAN_POINT('',(221.50997,-102.153734,0.));
#13263 = VECTOR('',#13264,1.);
#13264 = DIRECTION('',(0.,0.,1.));
#13265 = ORIENTED_EDGE('',*,*,#6647,.T.);
#13266 = ORIENTED_EDGE('',*,*,#13226,.F.);
#13267 = ORIENTED_EDGE('',*,*,#2256,.F.);
#13268 = CYLINDRICAL_SURFACE('',#13269,0.497940142437);
#13269 = AXIS2_PLACEMENT_3D('',#13270,#13271,#13272);
#13270 = CARTESIAN_POINT('',(221.51394779014,-101.655809746,0.));
#13271 = DIRECTION('',(-0.,-0.,-1.));
#13272 = DIRECTION('',(-7.988490599025E-03,-0.9999680915,0.));
#13273 = ADVANCED_FACE('',(#13274),#13280,.T.);
#13274 = FACE_BOUND('',#13275,.T.);
#13275 = EDGE_LOOP('',(#13276,#13277,#13278,#13279));
#13276 = ORIENTED_EDGE('',*,*,#13245,.T.);
#13277 = ORIENTED_EDGE('',*,*,#6656,.T.);
#13278 = ORIENTED_EDGE('',*,*,#13260,.F.);
#13279 = ORIENTED_EDGE('',*,*,#2265,.F.);
#13280 = PLANE('',#13281);
#13281 = AXIS2_PLACEMENT_3D('',#13282,#13283,#13284);
#13282 = CARTESIAN_POINT('',(208.50997,-102.153734,0.));
#13283 = DIRECTION('',(0.,1.,0.));
#13284 = DIRECTION('',(1.,0.,0.));
#13285 = ADVANCED_FACE('',(#13286),#13302,.F.);
#13286 = FACE_BOUND('',#13287,.T.);
#13287 = EDGE_LOOP('',(#13288,#13294,#13295,#13301));
#13288 = ORIENTED_EDGE('',*,*,#13289,.T.);
#13289 = EDGE_CURVE('',#2315,#6706,#13290,.T.);
#13290 = LINE('',#13291,#13292);
#13291 = CARTESIAN_POINT('',(48.96622,-64.341234,0.));
#13292 = VECTOR('',#13293,1.);
#13293 = DIRECTION('',(0.,0.,1.));
#13294 = ORIENTED_EDGE('',*,*,#6705,.T.);
#13295 = ORIENTED_EDGE('',*,*,#13296,.F.);
#13296 = EDGE_CURVE('',#2317,#6708,#13297,.T.);
#13297 = LINE('',#13298,#13299);
#13298 = CARTESIAN_POINT('',(48.468163,-64.775662,0.));
#13299 = VECTOR('',#13300,1.);
#13300 = DIRECTION('',(0.,0.,1.));
#13301 = ORIENTED_EDGE('',*,*,#2314,.F.);
#13302 = CYLINDRICAL_SURFACE('',#13303,0.49760436513);
#13303 = AXIS2_PLACEMENT_3D('',#13304,#13305,#13306);
#13304 = CARTESIAN_POINT('',(48.961743181199,-64.83881822632,0.));
#13305 = DIRECTION('',(-0.,-0.,-1.));
#13306 = DIRECTION('',(8.996743425823E-03,0.999959528485,-0.));
#13307 = ADVANCED_FACE('',(#13308),#13319,.T.);
#13308 = FACE_BOUND('',#13309,.T.);
#13309 = EDGE_LOOP('',(#13310,#13316,#13317,#13318));
#13310 = ORIENTED_EDGE('',*,*,#13311,.T.);
#13311 = EDGE_CURVE('',#2326,#6717,#13312,.T.);
#13312 = LINE('',#13313,#13314);
#13313 = CARTESIAN_POINT('',(61.96622,-64.341234,0.));
#13314 = VECTOR('',#13315,1.);
#13315 = DIRECTION('',(0.,0.,1.));
#13316 = ORIENTED_EDGE('',*,*,#6716,.T.);
#13317 = ORIENTED_EDGE('',*,*,#13289,.F.);
#13318 = ORIENTED_EDGE('',*,*,#2325,.F.);
#13319 = PLANE('',#13320);
#13320 = AXIS2_PLACEMENT_3D('',#13321,#13322,#13323);
#13321 = CARTESIAN_POINT('',(61.96622,-64.341234,0.));
#13322 = DIRECTION('',(0.,-1.,0.));
#13323 = DIRECTION('',(-1.,0.,0.));
#13324 = ADVANCED_FACE('',(#13325),#13336,.T.);
#13325 = FACE_BOUND('',#13326,.T.);
#13326 = EDGE_LOOP('',(#13327,#13328,#13329,#13335));
#13327 = ORIENTED_EDGE('',*,*,#13296,.T.);
#13328 = ORIENTED_EDGE('',*,*,#6807,.T.);
#13329 = ORIENTED_EDGE('',*,*,#13330,.F.);
#13330 = EDGE_CURVE('',#2409,#6800,#13331,.T.);
#13331 = LINE('',#13332,#13333);
#13332 = CARTESIAN_POINT('',(48.46622,-64.841234,0.));
#13333 = VECTOR('',#13334,1.);
#13334 = DIRECTION('',(0.,0.,1.));
#13335 = ORIENTED_EDGE('',*,*,#2416,.F.);
#13336 = PLANE('',#13337);
#13337 = AXIS2_PLACEMENT_3D('',#13338,#13339,#13340);
#13338 = CARTESIAN_POINT('',(48.468163,-64.775662,0.));
#13339 = DIRECTION('',(0.99956127451,-2.961854993549E-02,0.));
#13340 = DIRECTION('',(-2.961854993549E-02,-0.99956127451,0.));
#13341 = ADVANCED_FACE('',(#13342),#13353,.T.);
#13342 = FACE_BOUND('',#13343,.T.);
#13343 = EDGE_LOOP('',(#13344,#13350,#13351,#13352));
#13344 = ORIENTED_EDGE('',*,*,#13345,.T.);
#13345 = EDGE_CURVE('',#2334,#6725,#13346,.T.);
#13346 = LINE('',#13347,#13348);
#13347 = CARTESIAN_POINT('',(62.031786,-64.343184,0.));
#13348 = VECTOR('',#13349,1.);
#13349 = DIRECTION('',(0.,0.,1.));
#13350 = ORIENTED_EDGE('',*,*,#6724,.T.);
#13351 = ORIENTED_EDGE('',*,*,#13311,.F.);
#13352 = ORIENTED_EDGE('',*,*,#2333,.F.);
#13353 = PLANE('',#13354);
#13354 = AXIS2_PLACEMENT_3D('',#13355,#13356,#13357);
#13355 = CARTESIAN_POINT('',(62.031786,-64.343184,0.));
#13356 = DIRECTION('',(-2.972787963856E-02,-0.999558028917,0.));
#13357 = DIRECTION('',(-0.999558028917,2.972787963856E-02,0.));
#13358 = ADVANCED_FACE('',(#13359),#13370,.T.);
#13359 = FACE_BOUND('',#13360,.T.);
#13360 = EDGE_LOOP('',(#13361,#13362,#13363,#13369));
#13361 = ORIENTED_EDGE('',*,*,#13330,.T.);
#13362 = ORIENTED_EDGE('',*,*,#6799,.T.);
#13363 = ORIENTED_EDGE('',*,*,#13364,.F.);
#13364 = EDGE_CURVE('',#2401,#6792,#13365,.T.);
#13365 = LINE('',#13366,#13367);
#13366 = CARTESIAN_POINT('',(48.46622,-77.841234,0.));
#13367 = VECTOR('',#13368,1.);
#13368 = DIRECTION('',(0.,0.,1.));
#13369 = ORIENTED_EDGE('',*,*,#2408,.F.);
#13370 = PLANE('',#13371);
#13371 = AXIS2_PLACEMENT_3D('',#13372,#13373,#13374);
#13372 = CARTESIAN_POINT('',(48.46622,-64.841234,0.));
#13373 = DIRECTION('',(1.,0.,-0.));
#13374 = DIRECTION('',(0.,-1.,0.));
#13375 = ADVANCED_FACE('',(#13376),#13387,.F.);
#13376 = FACE_BOUND('',#13377,.T.);
#13377 = EDGE_LOOP('',(#13378,#13384,#13385,#13386));
#13378 = ORIENTED_EDGE('',*,*,#13379,.T.);
#13379 = EDGE_CURVE('',#2342,#6733,#13380,.T.);
#13380 = LINE('',#13381,#13382);
#13381 = CARTESIAN_POINT('',(62.46622,-64.841234,0.));
#13382 = VECTOR('',#13383,1.);
#13383 = DIRECTION('',(0.,0.,1.));
#13384 = ORIENTED_EDGE('',*,*,#6732,.T.);
#13385 = ORIENTED_EDGE('',*,*,#13345,.F.);
#13386 = ORIENTED_EDGE('',*,*,#2341,.F.);
#13387 = CYLINDRICAL_SURFACE('',#13388,0.497726394619);
#13388 = AXIS2_PLACEMENT_3D('',#13389,#13390,#13391);
#13389 = CARTESIAN_POINT('',(61.968512717805,-64.83687221705,0.));
#13390 = DIRECTION('',(-0.,-0.,-1.));
#13391 = DIRECTION('',(0.999961600542,-8.763414981414E-03,0.));
#13392 = ADVANCED_FACE('',(#13393),#13404,.T.);
#13393 = FACE_BOUND('',#13394,.T.);
#13394 = EDGE_LOOP('',(#13395,#13396,#13397,#13403));
#13395 = ORIENTED_EDGE('',*,*,#13364,.T.);
#13396 = ORIENTED_EDGE('',*,*,#6791,.T.);
#13397 = ORIENTED_EDGE('',*,*,#13398,.F.);
#13398 = EDGE_CURVE('',#2392,#6783,#13399,.T.);
#13399 = LINE('',#13400,#13401);
#13400 = CARTESIAN_POINT('',(48.468984,-77.840118,0.));
#13401 = VECTOR('',#13402,1.);
#13402 = DIRECTION('',(0.,0.,1.));
#13403 = ORIENTED_EDGE('',*,*,#2400,.F.);
#13404 = PLANE('',#13405);
#13405 = AXIS2_PLACEMENT_3D('',#13406,#13407,#13408);
#13406 = CARTESIAN_POINT('',(48.46622,-77.841234,0.));
#13407 = DIRECTION('',(-0.374396485847,0.927268715845,0.));
#13408 = DIRECTION('',(0.927268715845,0.374396485847,0.));
#13409 = ADVANCED_FACE('',(#13410),#13421,.T.);
#13410 = FACE_BOUND('',#13411,.T.);
#13411 = EDGE_LOOP('',(#13412,#13418,#13419,#13420));
#13412 = ORIENTED_EDGE('',*,*,#13413,.T.);
#13413 = EDGE_CURVE('',#2351,#6742,#13414,.T.);
#13414 = LINE('',#13415,#13416);
#13415 = CARTESIAN_POINT('',(62.46622,-77.841234,0.));
#13416 = VECTOR('',#13417,1.);
#13417 = DIRECTION('',(0.,0.,1.));
#13418 = ORIENTED_EDGE('',*,*,#6741,.T.);
#13419 = ORIENTED_EDGE('',*,*,#13379,.F.);
#13420 = ORIENTED_EDGE('',*,*,#2350,.F.);
#13421 = PLANE('',#13422);
#13422 = AXIS2_PLACEMENT_3D('',#13423,#13424,#13425);
#13423 = CARTESIAN_POINT('',(62.46622,-77.841234,0.));
#13424 = DIRECTION('',(-1.,0.,0.));
#13425 = DIRECTION('',(0.,1.,0.));
#13426 = ADVANCED_FACE('',(#13427),#13438,.F.);
#13427 = FACE_BOUND('',#13428,.T.);
#13428 = EDGE_LOOP('',(#13429,#13430,#13431,#13437));
#13429 = ORIENTED_EDGE('',*,*,#13398,.T.);
#13430 = ORIENTED_EDGE('',*,*,#6782,.T.);
#13431 = ORIENTED_EDGE('',*,*,#13432,.F.);
#13432 = EDGE_CURVE('',#2384,#6775,#13433,.T.);
#13433 = LINE('',#13434,#13435);
#13434 = CARTESIAN_POINT('',(48.90344,-78.337978,0.));
#13435 = VECTOR('',#13436,1.);
#13436 = DIRECTION('',(0.,0.,1.));
#13437 = ORIENTED_EDGE('',*,*,#2391,.F.);
#13438 = CYLINDRICAL_SURFACE('',#13439,0.497855880261);
#13439 = AXIS2_PLACEMENT_3D('',#13440,#13441,#13442);
#13440 = CARTESIAN_POINT('',(48.96682336325,-77.84417335565,0.));
#13441 = DIRECTION('',(-0.,-0.,-1.));
#13442 = DIRECTION('',(-0.99996682371,8.145641778899E-03,0.));
#13443 = ADVANCED_FACE('',(#13444),#13455,.T.);
#13444 = FACE_BOUND('',#13445,.T.);
#13445 = EDGE_LOOP('',(#13446,#13452,#13453,#13454));
#13446 = ORIENTED_EDGE('',*,*,#13447,.T.);
#13447 = EDGE_CURVE('',#2359,#6750,#13448,.T.);
#13448 = LINE('',#13449,#13450);
#13449 = CARTESIAN_POINT('',(62.464077,-77.906777,0.));
#13450 = VECTOR('',#13451,1.);
#13451 = DIRECTION('',(0.,0.,1.));
#13452 = ORIENTED_EDGE('',*,*,#6749,.T.);
#13453 = ORIENTED_EDGE('',*,*,#13413,.F.);
#13454 = ORIENTED_EDGE('',*,*,#2358,.F.);
#13455 = PLANE('',#13456);
#13456 = AXIS2_PLACEMENT_3D('',#13457,#13458,#13459);
#13457 = CARTESIAN_POINT('',(62.464077,-77.906777,0.));
#13458 = DIRECTION('',(-0.999465910945,3.267863001618E-02,0.));
#13459 = DIRECTION('',(3.267863001618E-02,0.999465910945,0.));
#13460 = ADVANCED_FACE('',(#13461),#13472,.T.);
#13461 = FACE_BOUND('',#13462,.T.);
#13462 = EDGE_LOOP('',(#13463,#13464,#13465,#13471));
#13463 = ORIENTED_EDGE('',*,*,#13432,.T.);
#13464 = ORIENTED_EDGE('',*,*,#6774,.T.);
#13465 = ORIENTED_EDGE('',*,*,#13466,.F.);
#13466 = EDGE_CURVE('',#2376,#6767,#13467,.T.);
#13467 = LINE('',#13468,#13469);
#13468 = CARTESIAN_POINT('',(48.96622,-78.341234,0.));
#13469 = VECTOR('',#13470,1.);
#13470 = DIRECTION('',(0.,0.,1.));
#13471 = ORIENTED_EDGE('',*,*,#2383,.F.);
#13472 = PLANE('',#13473);
#13473 = AXIS2_PLACEMENT_3D('',#13474,#13475,#13476);
#13474 = CARTESIAN_POINT('',(48.90344,-78.337978,0.));
#13475 = DIRECTION('',(5.179403882981E-02,0.998657788004,-0.));
#13476 = DIRECTION('',(0.998657788004,-5.179403882981E-02,0.));
#13477 = ADVANCED_FACE('',(#13478),#13489,.F.);
#13478 = FACE_BOUND('',#13479,.T.);
#13479 = EDGE_LOOP('',(#13480,#13486,#13487,#13488));
#13480 = ORIENTED_EDGE('',*,*,#13481,.T.);
#13481 = EDGE_CURVE('',#2367,#6758,#13482,.T.);
#13482 = LINE('',#13483,#13484);
#13483 = CARTESIAN_POINT('',(61.96622,-78.341234,0.));
#13484 = VECTOR('',#13485,1.);
#13485 = DIRECTION('',(0.,0.,1.));
#13486 = ORIENTED_EDGE('',*,*,#6757,.T.);
#13487 = ORIENTED_EDGE('',*,*,#13447,.F.);
#13488 = ORIENTED_EDGE('',*,*,#2366,.F.);
#13489 = CYLINDRICAL_SURFACE('',#13490,0.49788830137);
#13490 = AXIS2_PLACEMENT_3D('',#13491,#13492,#13493);
#13491 = CARTESIAN_POINT('',(61.970243735536,-77.84336195801,0.));
#13492 = DIRECTION('',(-0.,-0.,-1.));
#13493 = DIRECTION('',(-8.081602892023E-03,-0.999967343314,0.));
#13494 = ADVANCED_FACE('',(#13495),#13501,.T.);
#13495 = FACE_BOUND('',#13496,.T.);
#13496 = EDGE_LOOP('',(#13497,#13498,#13499,#13500));
#13497 = ORIENTED_EDGE('',*,*,#13466,.T.);
#13498 = ORIENTED_EDGE('',*,*,#6766,.T.);
#13499 = ORIENTED_EDGE('',*,*,#13481,.F.);
#13500 = ORIENTED_EDGE('',*,*,#2375,.F.);
#13501 = PLANE('',#13502);
#13502 = AXIS2_PLACEMENT_3D('',#13503,#13504,#13505);
#13503 = CARTESIAN_POINT('',(48.96622,-78.341234,0.));
#13504 = DIRECTION('',(0.,1.,0.));
#13505 = DIRECTION('',(1.,0.,0.));
#13506 = ADVANCED_FACE('',(#13507),#13523,.F.);
#13507 = FACE_BOUND('',#13508,.T.);
#13508 = EDGE_LOOP('',(#13509,#13515,#13516,#13522));
#13509 = ORIENTED_EDGE('',*,*,#13510,.T.);
#13510 = EDGE_CURVE('',#2425,#6816,#13511,.T.);
#13511 = LINE('',#13512,#13513);
#13512 = CARTESIAN_POINT('',(70.39747,-64.341234,0.));
#13513 = VECTOR('',#13514,1.);
#13514 = DIRECTION('',(0.,0.,1.));
#13515 = ORIENTED_EDGE('',*,*,#6815,.T.);
#13516 = ORIENTED_EDGE('',*,*,#13517,.F.);
#13517 = EDGE_CURVE('',#2427,#6818,#13518,.T.);
#13518 = LINE('',#13519,#13520);
#13519 = CARTESIAN_POINT('',(69.899413,-64.77566,0.));
#13520 = VECTOR('',#13521,1.);
#13521 = DIRECTION('',(0.,0.,1.));
#13522 = ORIENTED_EDGE('',*,*,#2424,.F.);
#13523 = CYLINDRICAL_SURFACE('',#13524,0.497554635006);
#13524 = AXIS2_PLACEMENT_3D('',#13525,#13526,#13527);
#13525 = CARTESIAN_POINT('',(70.392949202288,-64.83876809652,0.));
#13526 = DIRECTION('',(-0.,-0.,-1.));
#13527 = DIRECTION('',(9.086032757207E-03,0.999958721152,-0.));
#13528 = ADVANCED_FACE('',(#13529),#13540,.T.);
#13529 = FACE_BOUND('',#13530,.T.);
#13530 = EDGE_LOOP('',(#13531,#13537,#13538,#13539));
#13531 = ORIENTED_EDGE('',*,*,#13532,.T.);
#13532 = EDGE_CURVE('',#2436,#6827,#13533,.T.);
#13533 = LINE('',#13534,#13535);
#13534 = CARTESIAN_POINT('',(83.39747,-64.341234,0.));
#13535 = VECTOR('',#13536,1.);
#13536 = DIRECTION('',(0.,0.,1.));
#13537 = ORIENTED_EDGE('',*,*,#6826,.T.);
#13538 = ORIENTED_EDGE('',*,*,#13510,.F.);
#13539 = ORIENTED_EDGE('',*,*,#2435,.F.);
#13540 = PLANE('',#13541);
#13541 = AXIS2_PLACEMENT_3D('',#13542,#13543,#13544);
#13542 = CARTESIAN_POINT('',(83.39747,-64.341234,0.));
#13543 = DIRECTION('',(0.,-1.,0.));
#13544 = DIRECTION('',(-1.,0.,0.));
#13545 = ADVANCED_FACE('',(#13546),#13557,.T.);
#13546 = FACE_BOUND('',#13547,.T.);
#13547 = EDGE_LOOP('',(#13548,#13549,#13550,#13556));
#13548 = ORIENTED_EDGE('',*,*,#13517,.T.);
#13549 = ORIENTED_EDGE('',*,*,#6917,.T.);
#13550 = ORIENTED_EDGE('',*,*,#13551,.F.);
#13551 = EDGE_CURVE('',#2519,#6910,#13552,.T.);
#13552 = LINE('',#13553,#13554);
#13553 = CARTESIAN_POINT('',(69.89747,-64.841234,0.));
#13554 = VECTOR('',#13555,1.);
#13555 = DIRECTION('',(0.,0.,1.));
#13556 = ORIENTED_EDGE('',*,*,#2526,.F.);
#13557 = PLANE('',#13558);
#13558 = AXIS2_PLACEMENT_3D('',#13559,#13560,#13561);
#13559 = CARTESIAN_POINT('',(69.899413,-64.77566,0.));
#13560 = DIRECTION('',(0.999561301254,-2.961764736532E-02,0.));
#13561 = DIRECTION('',(-2.961764736532E-02,-0.999561301254,0.));
#13562 = ADVANCED_FACE('',(#13563),#13574,.T.);
#13563 = FACE_BOUND('',#13564,.T.);
#13564 = EDGE_LOOP('',(#13565,#13571,#13572,#13573));
#13565 = ORIENTED_EDGE('',*,*,#13566,.T.);
#13566 = EDGE_CURVE('',#2444,#6835,#13567,.T.);
#13567 = LINE('',#13568,#13569);
#13568 = CARTESIAN_POINT('',(83.463041,-64.343178,0.));
#13569 = VECTOR('',#13570,1.);
#13570 = DIRECTION('',(0.,0.,1.));
#13571 = ORIENTED_EDGE('',*,*,#6834,.T.);
#13572 = ORIENTED_EDGE('',*,*,#13532,.F.);
#13573 = ORIENTED_EDGE('',*,*,#2443,.F.);
#13574 = PLANE('',#13575);
#13575 = AXIS2_PLACEMENT_3D('',#13576,#13577,#13578);
#13576 = CARTESIAN_POINT('',(83.463041,-64.343178,0.));
#13577 = DIRECTION('',(-2.963423181083E-02,-0.999560809708,0.));
#13578 = DIRECTION('',(-0.999560809708,2.963423181083E-02,0.));
#13579 = ADVANCED_FACE('',(#13580),#13591,.T.);
#13580 = FACE_BOUND('',#13581,.T.);
#13581 = EDGE_LOOP('',(#13582,#13583,#13584,#13590));
#13582 = ORIENTED_EDGE('',*,*,#13551,.T.);
#13583 = ORIENTED_EDGE('',*,*,#6909,.T.);
#13584 = ORIENTED_EDGE('',*,*,#13585,.F.);
#13585 = EDGE_CURVE('',#2511,#6902,#13586,.T.);
#13586 = LINE('',#13587,#13588);
#13587 = CARTESIAN_POINT('',(69.89747,-77.841234,0.));
#13588 = VECTOR('',#13589,1.);
#13589 = DIRECTION('',(0.,0.,1.));
#13590 = ORIENTED_EDGE('',*,*,#2518,.F.);
#13591 = PLANE('',#13592);
#13592 = AXIS2_PLACEMENT_3D('',#13593,#13594,#13595);
#13593 = CARTESIAN_POINT('',(69.89747,-64.841234,0.));
#13594 = DIRECTION('',(1.,0.,-0.));
#13595 = DIRECTION('',(0.,-1.,0.));
#13596 = ADVANCED_FACE('',(#13597),#13608,.F.);
#13597 = FACE_BOUND('',#13598,.T.);
#13598 = EDGE_LOOP('',(#13599,#13605,#13606,#13607));
#13599 = ORIENTED_EDGE('',*,*,#13600,.T.);
#13600 = EDGE_CURVE('',#2452,#6843,#13601,.T.);
#13601 = LINE('',#13602,#13603);
#13602 = CARTESIAN_POINT('',(83.89747,-64.841234,0.));
#13603 = VECTOR('',#13604,1.);
#13604 = DIRECTION('',(0.,0.,1.));
#13605 = ORIENTED_EDGE('',*,*,#6842,.T.);
#13606 = ORIENTED_EDGE('',*,*,#13566,.F.);
#13607 = ORIENTED_EDGE('',*,*,#2451,.F.);
#13608 = CYLINDRICAL_SURFACE('',#13609,0.49762810037);
#13609 = AXIS2_PLACEMENT_3D('',#13610,#13611,#13612);
#13610 = CARTESIAN_POINT('',(83.399861840086,-64.83677917507,0.));
#13611 = DIRECTION('',(-0.,-0.,-1.));
#13612 = DIRECTION('',(0.999959928999,-8.952116905856E-03,0.));
#13613 = ADVANCED_FACE('',(#13614),#13625,.T.);
#13614 = FACE_BOUND('',#13615,.T.);
#13615 = EDGE_LOOP('',(#13616,#13617,#13618,#13624));
#13616 = ORIENTED_EDGE('',*,*,#13585,.T.);
#13617 = ORIENTED_EDGE('',*,*,#6901,.T.);
#13618 = ORIENTED_EDGE('',*,*,#13619,.F.);
#13619 = EDGE_CURVE('',#2502,#6893,#13620,.T.);
#13620 = LINE('',#13621,#13622);
#13621 = CARTESIAN_POINT('',(69.900234,-77.840118,0.));
#13622 = VECTOR('',#13623,1.);
#13623 = DIRECTION('',(0.,0.,1.));
#13624 = ORIENTED_EDGE('',*,*,#2510,.F.);
#13625 = PLANE('',#13626);
#13626 = AXIS2_PLACEMENT_3D('',#13627,#13628,#13629);
#13627 = CARTESIAN_POINT('',(69.89747,-77.841234,0.));
#13628 = DIRECTION('',(-0.374396485847,0.927268715845,0.));
#13629 = DIRECTION('',(0.927268715845,0.374396485847,0.));
#13630 = ADVANCED_FACE('',(#13631),#13642,.T.);
#13631 = FACE_BOUND('',#13632,.T.);
#13632 = EDGE_LOOP('',(#13633,#13639,#13640,#13641));
#13633 = ORIENTED_EDGE('',*,*,#13634,.T.);
#13634 = EDGE_CURVE('',#2461,#6852,#13635,.T.);
#13635 = LINE('',#13636,#13637);
#13636 = CARTESIAN_POINT('',(83.89747,-77.841234,0.));
#13637 = VECTOR('',#13638,1.);
#13638 = DIRECTION('',(0.,0.,1.));
#13639 = ORIENTED_EDGE('',*,*,#6851,.T.);
#13640 = ORIENTED_EDGE('',*,*,#13600,.F.);
#13641 = ORIENTED_EDGE('',*,*,#2460,.F.);
#13642 = PLANE('',#13643);
#13643 = AXIS2_PLACEMENT_3D('',#13644,#13645,#13646);
#13644 = CARTESIAN_POINT('',(83.89747,-77.841234,0.));
#13645 = DIRECTION('',(-1.,0.,0.));
#13646 = DIRECTION('',(0.,1.,0.));
#13647 = ADVANCED_FACE('',(#13648),#13659,.F.);
#13648 = FACE_BOUND('',#13649,.T.);
#13649 = EDGE_LOOP('',(#13650,#13651,#13652,#13658));
#13650 = ORIENTED_EDGE('',*,*,#13619,.T.);
#13651 = ORIENTED_EDGE('',*,*,#6892,.T.);
#13652 = ORIENTED_EDGE('',*,*,#13653,.F.);
#13653 = EDGE_CURVE('',#2494,#6885,#13654,.T.);
#13654 = LINE('',#13655,#13656);
#13655 = CARTESIAN_POINT('',(70.33466,-78.338175,0.));
#13656 = VECTOR('',#13657,1.);
#13657 = DIRECTION('',(0.,0.,1.));
#13658 = ORIENTED_EDGE('',*,*,#2501,.F.);
#13659 = CYLINDRICAL_SURFACE('',#13660,0.497565516144);
#13660 = AXIS2_PLACEMENT_3D('',#13661,#13662,#13663);
#13661 = CARTESIAN_POINT('',(70.397779064948,-77.84462923059,0.));
#13662 = DIRECTION('',(-0.,-0.,-1.));
#13663 = DIRECTION('',(-0.999958897481,9.066606207033E-03,0.));
#13664 = ADVANCED_FACE('',(#13665),#13676,.T.);
#13665 = FACE_BOUND('',#13666,.T.);
#13666 = EDGE_LOOP('',(#13667,#13673,#13674,#13675));
#13667 = ORIENTED_EDGE('',*,*,#13668,.T.);
#13668 = EDGE_CURVE('',#2469,#6860,#13669,.T.);
#13669 = LINE('',#13670,#13671);
#13670 = CARTESIAN_POINT('',(83.895327,-77.906774,0.));
#13671 = VECTOR('',#13672,1.);
#13672 = DIRECTION('',(0.,0.,1.));
#13673 = ORIENTED_EDGE('',*,*,#6859,.T.);
#13674 = ORIENTED_EDGE('',*,*,#13634,.F.);
#13675 = ORIENTED_EDGE('',*,*,#2468,.F.);
#13676 = PLANE('',#13677);
#13677 = AXIS2_PLACEMENT_3D('',#13678,#13679,#13680);
#13678 = CARTESIAN_POINT('',(83.895327,-77.906774,0.));
#13679 = DIRECTION('',(-0.999465862088,3.268012423648E-02,0.));
#13680 = DIRECTION('',(3.268012423648E-02,0.999465862088,0.));
#13681 = ADVANCED_FACE('',(#13682),#13693,.T.);
#13682 = FACE_BOUND('',#13683,.T.);
#13683 = EDGE_LOOP('',(#13684,#13685,#13686,#13692));
#13684 = ORIENTED_EDGE('',*,*,#13653,.T.);
#13685 = ORIENTED_EDGE('',*,*,#6884,.T.);
#13686 = ORIENTED_EDGE('',*,*,#13687,.F.);
#13687 = EDGE_CURVE('',#2486,#6877,#13688,.T.);
#13688 = LINE('',#13689,#13690);
#13689 = CARTESIAN_POINT('',(70.39747,-78.341234,0.));
#13690 = VECTOR('',#13691,1.);
#13691 = DIRECTION('',(0.,0.,1.));
#13692 = ORIENTED_EDGE('',*,*,#2493,.F.);
#13693 = PLANE('',#13694);
#13694 = AXIS2_PLACEMENT_3D('',#13695,#13696,#13697);
#13695 = CARTESIAN_POINT('',(70.33466,-78.338175,0.));
#13696 = DIRECTION('',(4.864477914794E-02,0.998816141971,-0.));
#13697 = DIRECTION('',(0.998816141971,-4.864477914794E-02,0.));
#13698 = ADVANCED_FACE('',(#13699),#13710,.F.);
#13699 = FACE_BOUND('',#13700,.T.);
#13700 = EDGE_LOOP('',(#13701,#13707,#13708,#13709));
#13701 = ORIENTED_EDGE('',*,*,#13702,.T.);
#13702 = EDGE_CURVE('',#2477,#6868,#13703,.T.);
#13703 = LINE('',#13704,#13705);
#13704 = CARTESIAN_POINT('',(83.39747,-78.341234,0.));
#13705 = VECTOR('',#13706,1.);
#13706 = DIRECTION('',(0.,0.,1.));
#13707 = ORIENTED_EDGE('',*,*,#6867,.T.);
#13708 = ORIENTED_EDGE('',*,*,#13668,.F.);
#13709 = ORIENTED_EDGE('',*,*,#2476,.F.);
#13710 = CYLINDRICAL_SURFACE('',#13711,0.497940142437);
#13711 = AXIS2_PLACEMENT_3D('',#13712,#13713,#13714);
#13712 = CARTESIAN_POINT('',(83.401447790147,-77.84330974608,0.));
#13713 = DIRECTION('',(-0.,-0.,-1.));
#13714 = DIRECTION('',(-7.988490599025E-03,-0.9999680915,0.));
#13715 = ADVANCED_FACE('',(#13716),#13722,.T.);
#13716 = FACE_BOUND('',#13717,.T.);
#13717 = EDGE_LOOP('',(#13718,#13719,#13720,#13721));
#13718 = ORIENTED_EDGE('',*,*,#13687,.T.);
#13719 = ORIENTED_EDGE('',*,*,#6876,.T.);
#13720 = ORIENTED_EDGE('',*,*,#13702,.F.);
#13721 = ORIENTED_EDGE('',*,*,#2485,.F.);
#13722 = PLANE('',#13723);
#13723 = AXIS2_PLACEMENT_3D('',#13724,#13725,#13726);
#13724 = CARTESIAN_POINT('',(70.39747,-78.341234,0.));
#13725 = DIRECTION('',(0.,1.,0.));
#13726 = DIRECTION('',(1.,0.,0.));
#13727 = ADVANCED_FACE('',(#13728),#13744,.F.);
#13728 = FACE_BOUND('',#13729,.T.);
#13729 = EDGE_LOOP('',(#13730,#13736,#13737,#13743));
#13730 = ORIENTED_EDGE('',*,*,#13731,.T.);
#13731 = EDGE_CURVE('',#2535,#6926,#13732,.T.);
#13732 = LINE('',#13733,#13734);
#13733 = CARTESIAN_POINT('',(89.44747,-64.341234,0.));
#13734 = VECTOR('',#13735,1.);
#13735 = DIRECTION('',(0.,0.,1.));
#13736 = ORIENTED_EDGE('',*,*,#6925,.T.);
#13737 = ORIENTED_EDGE('',*,*,#13738,.F.);
#13738 = EDGE_CURVE('',#2537,#6928,#13739,.T.);
#13739 = LINE('',#13740,#13741);
#13740 = CARTESIAN_POINT('',(88.949413,-64.77566,0.));
#13741 = VECTOR('',#13742,1.);
#13742 = DIRECTION('',(0.,0.,1.));
#13743 = ORIENTED_EDGE('',*,*,#2534,.F.);
#13744 = CYLINDRICAL_SURFACE('',#13745,0.497554635006);
#13745 = AXIS2_PLACEMENT_3D('',#13746,#13747,#13748);
#13746 = CARTESIAN_POINT('',(89.442949202288,-64.83876809652,0.));
#13747 = DIRECTION('',(-0.,-0.,-1.));
#13748 = DIRECTION('',(9.086032757293E-03,0.999958721152,-0.));
#13749 = ADVANCED_FACE('',(#13750),#13761,.T.);
#13750 = FACE_BOUND('',#13751,.T.);
#13751 = EDGE_LOOP('',(#13752,#13758,#13759,#13760));
#13752 = ORIENTED_EDGE('',*,*,#13753,.T.);
#13753 = EDGE_CURVE('',#2546,#6937,#13754,.T.);
#13754 = LINE('',#13755,#13756);
#13755 = CARTESIAN_POINT('',(102.44747,-64.341234,0.));
#13756 = VECTOR('',#13757,1.);
#13757 = DIRECTION('',(0.,0.,1.));
#13758 = ORIENTED_EDGE('',*,*,#6936,.T.);
#13759 = ORIENTED_EDGE('',*,*,#13731,.F.);
#13760 = ORIENTED_EDGE('',*,*,#2545,.F.);
#13761 = PLANE('',#13762);
#13762 = AXIS2_PLACEMENT_3D('',#13763,#13764,#13765);
#13763 = CARTESIAN_POINT('',(102.44747,-64.341234,0.));
#13764 = DIRECTION('',(0.,-1.,0.));
#13765 = DIRECTION('',(-1.,0.,0.));
#13766 = ADVANCED_FACE('',(#13767),#13778,.T.);
#13767 = FACE_BOUND('',#13768,.T.);
#13768 = EDGE_LOOP('',(#13769,#13770,#13771,#13777));
#13769 = ORIENTED_EDGE('',*,*,#13738,.T.);
#13770 = ORIENTED_EDGE('',*,*,#7027,.T.);
#13771 = ORIENTED_EDGE('',*,*,#13772,.F.);
#13772 = EDGE_CURVE('',#2629,#7020,#13773,.T.);
#13773 = LINE('',#13774,#13775);
#13774 = CARTESIAN_POINT('',(88.94747,-64.841234,0.));
#13775 = VECTOR('',#13776,1.);
#13776 = DIRECTION('',(0.,0.,1.));
#13777 = ORIENTED_EDGE('',*,*,#2636,.F.);
#13778 = PLANE('',#13779);
#13779 = AXIS2_PLACEMENT_3D('',#13780,#13781,#13782);
#13780 = CARTESIAN_POINT('',(88.949413,-64.77566,0.));
#13781 = DIRECTION('',(0.999561301254,-2.961764736554E-02,0.));
#13782 = DIRECTION('',(-2.961764736554E-02,-0.999561301254,0.));
#13783 = ADVANCED_FACE('',(#13784),#13795,.T.);
#13784 = FACE_BOUND('',#13785,.T.);
#13785 = EDGE_LOOP('',(#13786,#13792,#13793,#13794));
#13786 = ORIENTED_EDGE('',*,*,#13787,.T.);
#13787 = EDGE_CURVE('',#2554,#6945,#13788,.T.);
#13788 = LINE('',#13789,#13790);
#13789 = CARTESIAN_POINT('',(102.513041,-64.343178,0.));
#13790 = VECTOR('',#13791,1.);
#13791 = DIRECTION('',(0.,0.,1.));
#13792 = ORIENTED_EDGE('',*,*,#6944,.T.);
#13793 = ORIENTED_EDGE('',*,*,#13753,.F.);
#13794 = ORIENTED_EDGE('',*,*,#2553,.F.);
#13795 = PLANE('',#13796);
#13796 = AXIS2_PLACEMENT_3D('',#13797,#13798,#13799);
#13797 = CARTESIAN_POINT('',(102.513041,-64.343178,0.));
#13798 = DIRECTION('',(-2.963423181083E-02,-0.999560809708,0.));
#13799 = DIRECTION('',(-0.999560809708,2.963423181083E-02,0.));
#13800 = ADVANCED_FACE('',(#13801),#13812,.T.);
#13801 = FACE_BOUND('',#13802,.T.);
#13802 = EDGE_LOOP('',(#13803,#13804,#13805,#13811));
#13803 = ORIENTED_EDGE('',*,*,#13772,.T.);
#13804 = ORIENTED_EDGE('',*,*,#7019,.T.);
#13805 = ORIENTED_EDGE('',*,*,#13806,.F.);
#13806 = EDGE_CURVE('',#2621,#7012,#13807,.T.);
#13807 = LINE('',#13808,#13809);
#13808 = CARTESIAN_POINT('',(88.94747,-77.841234,0.));
#13809 = VECTOR('',#13810,1.);
#13810 = DIRECTION('',(0.,0.,1.));
#13811 = ORIENTED_EDGE('',*,*,#2628,.F.);
#13812 = PLANE('',#13813);
#13813 = AXIS2_PLACEMENT_3D('',#13814,#13815,#13816);
#13814 = CARTESIAN_POINT('',(88.94747,-64.841234,0.));
#13815 = DIRECTION('',(1.,0.,-0.));
#13816 = DIRECTION('',(0.,-1.,0.));
#13817 = ADVANCED_FACE('',(#13818),#13829,.F.);
#13818 = FACE_BOUND('',#13819,.T.);
#13819 = EDGE_LOOP('',(#13820,#13826,#13827,#13828));
#13820 = ORIENTED_EDGE('',*,*,#13821,.T.);
#13821 = EDGE_CURVE('',#2562,#6953,#13822,.T.);
#13822 = LINE('',#13823,#13824);
#13823 = CARTESIAN_POINT('',(102.94747,-64.841234,0.));
#13824 = VECTOR('',#13825,1.);
#13825 = DIRECTION('',(0.,0.,1.));
#13826 = ORIENTED_EDGE('',*,*,#6952,.T.);
#13827 = ORIENTED_EDGE('',*,*,#13787,.F.);
#13828 = ORIENTED_EDGE('',*,*,#2561,.F.);
#13829 = CYLINDRICAL_SURFACE('',#13830,0.49762810037);
#13830 = AXIS2_PLACEMENT_3D('',#13831,#13832,#13833);
#13831 = CARTESIAN_POINT('',(102.44986184008,-64.83677917507,0.));
#13832 = DIRECTION('',(-0.,-0.,-1.));
#13833 = DIRECTION('',(0.999959928999,-8.952116905884E-03,0.));
#13834 = ADVANCED_FACE('',(#13835),#13846,.T.);
#13835 = FACE_BOUND('',#13836,.T.);
#13836 = EDGE_LOOP('',(#13837,#13838,#13839,#13845));
#13837 = ORIENTED_EDGE('',*,*,#13806,.T.);
#13838 = ORIENTED_EDGE('',*,*,#7011,.T.);
#13839 = ORIENTED_EDGE('',*,*,#13840,.F.);
#13840 = EDGE_CURVE('',#2612,#7003,#13841,.T.);
#13841 = LINE('',#13842,#13843);
#13842 = CARTESIAN_POINT('',(88.950234,-77.840118,0.));
#13843 = VECTOR('',#13844,1.);
#13844 = DIRECTION('',(0.,0.,1.));
#13845 = ORIENTED_EDGE('',*,*,#2620,.F.);
#13846 = PLANE('',#13847);
#13847 = AXIS2_PLACEMENT_3D('',#13848,#13849,#13850);
#13848 = CARTESIAN_POINT('',(88.94747,-77.841234,0.));
#13849 = DIRECTION('',(-0.374396485847,0.927268715845,0.));
#13850 = DIRECTION('',(0.927268715845,0.374396485847,0.));
#13851 = ADVANCED_FACE('',(#13852),#13863,.T.);
#13852 = FACE_BOUND('',#13853,.T.);
#13853 = EDGE_LOOP('',(#13854,#13860,#13861,#13862));
#13854 = ORIENTED_EDGE('',*,*,#13855,.T.);
#13855 = EDGE_CURVE('',#2571,#6962,#13856,.T.);
#13856 = LINE('',#13857,#13858);
#13857 = CARTESIAN_POINT('',(102.94747,-77.841234,0.));
#13858 = VECTOR('',#13859,1.);
#13859 = DIRECTION('',(0.,0.,1.));
#13860 = ORIENTED_EDGE('',*,*,#6961,.T.);
#13861 = ORIENTED_EDGE('',*,*,#13821,.F.);
#13862 = ORIENTED_EDGE('',*,*,#2570,.F.);
#13863 = PLANE('',#13864);
#13864 = AXIS2_PLACEMENT_3D('',#13865,#13866,#13867);
#13865 = CARTESIAN_POINT('',(102.94747,-77.841234,0.));
#13866 = DIRECTION('',(-1.,0.,0.));
#13867 = DIRECTION('',(0.,1.,0.));
#13868 = ADVANCED_FACE('',(#13869),#13880,.F.);
#13869 = FACE_BOUND('',#13870,.T.);
#13870 = EDGE_LOOP('',(#13871,#13872,#13873,#13879));
#13871 = ORIENTED_EDGE('',*,*,#13840,.T.);
#13872 = ORIENTED_EDGE('',*,*,#7002,.T.);
#13873 = ORIENTED_EDGE('',*,*,#13874,.F.);
#13874 = EDGE_CURVE('',#2604,#6995,#13875,.T.);
#13875 = LINE('',#13876,#13877);
#13876 = CARTESIAN_POINT('',(89.38466,-78.338175,0.));
#13877 = VECTOR('',#13878,1.);
#13878 = DIRECTION('',(0.,0.,1.));
#13879 = ORIENTED_EDGE('',*,*,#2611,.F.);
#13880 = CYLINDRICAL_SURFACE('',#13881,0.497565516144);
#13881 = AXIS2_PLACEMENT_3D('',#13882,#13883,#13884);
#13882 = CARTESIAN_POINT('',(89.447779064948,-77.84462923059,0.));
#13883 = DIRECTION('',(-0.,-0.,-1.));
#13884 = DIRECTION('',(-0.999958897481,9.066606207004E-03,0.));
#13885 = ADVANCED_FACE('',(#13886),#13897,.T.);
#13886 = FACE_BOUND('',#13887,.T.);
#13887 = EDGE_LOOP('',(#13888,#13894,#13895,#13896));
#13888 = ORIENTED_EDGE('',*,*,#13889,.T.);
#13889 = EDGE_CURVE('',#2579,#6970,#13890,.T.);
#13890 = LINE('',#13891,#13892);
#13891 = CARTESIAN_POINT('',(102.945327,-77.906774,0.));
#13892 = VECTOR('',#13893,1.);
#13893 = DIRECTION('',(0.,0.,1.));
#13894 = ORIENTED_EDGE('',*,*,#6969,.T.);
#13895 = ORIENTED_EDGE('',*,*,#13855,.F.);
#13896 = ORIENTED_EDGE('',*,*,#2578,.F.);
#13897 = PLANE('',#13898);
#13898 = AXIS2_PLACEMENT_3D('',#13899,#13900,#13901);
#13899 = CARTESIAN_POINT('',(102.945327,-77.906774,0.));
#13900 = DIRECTION('',(-0.999465862088,3.268012423627E-02,0.));
#13901 = DIRECTION('',(3.268012423627E-02,0.999465862088,0.));
#13902 = ADVANCED_FACE('',(#13903),#13914,.T.);
#13903 = FACE_BOUND('',#13904,.T.);
#13904 = EDGE_LOOP('',(#13905,#13906,#13907,#13913));
#13905 = ORIENTED_EDGE('',*,*,#13874,.T.);
#13906 = ORIENTED_EDGE('',*,*,#6994,.T.);
#13907 = ORIENTED_EDGE('',*,*,#13908,.F.);
#13908 = EDGE_CURVE('',#2596,#6987,#13909,.T.);
#13909 = LINE('',#13910,#13911);
#13910 = CARTESIAN_POINT('',(89.44747,-78.341234,0.));
#13911 = VECTOR('',#13912,1.);
#13912 = DIRECTION('',(0.,0.,1.));
#13913 = ORIENTED_EDGE('',*,*,#2603,.F.);
#13914 = PLANE('',#13915);
#13915 = AXIS2_PLACEMENT_3D('',#13916,#13917,#13918);
#13916 = CARTESIAN_POINT('',(89.38466,-78.338175,0.));
#13917 = DIRECTION('',(4.864477914794E-02,0.998816141971,-0.));
#13918 = DIRECTION('',(0.998816141971,-4.864477914794E-02,0.));
#13919 = ADVANCED_FACE('',(#13920),#13931,.F.);
#13920 = FACE_BOUND('',#13921,.T.);
#13921 = EDGE_LOOP('',(#13922,#13928,#13929,#13930));
#13922 = ORIENTED_EDGE('',*,*,#13923,.T.);
#13923 = EDGE_CURVE('',#2587,#6978,#13924,.T.);
#13924 = LINE('',#13925,#13926);
#13925 = CARTESIAN_POINT('',(102.44747,-78.341234,0.));
#13926 = VECTOR('',#13927,1.);
#13927 = DIRECTION('',(0.,0.,1.));
#13928 = ORIENTED_EDGE('',*,*,#6977,.T.);
#13929 = ORIENTED_EDGE('',*,*,#13889,.F.);
#13930 = ORIENTED_EDGE('',*,*,#2586,.F.);
#13931 = CYLINDRICAL_SURFACE('',#13932,0.497940142437);
#13932 = AXIS2_PLACEMENT_3D('',#13933,#13934,#13935);
#13933 = CARTESIAN_POINT('',(102.45144779014,-77.84330974608,0.));
#13934 = DIRECTION('',(-0.,-0.,-1.));
#13935 = DIRECTION('',(-7.988490599053E-03,-0.9999680915,0.));
#13936 = ADVANCED_FACE('',(#13937),#13943,.T.);
#13937 = FACE_BOUND('',#13938,.T.);
#13938 = EDGE_LOOP('',(#13939,#13940,#13941,#13942));
#13939 = ORIENTED_EDGE('',*,*,#13908,.T.);
#13940 = ORIENTED_EDGE('',*,*,#6986,.T.);
#13941 = ORIENTED_EDGE('',*,*,#13923,.F.);
#13942 = ORIENTED_EDGE('',*,*,#2595,.F.);
#13943 = PLANE('',#13944);
#13944 = AXIS2_PLACEMENT_3D('',#13945,#13946,#13947);
#13945 = CARTESIAN_POINT('',(89.44747,-78.341234,0.));
#13946 = DIRECTION('',(0.,1.,0.));
#13947 = DIRECTION('',(1.,0.,0.));
#13948 = ADVANCED_FACE('',(#13949),#13965,.F.);
#13949 = FACE_BOUND('',#13950,.T.);
#13950 = EDGE_LOOP('',(#13951,#13957,#13958,#13964));
#13951 = ORIENTED_EDGE('',*,*,#13952,.T.);
#13952 = EDGE_CURVE('',#2645,#7036,#13953,.T.);
#13953 = LINE('',#13954,#13955);
#13954 = CARTESIAN_POINT('',(108.49747,-64.341234,0.));
#13955 = VECTOR('',#13956,1.);
#13956 = DIRECTION('',(0.,0.,1.));
#13957 = ORIENTED_EDGE('',*,*,#7035,.T.);
#13958 = ORIENTED_EDGE('',*,*,#13959,.F.);
#13959 = EDGE_CURVE('',#2647,#7038,#13960,.T.);
#13960 = LINE('',#13961,#13962);
#13961 = CARTESIAN_POINT('',(107.999413,-64.77566,0.));
#13962 = VECTOR('',#13963,1.);
#13963 = DIRECTION('',(0.,0.,1.));
#13964 = ORIENTED_EDGE('',*,*,#2644,.F.);
#13965 = CYLINDRICAL_SURFACE('',#13966,0.497554635006);
#13966 = AXIS2_PLACEMENT_3D('',#13967,#13968,#13969);
#13967 = CARTESIAN_POINT('',(108.49294920228,-64.83876809652,0.));
#13968 = DIRECTION('',(-0.,-0.,-1.));
#13969 = DIRECTION('',(9.086032757264E-03,0.999958721152,-0.));
#13970 = ADVANCED_FACE('',(#13971),#13982,.T.);
#13971 = FACE_BOUND('',#13972,.T.);
#13972 = EDGE_LOOP('',(#13973,#13979,#13980,#13981));
#13973 = ORIENTED_EDGE('',*,*,#13974,.T.);
#13974 = EDGE_CURVE('',#2656,#7047,#13975,.T.);
#13975 = LINE('',#13976,#13977);
#13976 = CARTESIAN_POINT('',(121.49747,-64.341234,0.));
#13977 = VECTOR('',#13978,1.);
#13978 = DIRECTION('',(0.,0.,1.));
#13979 = ORIENTED_EDGE('',*,*,#7046,.T.);
#13980 = ORIENTED_EDGE('',*,*,#13952,.F.);
#13981 = ORIENTED_EDGE('',*,*,#2655,.F.);
#13982 = PLANE('',#13983);
#13983 = AXIS2_PLACEMENT_3D('',#13984,#13985,#13986);
#13984 = CARTESIAN_POINT('',(121.49747,-64.341234,0.));
#13985 = DIRECTION('',(0.,-1.,0.));
#13986 = DIRECTION('',(-1.,0.,0.));
#13987 = ADVANCED_FACE('',(#13988),#13999,.T.);
#13988 = FACE_BOUND('',#13989,.T.);
#13989 = EDGE_LOOP('',(#13990,#13991,#13992,#13998));
#13990 = ORIENTED_EDGE('',*,*,#13959,.T.);
#13991 = ORIENTED_EDGE('',*,*,#7137,.T.);
#13992 = ORIENTED_EDGE('',*,*,#13993,.F.);
#13993 = EDGE_CURVE('',#2739,#7130,#13994,.T.);
#13994 = LINE('',#13995,#13996);
#13995 = CARTESIAN_POINT('',(107.99747,-64.841234,0.));
#13996 = VECTOR('',#13997,1.);
#13997 = DIRECTION('',(0.,0.,1.));
#13998 = ORIENTED_EDGE('',*,*,#2746,.F.);
#13999 = PLANE('',#14000);
#14000 = AXIS2_PLACEMENT_3D('',#14001,#14002,#14003);
#14001 = CARTESIAN_POINT('',(107.999413,-64.77566,0.));
#14002 = DIRECTION('',(0.999561301254,-2.961764736532E-02,0.));
#14003 = DIRECTION('',(-2.961764736532E-02,-0.999561301254,0.));
#14004 = ADVANCED_FACE('',(#14005),#14016,.T.);
#14005 = FACE_BOUND('',#14006,.T.);
#14006 = EDGE_LOOP('',(#14007,#14013,#14014,#14015));
#14007 = ORIENTED_EDGE('',*,*,#14008,.T.);
#14008 = EDGE_CURVE('',#2664,#7055,#14009,.T.);
#14009 = LINE('',#14010,#14011);
#14010 = CARTESIAN_POINT('',(121.563041,-64.343178,0.));
#14011 = VECTOR('',#14012,1.);
#14012 = DIRECTION('',(0.,0.,1.));
#14013 = ORIENTED_EDGE('',*,*,#7054,.T.);
#14014 = ORIENTED_EDGE('',*,*,#13974,.F.);
#14015 = ORIENTED_EDGE('',*,*,#2663,.F.);
#14016 = PLANE('',#14017);
#14017 = AXIS2_PLACEMENT_3D('',#14018,#14019,#14020);
#14018 = CARTESIAN_POINT('',(121.563041,-64.343178,0.));
#14019 = DIRECTION('',(-2.963423181083E-02,-0.999560809708,0.));
#14020 = DIRECTION('',(-0.999560809708,2.963423181083E-02,0.));
#14021 = ADVANCED_FACE('',(#14022),#14033,.T.);
#14022 = FACE_BOUND('',#14023,.T.);
#14023 = EDGE_LOOP('',(#14024,#14025,#14026,#14032));
#14024 = ORIENTED_EDGE('',*,*,#13993,.T.);
#14025 = ORIENTED_EDGE('',*,*,#7129,.T.);
#14026 = ORIENTED_EDGE('',*,*,#14027,.F.);
#14027 = EDGE_CURVE('',#2731,#7122,#14028,.T.);
#14028 = LINE('',#14029,#14030);
#14029 = CARTESIAN_POINT('',(107.99747,-77.841234,0.));
#14030 = VECTOR('',#14031,1.);
#14031 = DIRECTION('',(0.,0.,1.));
#14032 = ORIENTED_EDGE('',*,*,#2738,.F.);
#14033 = PLANE('',#14034);
#14034 = AXIS2_PLACEMENT_3D('',#14035,#14036,#14037);
#14035 = CARTESIAN_POINT('',(107.99747,-64.841234,0.));
#14036 = DIRECTION('',(1.,0.,-0.));
#14037 = DIRECTION('',(0.,-1.,0.));
#14038 = ADVANCED_FACE('',(#14039),#14050,.F.);
#14039 = FACE_BOUND('',#14040,.T.);
#14040 = EDGE_LOOP('',(#14041,#14047,#14048,#14049));
#14041 = ORIENTED_EDGE('',*,*,#14042,.T.);
#14042 = EDGE_CURVE('',#2672,#7063,#14043,.T.);
#14043 = LINE('',#14044,#14045);
#14044 = CARTESIAN_POINT('',(121.99747,-64.841234,0.));
#14045 = VECTOR('',#14046,1.);
#14046 = DIRECTION('',(0.,0.,1.));
#14047 = ORIENTED_EDGE('',*,*,#7062,.T.);
#14048 = ORIENTED_EDGE('',*,*,#14008,.F.);
#14049 = ORIENTED_EDGE('',*,*,#2671,.F.);
#14050 = CYLINDRICAL_SURFACE('',#14051,0.49762810037);
#14051 = AXIS2_PLACEMENT_3D('',#14052,#14053,#14054);
#14052 = CARTESIAN_POINT('',(121.49986184008,-64.83677917507,0.));
#14053 = DIRECTION('',(-0.,-0.,-1.));
#14054 = DIRECTION('',(0.999959928999,-8.952116905798E-03,0.));
#14055 = ADVANCED_FACE('',(#14056),#14067,.T.);
#14056 = FACE_BOUND('',#14057,.T.);
#14057 = EDGE_LOOP('',(#14058,#14059,#14060,#14066));
#14058 = ORIENTED_EDGE('',*,*,#14027,.T.);
#14059 = ORIENTED_EDGE('',*,*,#7121,.T.);
#14060 = ORIENTED_EDGE('',*,*,#14061,.F.);
#14061 = EDGE_CURVE('',#2722,#7113,#14062,.T.);
#14062 = LINE('',#14063,#14064);
#14063 = CARTESIAN_POINT('',(108.000234,-77.840118,0.));
#14064 = VECTOR('',#14065,1.);
#14065 = DIRECTION('',(0.,0.,1.));
#14066 = ORIENTED_EDGE('',*,*,#2730,.F.);
#14067 = PLANE('',#14068);
#14068 = AXIS2_PLACEMENT_3D('',#14069,#14070,#14071);
#14069 = CARTESIAN_POINT('',(107.99747,-77.841234,0.));
#14070 = DIRECTION('',(-0.374396485847,0.927268715845,0.));
#14071 = DIRECTION('',(0.927268715845,0.374396485847,0.));
#14072 = ADVANCED_FACE('',(#14073),#14084,.T.);
#14073 = FACE_BOUND('',#14074,.T.);
#14074 = EDGE_LOOP('',(#14075,#14081,#14082,#14083));
#14075 = ORIENTED_EDGE('',*,*,#14076,.T.);
#14076 = EDGE_CURVE('',#2681,#7072,#14077,.T.);
#14077 = LINE('',#14078,#14079);
#14078 = CARTESIAN_POINT('',(121.99747,-77.841234,0.));
#14079 = VECTOR('',#14080,1.);
#14080 = DIRECTION('',(0.,0.,1.));
#14081 = ORIENTED_EDGE('',*,*,#7071,.T.);
#14082 = ORIENTED_EDGE('',*,*,#14042,.F.);
#14083 = ORIENTED_EDGE('',*,*,#2680,.F.);
#14084 = PLANE('',#14085);
#14085 = AXIS2_PLACEMENT_3D('',#14086,#14087,#14088);
#14086 = CARTESIAN_POINT('',(121.99747,-77.841234,0.));
#14087 = DIRECTION('',(-1.,0.,0.));
#14088 = DIRECTION('',(0.,1.,0.));
#14089 = ADVANCED_FACE('',(#14090),#14101,.F.);
#14090 = FACE_BOUND('',#14091,.T.);
#14091 = EDGE_LOOP('',(#14092,#14093,#14094,#14100));
#14092 = ORIENTED_EDGE('',*,*,#14061,.T.);
#14093 = ORIENTED_EDGE('',*,*,#7112,.T.);
#14094 = ORIENTED_EDGE('',*,*,#14095,.F.);
#14095 = EDGE_CURVE('',#2714,#7105,#14096,.T.);
#14096 = LINE('',#14097,#14098);
#14097 = CARTESIAN_POINT('',(108.43466,-78.338175,0.));
#14098 = VECTOR('',#14099,1.);
#14099 = DIRECTION('',(0.,0.,1.));
#14100 = ORIENTED_EDGE('',*,*,#2721,.F.);
#14101 = CYLINDRICAL_SURFACE('',#14102,0.497565516144);
#14102 = AXIS2_PLACEMENT_3D('',#14103,#14104,#14105);
#14103 = CARTESIAN_POINT('',(108.49777906494,-77.84462923059,0.));
#14104 = DIRECTION('',(-0.,-0.,-1.));
#14105 = DIRECTION('',(-0.999958897481,9.066606207004E-03,0.));
#14106 = ADVANCED_FACE('',(#14107),#14118,.T.);
#14107 = FACE_BOUND('',#14108,.T.);
#14108 = EDGE_LOOP('',(#14109,#14115,#14116,#14117));
#14109 = ORIENTED_EDGE('',*,*,#14110,.T.);
#14110 = EDGE_CURVE('',#2689,#7080,#14111,.T.);
#14111 = LINE('',#14112,#14113);
#14112 = CARTESIAN_POINT('',(121.995327,-77.906774,0.));
#14113 = VECTOR('',#14114,1.);
#14114 = DIRECTION('',(0.,0.,1.));
#14115 = ORIENTED_EDGE('',*,*,#7079,.T.);
#14116 = ORIENTED_EDGE('',*,*,#14076,.F.);
#14117 = ORIENTED_EDGE('',*,*,#2688,.F.);
#14118 = PLANE('',#14119);
#14119 = AXIS2_PLACEMENT_3D('',#14120,#14121,#14122);
#14120 = CARTESIAN_POINT('',(121.995327,-77.906774,0.));
#14121 = DIRECTION('',(-0.999465862088,3.268012423648E-02,0.));
#14122 = DIRECTION('',(3.268012423648E-02,0.999465862088,0.));
#14123 = ADVANCED_FACE('',(#14124),#14135,.T.);
#14124 = FACE_BOUND('',#14125,.T.);
#14125 = EDGE_LOOP('',(#14126,#14127,#14128,#14134));
#14126 = ORIENTED_EDGE('',*,*,#14095,.T.);
#14127 = ORIENTED_EDGE('',*,*,#7104,.T.);
#14128 = ORIENTED_EDGE('',*,*,#14129,.F.);
#14129 = EDGE_CURVE('',#2706,#7097,#14130,.T.);
#14130 = LINE('',#14131,#14132);
#14131 = CARTESIAN_POINT('',(108.49747,-78.341234,0.));
#14132 = VECTOR('',#14133,1.);
#14133 = DIRECTION('',(0.,0.,1.));
#14134 = ORIENTED_EDGE('',*,*,#2713,.F.);
#14135 = PLANE('',#14136);
#14136 = AXIS2_PLACEMENT_3D('',#14137,#14138,#14139);
#14137 = CARTESIAN_POINT('',(108.43466,-78.338175,0.));
#14138 = DIRECTION('',(4.864477914793E-02,0.998816141971,-0.));
#14139 = DIRECTION('',(0.998816141971,-4.864477914793E-02,0.));
#14140 = ADVANCED_FACE('',(#14141),#14152,.F.);
#14141 = FACE_BOUND('',#14142,.T.);
#14142 = EDGE_LOOP('',(#14143,#14149,#14150,#14151));
#14143 = ORIENTED_EDGE('',*,*,#14144,.T.);
#14144 = EDGE_CURVE('',#2697,#7088,#14145,.T.);
#14145 = LINE('',#14146,#14147);
#14146 = CARTESIAN_POINT('',(121.49747,-78.341234,0.));
#14147 = VECTOR('',#14148,1.);
#14148 = DIRECTION('',(0.,0.,1.));
#14149 = ORIENTED_EDGE('',*,*,#7087,.T.);
#14150 = ORIENTED_EDGE('',*,*,#14110,.F.);
#14151 = ORIENTED_EDGE('',*,*,#2696,.F.);
#14152 = CYLINDRICAL_SURFACE('',#14153,0.497940142437);
#14153 = AXIS2_PLACEMENT_3D('',#14154,#14155,#14156);
#14154 = CARTESIAN_POINT('',(121.50144779014,-77.84330974608,0.));
#14155 = DIRECTION('',(-0.,-0.,-1.));
#14156 = DIRECTION('',(-7.988490599082E-03,-0.9999680915,0.));
#14157 = ADVANCED_FACE('',(#14158),#14164,.T.);
#14158 = FACE_BOUND('',#14159,.T.);
#14159 = EDGE_LOOP('',(#14160,#14161,#14162,#14163));
#14160 = ORIENTED_EDGE('',*,*,#14129,.T.);
#14161 = ORIENTED_EDGE('',*,*,#7096,.T.);
#14162 = ORIENTED_EDGE('',*,*,#14144,.F.);
#14163 = ORIENTED_EDGE('',*,*,#2705,.F.);
#14164 = PLANE('',#14165);
#14165 = AXIS2_PLACEMENT_3D('',#14166,#14167,#14168);
#14166 = CARTESIAN_POINT('',(108.49747,-78.341234,0.));
#14167 = DIRECTION('',(0.,1.,0.));
#14168 = DIRECTION('',(1.,0.,0.));
#14169 = ADVANCED_FACE('',(#14170),#14186,.F.);
#14170 = FACE_BOUND('',#14171,.T.);
#14171 = EDGE_LOOP('',(#14172,#14178,#14179,#14185));
#14172 = ORIENTED_EDGE('',*,*,#14173,.T.);
#14173 = EDGE_CURVE('',#2755,#7146,#14174,.T.);
#14174 = LINE('',#14175,#14176);
#14175 = CARTESIAN_POINT('',(127.54747,-64.341234,0.));
#14176 = VECTOR('',#14177,1.);
#14177 = DIRECTION('',(0.,0.,1.));
#14178 = ORIENTED_EDGE('',*,*,#7145,.T.);
#14179 = ORIENTED_EDGE('',*,*,#14180,.F.);
#14180 = EDGE_CURVE('',#2757,#7148,#14181,.T.);
#14181 = LINE('',#14182,#14183);
#14182 = CARTESIAN_POINT('',(127.049413,-64.77566,0.));
#14183 = VECTOR('',#14184,1.);
#14184 = DIRECTION('',(0.,0.,1.));
#14185 = ORIENTED_EDGE('',*,*,#2754,.F.);
#14186 = CYLINDRICAL_SURFACE('',#14187,0.497554635006);
#14187 = AXIS2_PLACEMENT_3D('',#14188,#14189,#14190);
#14188 = CARTESIAN_POINT('',(127.54294920228,-64.83876809652,0.));
#14189 = DIRECTION('',(-0.,-0.,-1.));
#14190 = DIRECTION('',(9.086032757207E-03,0.999958721152,-0.));
#14191 = ADVANCED_FACE('',(#14192),#14203,.T.);
#14192 = FACE_BOUND('',#14193,.T.);
#14193 = EDGE_LOOP('',(#14194,#14200,#14201,#14202));
#14194 = ORIENTED_EDGE('',*,*,#14195,.T.);
#14195 = EDGE_CURVE('',#2766,#7157,#14196,.T.);
#14196 = LINE('',#14197,#14198);
#14197 = CARTESIAN_POINT('',(140.54747,-64.341234,0.));
#14198 = VECTOR('',#14199,1.);
#14199 = DIRECTION('',(0.,0.,1.));
#14200 = ORIENTED_EDGE('',*,*,#7156,.T.);
#14201 = ORIENTED_EDGE('',*,*,#14173,.F.);
#14202 = ORIENTED_EDGE('',*,*,#2765,.F.);
#14203 = PLANE('',#14204);
#14204 = AXIS2_PLACEMENT_3D('',#14205,#14206,#14207);
#14205 = CARTESIAN_POINT('',(140.54747,-64.341234,0.));
#14206 = DIRECTION('',(0.,-1.,0.));
#14207 = DIRECTION('',(-1.,0.,0.));
#14208 = ADVANCED_FACE('',(#14209),#14220,.T.);
#14209 = FACE_BOUND('',#14210,.T.);
#14210 = EDGE_LOOP('',(#14211,#14212,#14213,#14219));
#14211 = ORIENTED_EDGE('',*,*,#14180,.T.);
#14212 = ORIENTED_EDGE('',*,*,#7247,.T.);
#14213 = ORIENTED_EDGE('',*,*,#14214,.F.);
#14214 = EDGE_CURVE('',#2849,#7240,#14215,.T.);
#14215 = LINE('',#14216,#14217);
#14216 = CARTESIAN_POINT('',(127.04747,-64.841234,0.));
#14217 = VECTOR('',#14218,1.);
#14218 = DIRECTION('',(0.,0.,1.));
#14219 = ORIENTED_EDGE('',*,*,#2856,.F.);
#14220 = PLANE('',#14221);
#14221 = AXIS2_PLACEMENT_3D('',#14222,#14223,#14224);
#14222 = CARTESIAN_POINT('',(127.049413,-64.77566,0.));
#14223 = DIRECTION('',(0.999561301254,-2.961764736532E-02,0.));
#14224 = DIRECTION('',(-2.961764736532E-02,-0.999561301254,0.));
#14225 = ADVANCED_FACE('',(#14226),#14237,.T.);
#14226 = FACE_BOUND('',#14227,.T.);
#14227 = EDGE_LOOP('',(#14228,#14234,#14235,#14236));
#14228 = ORIENTED_EDGE('',*,*,#14229,.T.);
#14229 = EDGE_CURVE('',#2774,#7165,#14230,.T.);
#14230 = LINE('',#14231,#14232);
#14231 = CARTESIAN_POINT('',(140.613041,-64.343178,0.));
#14232 = VECTOR('',#14233,1.);
#14233 = DIRECTION('',(0.,0.,1.));
#14234 = ORIENTED_EDGE('',*,*,#7164,.T.);
#14235 = ORIENTED_EDGE('',*,*,#14195,.F.);
#14236 = ORIENTED_EDGE('',*,*,#2773,.F.);
#14237 = PLANE('',#14238);
#14238 = AXIS2_PLACEMENT_3D('',#14239,#14240,#14241);
#14239 = CARTESIAN_POINT('',(140.613041,-64.343178,0.));
#14240 = DIRECTION('',(-2.963423181083E-02,-0.999560809708,0.));
#14241 = DIRECTION('',(-0.999560809708,2.963423181083E-02,0.));
#14242 = ADVANCED_FACE('',(#14243),#14254,.T.);
#14243 = FACE_BOUND('',#14244,.T.);
#14244 = EDGE_LOOP('',(#14245,#14246,#14247,#14253));
#14245 = ORIENTED_EDGE('',*,*,#14214,.T.);
#14246 = ORIENTED_EDGE('',*,*,#7239,.T.);
#14247 = ORIENTED_EDGE('',*,*,#14248,.F.);
#14248 = EDGE_CURVE('',#2841,#7232,#14249,.T.);
#14249 = LINE('',#14250,#14251);
#14250 = CARTESIAN_POINT('',(127.04747,-77.841234,0.));
#14251 = VECTOR('',#14252,1.);
#14252 = DIRECTION('',(0.,0.,1.));
#14253 = ORIENTED_EDGE('',*,*,#2848,.F.);
#14254 = PLANE('',#14255);
#14255 = AXIS2_PLACEMENT_3D('',#14256,#14257,#14258);
#14256 = CARTESIAN_POINT('',(127.04747,-64.841234,0.));
#14257 = DIRECTION('',(1.,0.,-0.));
#14258 = DIRECTION('',(0.,-1.,0.));
#14259 = ADVANCED_FACE('',(#14260),#14271,.F.);
#14260 = FACE_BOUND('',#14261,.T.);
#14261 = EDGE_LOOP('',(#14262,#14268,#14269,#14270));
#14262 = ORIENTED_EDGE('',*,*,#14263,.T.);
#14263 = EDGE_CURVE('',#2782,#7173,#14264,.T.);
#14264 = LINE('',#14265,#14266);
#14265 = CARTESIAN_POINT('',(141.04747,-64.841234,0.));
#14266 = VECTOR('',#14267,1.);
#14267 = DIRECTION('',(0.,0.,1.));
#14268 = ORIENTED_EDGE('',*,*,#7172,.T.);
#14269 = ORIENTED_EDGE('',*,*,#14229,.F.);
#14270 = ORIENTED_EDGE('',*,*,#2781,.F.);
#14271 = CYLINDRICAL_SURFACE('',#14272,0.49762810037);
#14272 = AXIS2_PLACEMENT_3D('',#14273,#14274,#14275);
#14273 = CARTESIAN_POINT('',(140.54986184008,-64.83677917507,0.));
#14274 = DIRECTION('',(-0.,-0.,-1.));
#14275 = DIRECTION('',(0.999959928999,-8.952116905827E-03,0.));
#14276 = ADVANCED_FACE('',(#14277),#14288,.T.);
#14277 = FACE_BOUND('',#14278,.T.);
#14278 = EDGE_LOOP('',(#14279,#14280,#14281,#14287));
#14279 = ORIENTED_EDGE('',*,*,#14248,.T.);
#14280 = ORIENTED_EDGE('',*,*,#7231,.T.);
#14281 = ORIENTED_EDGE('',*,*,#14282,.F.);
#14282 = EDGE_CURVE('',#2832,#7223,#14283,.T.);
#14283 = LINE('',#14284,#14285);
#14284 = CARTESIAN_POINT('',(127.050234,-77.840118,0.));
#14285 = VECTOR('',#14286,1.);
#14286 = DIRECTION('',(0.,0.,1.));
#14287 = ORIENTED_EDGE('',*,*,#2840,.F.);
#14288 = PLANE('',#14289);
#14289 = AXIS2_PLACEMENT_3D('',#14290,#14291,#14292);
#14290 = CARTESIAN_POINT('',(127.04747,-77.841234,0.));
#14291 = DIRECTION('',(-0.374396485847,0.927268715845,0.));
#14292 = DIRECTION('',(0.927268715845,0.374396485847,0.));
#14293 = ADVANCED_FACE('',(#14294),#14305,.T.);
#14294 = FACE_BOUND('',#14295,.T.);
#14295 = EDGE_LOOP('',(#14296,#14302,#14303,#14304));
#14296 = ORIENTED_EDGE('',*,*,#14297,.T.);
#14297 = EDGE_CURVE('',#2791,#7182,#14298,.T.);
#14298 = LINE('',#14299,#14300);
#14299 = CARTESIAN_POINT('',(141.04747,-77.841234,0.));
#14300 = VECTOR('',#14301,1.);
#14301 = DIRECTION('',(0.,0.,1.));
#14302 = ORIENTED_EDGE('',*,*,#7181,.T.);
#14303 = ORIENTED_EDGE('',*,*,#14263,.F.);
#14304 = ORIENTED_EDGE('',*,*,#2790,.F.);
#14305 = PLANE('',#14306);
#14306 = AXIS2_PLACEMENT_3D('',#14307,#14308,#14309);
#14307 = CARTESIAN_POINT('',(141.04747,-77.841234,0.));
#14308 = DIRECTION('',(-1.,0.,0.));
#14309 = DIRECTION('',(0.,1.,0.));
#14310 = ADVANCED_FACE('',(#14311),#14322,.F.);
#14311 = FACE_BOUND('',#14312,.T.);
#14312 = EDGE_LOOP('',(#14313,#14314,#14315,#14321));
#14313 = ORIENTED_EDGE('',*,*,#14282,.T.);
#14314 = ORIENTED_EDGE('',*,*,#7222,.T.);
#14315 = ORIENTED_EDGE('',*,*,#14316,.F.);
#14316 = EDGE_CURVE('',#2824,#7215,#14317,.T.);
#14317 = LINE('',#14318,#14319);
#14318 = CARTESIAN_POINT('',(127.48466,-78.338175,0.));
#14319 = VECTOR('',#14320,1.);
#14320 = DIRECTION('',(0.,0.,1.));
#14321 = ORIENTED_EDGE('',*,*,#2831,.F.);
#14322 = CYLINDRICAL_SURFACE('',#14323,0.497565516144);
#14323 = AXIS2_PLACEMENT_3D('',#14324,#14325,#14326);
#14324 = CARTESIAN_POINT('',(127.54777906494,-77.84462923059,0.));
#14325 = DIRECTION('',(-0.,-0.,-1.));
#14326 = DIRECTION('',(-0.999958897481,9.066606207033E-03,0.));
#14327 = ADVANCED_FACE('',(#14328),#14339,.T.);
#14328 = FACE_BOUND('',#14329,.T.);
#14329 = EDGE_LOOP('',(#14330,#14336,#14337,#14338));
#14330 = ORIENTED_EDGE('',*,*,#14331,.T.);
#14331 = EDGE_CURVE('',#2799,#7190,#14332,.T.);
#14332 = LINE('',#14333,#14334);
#14333 = CARTESIAN_POINT('',(141.045327,-77.906774,0.));
#14334 = VECTOR('',#14335,1.);
#14335 = DIRECTION('',(0.,0.,1.));
#14336 = ORIENTED_EDGE('',*,*,#7189,.T.);
#14337 = ORIENTED_EDGE('',*,*,#14297,.F.);
#14338 = ORIENTED_EDGE('',*,*,#2798,.F.);
#14339 = PLANE('',#14340);
#14340 = AXIS2_PLACEMENT_3D('',#14341,#14342,#14343);
#14341 = CARTESIAN_POINT('',(141.045327,-77.906774,0.));
#14342 = DIRECTION('',(-0.999465862088,3.26801242367E-02,0.));
#14343 = DIRECTION('',(3.26801242367E-02,0.999465862088,0.));
#14344 = ADVANCED_FACE('',(#14345),#14356,.T.);
#14345 = FACE_BOUND('',#14346,.T.);
#14346 = EDGE_LOOP('',(#14347,#14348,#14349,#14355));
#14347 = ORIENTED_EDGE('',*,*,#14316,.T.);
#14348 = ORIENTED_EDGE('',*,*,#7214,.T.);
#14349 = ORIENTED_EDGE('',*,*,#14350,.F.);
#14350 = EDGE_CURVE('',#2816,#7207,#14351,.T.);
#14351 = LINE('',#14352,#14353);
#14352 = CARTESIAN_POINT('',(127.54747,-78.341234,0.));
#14353 = VECTOR('',#14354,1.);
#14354 = DIRECTION('',(0.,0.,1.));
#14355 = ORIENTED_EDGE('',*,*,#2823,.F.);
#14356 = PLANE('',#14357);
#14357 = AXIS2_PLACEMENT_3D('',#14358,#14359,#14360);
#14358 = CARTESIAN_POINT('',(127.48466,-78.338175,0.));
#14359 = DIRECTION('',(4.864477914794E-02,0.998816141971,-0.));
#14360 = DIRECTION('',(0.998816141971,-4.864477914794E-02,0.));
#14361 = ADVANCED_FACE('',(#14362),#14373,.F.);
#14362 = FACE_BOUND('',#14363,.T.);
#14363 = EDGE_LOOP('',(#14364,#14370,#14371,#14372));
#14364 = ORIENTED_EDGE('',*,*,#14365,.T.);
#14365 = EDGE_CURVE('',#2807,#7198,#14366,.T.);
#14366 = LINE('',#14367,#14368);
#14367 = CARTESIAN_POINT('',(140.54747,-78.341234,0.));
#14368 = VECTOR('',#14369,1.);
#14369 = DIRECTION('',(0.,0.,1.));
#14370 = ORIENTED_EDGE('',*,*,#7197,.T.);
#14371 = ORIENTED_EDGE('',*,*,#14331,.F.);
#14372 = ORIENTED_EDGE('',*,*,#2806,.F.);
#14373 = CYLINDRICAL_SURFACE('',#14374,0.497940142437);
#14374 = AXIS2_PLACEMENT_3D('',#14375,#14376,#14377);
#14375 = CARTESIAN_POINT('',(140.55144779014,-77.84330974608,0.));
#14376 = DIRECTION('',(-0.,-0.,-1.));
#14377 = DIRECTION('',(-7.988490599025E-03,-0.9999680915,0.));
#14378 = ADVANCED_FACE('',(#14379),#14385,.T.);
#14379 = FACE_BOUND('',#14380,.T.);
#14380 = EDGE_LOOP('',(#14381,#14382,#14383,#14384));
#14381 = ORIENTED_EDGE('',*,*,#14350,.T.);
#14382 = ORIENTED_EDGE('',*,*,#7206,.T.);
#14383 = ORIENTED_EDGE('',*,*,#14365,.F.);
#14384 = ORIENTED_EDGE('',*,*,#2815,.F.);
#14385 = PLANE('',#14386);
#14386 = AXIS2_PLACEMENT_3D('',#14387,#14388,#14389);
#14387 = CARTESIAN_POINT('',(127.54747,-78.341234,0.));
#14388 = DIRECTION('',(0.,1.,0.));
#14389 = DIRECTION('',(1.,0.,0.));
#14390 = ADVANCED_FACE('',(#14391),#14407,.F.);
#14391 = FACE_BOUND('',#14392,.T.);
#14392 = EDGE_LOOP('',(#14393,#14399,#14400,#14406));
#14393 = ORIENTED_EDGE('',*,*,#14394,.T.);
#14394 = EDGE_CURVE('',#2865,#7256,#14395,.T.);
#14395 = LINE('',#14396,#14397);
#14396 = CARTESIAN_POINT('',(46.58497,-40.528734,0.));
#14397 = VECTOR('',#14398,1.);
#14398 = DIRECTION('',(0.,0.,1.));
#14399 = ORIENTED_EDGE('',*,*,#7255,.T.);
#14400 = ORIENTED_EDGE('',*,*,#14401,.F.);
#14401 = EDGE_CURVE('',#2867,#7258,#14402,.T.);
#14402 = LINE('',#14403,#14404);
#14403 = CARTESIAN_POINT('',(46.086913,-40.96316,0.));
#14404 = VECTOR('',#14405,1.);
#14405 = DIRECTION('',(0.,0.,1.));
#14406 = ORIENTED_EDGE('',*,*,#2864,.F.);
#14407 = CYLINDRICAL_SURFACE('',#14408,0.497554635006);
#14408 = AXIS2_PLACEMENT_3D('',#14409,#14410,#14411);
#14409 = CARTESIAN_POINT('',(46.580449202288,-41.02626809652,0.));
#14410 = DIRECTION('',(-0.,-0.,-1.));
#14411 = DIRECTION('',(9.086032757221E-03,0.999958721152,-0.));
#14412 = ADVANCED_FACE('',(#14413),#14424,.T.);
#14413 = FACE_BOUND('',#14414,.T.);
#14414 = EDGE_LOOP('',(#14415,#14421,#14422,#14423));
#14415 = ORIENTED_EDGE('',*,*,#14416,.T.);
#14416 = EDGE_CURVE('',#2876,#7267,#14417,.T.);
#14417 = LINE('',#14418,#14419);
#14418 = CARTESIAN_POINT('',(59.58497,-40.528734,0.));
#14419 = VECTOR('',#14420,1.);
#14420 = DIRECTION('',(0.,0.,1.));
#14421 = ORIENTED_EDGE('',*,*,#7266,.T.);
#14422 = ORIENTED_EDGE('',*,*,#14394,.F.);
#14423 = ORIENTED_EDGE('',*,*,#2875,.F.);
#14424 = PLANE('',#14425);
#14425 = AXIS2_PLACEMENT_3D('',#14426,#14427,#14428);
#14426 = CARTESIAN_POINT('',(59.58497,-40.528734,0.));
#14427 = DIRECTION('',(0.,-1.,0.));
#14428 = DIRECTION('',(-1.,0.,0.));
#14429 = ADVANCED_FACE('',(#14430),#14441,.T.);
#14430 = FACE_BOUND('',#14431,.T.);
#14431 = EDGE_LOOP('',(#14432,#14433,#14434,#14440));
#14432 = ORIENTED_EDGE('',*,*,#14401,.T.);
#14433 = ORIENTED_EDGE('',*,*,#7357,.T.);
#14434 = ORIENTED_EDGE('',*,*,#14435,.F.);
#14435 = EDGE_CURVE('',#2959,#7350,#14436,.T.);
#14436 = LINE('',#14437,#14438);
#14437 = CARTESIAN_POINT('',(46.08497,-41.028734,0.));
#14438 = VECTOR('',#14439,1.);
#14439 = DIRECTION('',(0.,0.,1.));
#14440 = ORIENTED_EDGE('',*,*,#2966,.F.);
#14441 = PLANE('',#14442);
#14442 = AXIS2_PLACEMENT_3D('',#14443,#14444,#14445);
#14443 = CARTESIAN_POINT('',(46.086913,-40.96316,0.));
#14444 = DIRECTION('',(0.999561301254,-2.961764736543E-02,0.));
#14445 = DIRECTION('',(-2.961764736543E-02,-0.999561301254,0.));
#14446 = ADVANCED_FACE('',(#14447),#14458,.T.);
#14447 = FACE_BOUND('',#14448,.T.);
#14448 = EDGE_LOOP('',(#14449,#14455,#14456,#14457));
#14449 = ORIENTED_EDGE('',*,*,#14450,.T.);
#14450 = EDGE_CURVE('',#2884,#7275,#14451,.T.);
#14451 = LINE('',#14452,#14453);
#14452 = CARTESIAN_POINT('',(59.650541,-40.530678,0.));
#14453 = VECTOR('',#14454,1.);
#14454 = DIRECTION('',(0.,0.,1.));
#14455 = ORIENTED_EDGE('',*,*,#7274,.T.);
#14456 = ORIENTED_EDGE('',*,*,#14416,.F.);
#14457 = ORIENTED_EDGE('',*,*,#2883,.F.);
#14458 = PLANE('',#14459);
#14459 = AXIS2_PLACEMENT_3D('',#14460,#14461,#14462);
#14460 = CARTESIAN_POINT('',(59.650541,-40.530678,0.));
#14461 = DIRECTION('',(-2.963423181094E-02,-0.999560809708,0.));
#14462 = DIRECTION('',(-0.999560809708,2.963423181094E-02,0.));
#14463 = ADVANCED_FACE('',(#14464),#14475,.T.);
#14464 = FACE_BOUND('',#14465,.T.);
#14465 = EDGE_LOOP('',(#14466,#14467,#14468,#14474));
#14466 = ORIENTED_EDGE('',*,*,#14435,.T.);
#14467 = ORIENTED_EDGE('',*,*,#7349,.T.);
#14468 = ORIENTED_EDGE('',*,*,#14469,.F.);
#14469 = EDGE_CURVE('',#2951,#7342,#14470,.T.);
#14470 = LINE('',#14471,#14472);
#14471 = CARTESIAN_POINT('',(46.08497,-54.028734,0.));
#14472 = VECTOR('',#14473,1.);
#14473 = DIRECTION('',(0.,0.,1.));
#14474 = ORIENTED_EDGE('',*,*,#2958,.F.);
#14475 = PLANE('',#14476);
#14476 = AXIS2_PLACEMENT_3D('',#14477,#14478,#14479);
#14477 = CARTESIAN_POINT('',(46.08497,-41.028734,0.));
#14478 = DIRECTION('',(1.,0.,-0.));
#14479 = DIRECTION('',(0.,-1.,0.));
#14480 = ADVANCED_FACE('',(#14481),#14492,.F.);
#14481 = FACE_BOUND('',#14482,.T.);
#14482 = EDGE_LOOP('',(#14483,#14489,#14490,#14491));
#14483 = ORIENTED_EDGE('',*,*,#14484,.T.);
#14484 = EDGE_CURVE('',#2892,#7283,#14485,.T.);
#14485 = LINE('',#14486,#14487);
#14486 = CARTESIAN_POINT('',(60.08497,-41.028734,0.));
#14487 = VECTOR('',#14488,1.);
#14488 = DIRECTION('',(0.,0.,1.));
#14489 = ORIENTED_EDGE('',*,*,#7282,.T.);
#14490 = ORIENTED_EDGE('',*,*,#14450,.F.);
#14491 = ORIENTED_EDGE('',*,*,#2891,.F.);
#14492 = CYLINDRICAL_SURFACE('',#14493,0.49762810037);
#14493 = AXIS2_PLACEMENT_3D('',#14494,#14495,#14496);
#14494 = CARTESIAN_POINT('',(59.587361840086,-41.02427917507,0.));
#14495 = DIRECTION('',(-0.,-0.,-1.));
#14496 = DIRECTION('',(0.999959928999,-8.952116905841E-03,0.));
#14497 = ADVANCED_FACE('',(#14498),#14509,.T.);
#14498 = FACE_BOUND('',#14499,.T.);
#14499 = EDGE_LOOP('',(#14500,#14501,#14502,#14508));
#14500 = ORIENTED_EDGE('',*,*,#14469,.T.);
#14501 = ORIENTED_EDGE('',*,*,#7341,.T.);
#14502 = ORIENTED_EDGE('',*,*,#14503,.F.);
#14503 = EDGE_CURVE('',#2942,#7333,#14504,.T.);
#14504 = LINE('',#14505,#14506);
#14505 = CARTESIAN_POINT('',(46.087734,-54.027618,0.));
#14506 = VECTOR('',#14507,1.);
#14507 = DIRECTION('',(0.,0.,1.));
#14508 = ORIENTED_EDGE('',*,*,#2950,.F.);
#14509 = PLANE('',#14510);
#14510 = AXIS2_PLACEMENT_3D('',#14511,#14512,#14513);
#14511 = CARTESIAN_POINT('',(46.08497,-54.028734,0.));
#14512 = DIRECTION('',(-0.374396485849,0.927268715845,0.));
#14513 = DIRECTION('',(0.927268715845,0.374396485849,0.));
#14514 = ADVANCED_FACE('',(#14515),#14526,.T.);
#14515 = FACE_BOUND('',#14516,.T.);
#14516 = EDGE_LOOP('',(#14517,#14523,#14524,#14525));
#14517 = ORIENTED_EDGE('',*,*,#14518,.T.);
#14518 = EDGE_CURVE('',#2901,#7292,#14519,.T.);
#14519 = LINE('',#14520,#14521);
#14520 = CARTESIAN_POINT('',(60.08497,-54.028734,0.));
#14521 = VECTOR('',#14522,1.);
#14522 = DIRECTION('',(0.,0.,1.));
#14523 = ORIENTED_EDGE('',*,*,#7291,.T.);
#14524 = ORIENTED_EDGE('',*,*,#14484,.F.);
#14525 = ORIENTED_EDGE('',*,*,#2900,.F.);
#14526 = PLANE('',#14527);
#14527 = AXIS2_PLACEMENT_3D('',#14528,#14529,#14530);
#14528 = CARTESIAN_POINT('',(60.08497,-54.028734,0.));
#14529 = DIRECTION('',(-1.,0.,0.));
#14530 = DIRECTION('',(0.,1.,0.));
#14531 = ADVANCED_FACE('',(#14532),#14543,.F.);
#14532 = FACE_BOUND('',#14533,.T.);
#14533 = EDGE_LOOP('',(#14534,#14535,#14536,#14542));
#14534 = ORIENTED_EDGE('',*,*,#14503,.T.);
#14535 = ORIENTED_EDGE('',*,*,#7332,.T.);
#14536 = ORIENTED_EDGE('',*,*,#14537,.F.);
#14537 = EDGE_CURVE('',#2934,#7325,#14538,.T.);
#14538 = LINE('',#14539,#14540);
#14539 = CARTESIAN_POINT('',(46.52216,-54.525675,0.));
#14540 = VECTOR('',#14541,1.);
#14541 = DIRECTION('',(0.,0.,1.));
#14542 = ORIENTED_EDGE('',*,*,#2941,.F.);
#14543 = CYLINDRICAL_SURFACE('',#14544,0.497565516144);
#14544 = AXIS2_PLACEMENT_3D('',#14545,#14546,#14547);
#14545 = CARTESIAN_POINT('',(46.585279064948,-54.03212923059,0.));
#14546 = DIRECTION('',(-0.,-0.,-1.));
#14547 = DIRECTION('',(-0.999958897481,9.066606207033E-03,0.));
#14548 = ADVANCED_FACE('',(#14549),#14560,.T.);
#14549 = FACE_BOUND('',#14550,.T.);
#14550 = EDGE_LOOP('',(#14551,#14557,#14558,#14559));
#14551 = ORIENTED_EDGE('',*,*,#14552,.T.);
#14552 = EDGE_CURVE('',#2909,#7300,#14553,.T.);
#14553 = LINE('',#14554,#14555);
#14554 = CARTESIAN_POINT('',(60.082827,-54.094274,0.));
#14555 = VECTOR('',#14556,1.);
#14556 = DIRECTION('',(0.,0.,1.));
#14557 = ORIENTED_EDGE('',*,*,#7299,.T.);
#14558 = ORIENTED_EDGE('',*,*,#14518,.F.);
#14559 = ORIENTED_EDGE('',*,*,#2908,.F.);
#14560 = PLANE('',#14561);
#14561 = AXIS2_PLACEMENT_3D('',#14562,#14563,#14564);
#14562 = CARTESIAN_POINT('',(60.082827,-54.094274,0.));
#14563 = DIRECTION('',(-0.999465862088,3.268012423637E-02,0.));
#14564 = DIRECTION('',(3.268012423637E-02,0.999465862088,0.));
#14565 = ADVANCED_FACE('',(#14566),#14577,.T.);
#14566 = FACE_BOUND('',#14567,.T.);
#14567 = EDGE_LOOP('',(#14568,#14569,#14570,#14576));
#14568 = ORIENTED_EDGE('',*,*,#14537,.T.);
#14569 = ORIENTED_EDGE('',*,*,#7324,.T.);
#14570 = ORIENTED_EDGE('',*,*,#14571,.F.);
#14571 = EDGE_CURVE('',#2926,#7317,#14572,.T.);
#14572 = LINE('',#14573,#14574);
#14573 = CARTESIAN_POINT('',(46.58497,-54.528734,0.));
#14574 = VECTOR('',#14575,1.);
#14575 = DIRECTION('',(0.,0.,1.));
#14576 = ORIENTED_EDGE('',*,*,#2933,.F.);
#14577 = PLANE('',#14578);
#14578 = AXIS2_PLACEMENT_3D('',#14579,#14580,#14581);
#14579 = CARTESIAN_POINT('',(46.52216,-54.525675,0.));
#14580 = DIRECTION('',(4.864477914806E-02,0.998816141971,-0.));
#14581 = DIRECTION('',(0.998816141971,-4.864477914806E-02,0.));
#14582 = ADVANCED_FACE('',(#14583),#14594,.F.);
#14583 = FACE_BOUND('',#14584,.T.);
#14584 = EDGE_LOOP('',(#14585,#14591,#14592,#14593));
#14585 = ORIENTED_EDGE('',*,*,#14586,.T.);
#14586 = EDGE_CURVE('',#2917,#7308,#14587,.T.);
#14587 = LINE('',#14588,#14589);
#14588 = CARTESIAN_POINT('',(59.58497,-54.528734,0.));
#14589 = VECTOR('',#14590,1.);
#14590 = DIRECTION('',(0.,0.,1.));
#14591 = ORIENTED_EDGE('',*,*,#7307,.T.);
#14592 = ORIENTED_EDGE('',*,*,#14552,.F.);
#14593 = ORIENTED_EDGE('',*,*,#2916,.F.);
#14594 = CYLINDRICAL_SURFACE('',#14595,0.497940142437);
#14595 = AXIS2_PLACEMENT_3D('',#14596,#14597,#14598);
#14596 = CARTESIAN_POINT('',(59.588947790147,-54.03080974608,0.));
#14597 = DIRECTION('',(-0.,-0.,-1.));
#14598 = DIRECTION('',(-7.988490599082E-03,-0.9999680915,0.));
#14599 = ADVANCED_FACE('',(#14600),#14606,.T.);
#14600 = FACE_BOUND('',#14601,.T.);
#14601 = EDGE_LOOP('',(#14602,#14603,#14604,#14605));
#14602 = ORIENTED_EDGE('',*,*,#14571,.T.);
#14603 = ORIENTED_EDGE('',*,*,#7316,.T.);
#14604 = ORIENTED_EDGE('',*,*,#14586,.F.);
#14605 = ORIENTED_EDGE('',*,*,#2925,.F.);
#14606 = PLANE('',#14607);
#14607 = AXIS2_PLACEMENT_3D('',#14608,#14609,#14610);
#14608 = CARTESIAN_POINT('',(46.58497,-54.528734,0.));
#14609 = DIRECTION('',(0.,1.,0.));
#14610 = DIRECTION('',(1.,0.,0.));
#14611 = ADVANCED_FACE('',(#14612),#14628,.F.);
#14612 = FACE_BOUND('',#14613,.T.);
#14613 = EDGE_LOOP('',(#14614,#14620,#14621,#14627));
#14614 = ORIENTED_EDGE('',*,*,#14615,.T.);
#14615 = EDGE_CURVE('',#2975,#7366,#14616,.T.);
#14616 = LINE('',#14617,#14618);
#14617 = CARTESIAN_POINT('',(70.39747,-40.528734,0.));
#14618 = VECTOR('',#14619,1.);
#14619 = DIRECTION('',(0.,0.,1.));
#14620 = ORIENTED_EDGE('',*,*,#7365,.T.);
#14621 = ORIENTED_EDGE('',*,*,#14622,.F.);
#14622 = EDGE_CURVE('',#2977,#7368,#14623,.T.);
#14623 = LINE('',#14624,#14625);
#14624 = CARTESIAN_POINT('',(69.899413,-40.96316,0.));
#14625 = VECTOR('',#14626,1.);
#14626 = DIRECTION('',(0.,0.,1.));
#14627 = ORIENTED_EDGE('',*,*,#2974,.F.);
#14628 = CYLINDRICAL_SURFACE('',#14629,0.497554635006);
#14629 = AXIS2_PLACEMENT_3D('',#14630,#14631,#14632);
#14630 = CARTESIAN_POINT('',(70.392949202288,-41.02626809652,0.));
#14631 = DIRECTION('',(-0.,-0.,-1.));
#14632 = DIRECTION('',(9.086032757178E-03,0.999958721152,-0.));
#14633 = ADVANCED_FACE('',(#14634),#14645,.T.);
#14634 = FACE_BOUND('',#14635,.T.);
#14635 = EDGE_LOOP('',(#14636,#14642,#14643,#14644));
#14636 = ORIENTED_EDGE('',*,*,#14637,.T.);
#14637 = EDGE_CURVE('',#2986,#7377,#14638,.T.);
#14638 = LINE('',#14639,#14640);
#14639 = CARTESIAN_POINT('',(83.39747,-40.528734,0.));
#14640 = VECTOR('',#14641,1.);
#14641 = DIRECTION('',(0.,0.,1.));
#14642 = ORIENTED_EDGE('',*,*,#7376,.T.);
#14643 = ORIENTED_EDGE('',*,*,#14615,.F.);
#14644 = ORIENTED_EDGE('',*,*,#2985,.F.);
#14645 = PLANE('',#14646);
#14646 = AXIS2_PLACEMENT_3D('',#14647,#14648,#14649);
#14647 = CARTESIAN_POINT('',(83.39747,-40.528734,0.));
#14648 = DIRECTION('',(0.,-1.,0.));
#14649 = DIRECTION('',(-1.,0.,0.));
#14650 = ADVANCED_FACE('',(#14651),#14662,.T.);
#14651 = FACE_BOUND('',#14652,.T.);
#14652 = EDGE_LOOP('',(#14653,#14654,#14655,#14661));
#14653 = ORIENTED_EDGE('',*,*,#14622,.T.);
#14654 = ORIENTED_EDGE('',*,*,#7459,.T.);
#14655 = ORIENTED_EDGE('',*,*,#14656,.F.);
#14656 = EDGE_CURVE('',#3061,#7452,#14657,.T.);
#14657 = LINE('',#14658,#14659);
#14658 = CARTESIAN_POINT('',(69.89747,-41.028734,0.));
#14659 = VECTOR('',#14660,1.);
#14660 = DIRECTION('',(0.,0.,1.));
#14661 = ORIENTED_EDGE('',*,*,#3068,.F.);
#14662 = PLANE('',#14663);
#14663 = AXIS2_PLACEMENT_3D('',#14664,#14665,#14666);
#14664 = CARTESIAN_POINT('',(69.899413,-40.96316,0.));
#14665 = DIRECTION('',(0.999561301254,-2.961764736532E-02,0.));
#14666 = DIRECTION('',(-2.961764736532E-02,-0.999561301254,0.));
#14667 = ADVANCED_FACE('',(#14668),#14679,.T.);
#14668 = FACE_BOUND('',#14669,.T.);
#14669 = EDGE_LOOP('',(#14670,#14676,#14677,#14678));
#14670 = ORIENTED_EDGE('',*,*,#14671,.T.);
#14671 = EDGE_CURVE('',#2994,#7385,#14672,.T.);
#14672 = LINE('',#14673,#14674);
#14673 = CARTESIAN_POINT('',(83.463041,-40.530678,0.));
#14674 = VECTOR('',#14675,1.);
#14675 = DIRECTION('',(0.,0.,1.));
#14676 = ORIENTED_EDGE('',*,*,#7384,.T.);
#14677 = ORIENTED_EDGE('',*,*,#14637,.F.);
#14678 = ORIENTED_EDGE('',*,*,#2993,.F.);
#14679 = PLANE('',#14680);
#14680 = AXIS2_PLACEMENT_3D('',#14681,#14682,#14683);
#14681 = CARTESIAN_POINT('',(83.463041,-40.530678,0.));
#14682 = DIRECTION('',(-2.963423181093E-02,-0.999560809708,0.));
#14683 = DIRECTION('',(-0.999560809708,2.963423181093E-02,0.));
#14684 = ADVANCED_FACE('',(#14685),#14696,.T.);
#14685 = FACE_BOUND('',#14686,.T.);
#14686 = EDGE_LOOP('',(#14687,#14688,#14689,#14695));
#14687 = ORIENTED_EDGE('',*,*,#14656,.T.);
#14688 = ORIENTED_EDGE('',*,*,#7451,.T.);
#14689 = ORIENTED_EDGE('',*,*,#14690,.F.);
#14690 = EDGE_CURVE('',#3052,#7443,#14691,.T.);
#14691 = LINE('',#14692,#14693);
#14692 = CARTESIAN_POINT('',(69.900234,-54.027618,0.));
#14693 = VECTOR('',#14694,1.);
#14694 = DIRECTION('',(0.,0.,1.));
#14695 = ORIENTED_EDGE('',*,*,#3060,.F.);
#14696 = PLANE('',#14697);
#14697 = AXIS2_PLACEMENT_3D('',#14698,#14699,#14700);
#14698 = CARTESIAN_POINT('',(69.89747,-41.028734,0.));
#14699 = DIRECTION('',(0.999999977393,2.126336335884E-04,-0.));
#14700 = DIRECTION('',(2.126336335884E-04,-0.999999977393,0.));
#14701 = ADVANCED_FACE('',(#14702),#14713,.F.);
#14702 = FACE_BOUND('',#14703,.T.);
#14703 = EDGE_LOOP('',(#14704,#14710,#14711,#14712));
#14704 = ORIENTED_EDGE('',*,*,#14705,.T.);
#14705 = EDGE_CURVE('',#3002,#7393,#14706,.T.);
#14706 = LINE('',#14707,#14708);
#14707 = CARTESIAN_POINT('',(83.89747,-41.028734,0.));
#14708 = VECTOR('',#14709,1.);
#14709 = DIRECTION('',(0.,0.,1.));
#14710 = ORIENTED_EDGE('',*,*,#7392,.T.);
#14711 = ORIENTED_EDGE('',*,*,#14671,.F.);
#14712 = ORIENTED_EDGE('',*,*,#3001,.F.);
#14713 = CYLINDRICAL_SURFACE('',#14714,0.49762810037);
#14714 = AXIS2_PLACEMENT_3D('',#14715,#14716,#14717);
#14715 = CARTESIAN_POINT('',(83.399861840086,-41.02427917507,0.));
#14716 = DIRECTION('',(-0.,-0.,-1.));
#14717 = DIRECTION('',(0.999959928999,-8.952116905841E-03,0.));
#14718 = ADVANCED_FACE('',(#14719),#14730,.F.);
#14719 = FACE_BOUND('',#14720,.T.);
#14720 = EDGE_LOOP('',(#14721,#14722,#14723,#14729));
#14721 = ORIENTED_EDGE('',*,*,#14690,.T.);
#14722 = ORIENTED_EDGE('',*,*,#7442,.T.);
#14723 = ORIENTED_EDGE('',*,*,#14724,.F.);
#14724 = EDGE_CURVE('',#3044,#7435,#14725,.T.);
#14725 = LINE('',#14726,#14727);
#14726 = CARTESIAN_POINT('',(70.33466,-54.525675,0.));
#14727 = VECTOR('',#14728,1.);
#14728 = DIRECTION('',(0.,0.,1.));
#14729 = ORIENTED_EDGE('',*,*,#3051,.F.);
#14730 = CYLINDRICAL_SURFACE('',#14731,0.497565516144);
#14731 = AXIS2_PLACEMENT_3D('',#14732,#14733,#14734);
#14732 = CARTESIAN_POINT('',(70.397779064948,-54.03212923059,0.));
#14733 = DIRECTION('',(-0.,-0.,-1.));
#14734 = DIRECTION('',(-0.999958897481,9.066606207062E-03,0.));
#14735 = ADVANCED_FACE('',(#14736),#14747,.T.);
#14736 = FACE_BOUND('',#14737,.T.);
#14737 = EDGE_LOOP('',(#14738,#14744,#14745,#14746));
#14738 = ORIENTED_EDGE('',*,*,#14739,.T.);
#14739 = EDGE_CURVE('',#3011,#7402,#14740,.T.);
#14740 = LINE('',#14741,#14742);
#14741 = CARTESIAN_POINT('',(83.89747,-54.028734,0.));
#14742 = VECTOR('',#14743,1.);
#14743 = DIRECTION('',(0.,0.,1.));
#14744 = ORIENTED_EDGE('',*,*,#7401,.T.);
#14745 = ORIENTED_EDGE('',*,*,#14705,.F.);
#14746 = ORIENTED_EDGE('',*,*,#3010,.F.);
#14747 = PLANE('',#14748);
#14748 = AXIS2_PLACEMENT_3D('',#14749,#14750,#14751);
#14749 = CARTESIAN_POINT('',(83.89747,-54.028734,0.));
#14750 = DIRECTION('',(-1.,0.,0.));
#14751 = DIRECTION('',(0.,1.,0.));
#14752 = ADVANCED_FACE('',(#14753),#14764,.T.);
#14753 = FACE_BOUND('',#14754,.T.);
#14754 = EDGE_LOOP('',(#14755,#14756,#14757,#14763));
#14755 = ORIENTED_EDGE('',*,*,#14724,.T.);
#14756 = ORIENTED_EDGE('',*,*,#7434,.T.);
#14757 = ORIENTED_EDGE('',*,*,#14758,.F.);
#14758 = EDGE_CURVE('',#3036,#7427,#14759,.T.);
#14759 = LINE('',#14760,#14761);
#14760 = CARTESIAN_POINT('',(70.39747,-54.528734,0.));
#14761 = VECTOR('',#14762,1.);
#14762 = DIRECTION('',(0.,0.,1.));
#14763 = ORIENTED_EDGE('',*,*,#3043,.F.);
#14764 = PLANE('',#14765);
#14765 = AXIS2_PLACEMENT_3D('',#14766,#14767,#14768);
#14766 = CARTESIAN_POINT('',(70.33466,-54.525675,0.));
#14767 = DIRECTION('',(4.864477914806E-02,0.998816141971,-0.));
#14768 = DIRECTION('',(0.998816141971,-4.864477914806E-02,0.));
#14769 = ADVANCED_FACE('',(#14770),#14781,.T.);
#14770 = FACE_BOUND('',#14771,.T.);
#14771 = EDGE_LOOP('',(#14772,#14778,#14779,#14780));
#14772 = ORIENTED_EDGE('',*,*,#14773,.T.);
#14773 = EDGE_CURVE('',#3019,#7410,#14774,.T.);
#14774 = LINE('',#14775,#14776);
#14775 = CARTESIAN_POINT('',(83.895327,-54.094274,0.));
#14776 = VECTOR('',#14777,1.);
#14777 = DIRECTION('',(0.,0.,1.));
#14778 = ORIENTED_EDGE('',*,*,#7409,.T.);
#14779 = ORIENTED_EDGE('',*,*,#14739,.F.);
#14780 = ORIENTED_EDGE('',*,*,#3018,.F.);
#14781 = PLANE('',#14782);
#14782 = AXIS2_PLACEMENT_3D('',#14783,#14784,#14785);
#14783 = CARTESIAN_POINT('',(83.895327,-54.094274,0.));
#14784 = DIRECTION('',(-0.999465862088,3.268012423648E-02,0.));
#14785 = DIRECTION('',(3.268012423648E-02,0.999465862088,0.));
#14786 = ADVANCED_FACE('',(#14787),#14798,.T.);
#14787 = FACE_BOUND('',#14788,.T.);
#14788 = EDGE_LOOP('',(#14789,#14790,#14791,#14797));
#14789 = ORIENTED_EDGE('',*,*,#14758,.T.);
#14790 = ORIENTED_EDGE('',*,*,#7426,.T.);
#14791 = ORIENTED_EDGE('',*,*,#14792,.F.);
#14792 = EDGE_CURVE('',#3027,#7418,#14793,.T.);
#14793 = LINE('',#14794,#14795);
#14794 = CARTESIAN_POINT('',(83.39747,-54.528734,0.));
#14795 = VECTOR('',#14796,1.);
#14796 = DIRECTION('',(0.,0.,1.));
#14797 = ORIENTED_EDGE('',*,*,#3035,.F.);
#14798 = PLANE('',#14799);
#14799 = AXIS2_PLACEMENT_3D('',#14800,#14801,#14802);
#14800 = CARTESIAN_POINT('',(70.39747,-54.528734,0.));
#14801 = DIRECTION('',(0.,1.,0.));
#14802 = DIRECTION('',(1.,0.,0.));
#14803 = ADVANCED_FACE('',(#14804),#14810,.F.);
#14804 = FACE_BOUND('',#14805,.T.);
#14805 = EDGE_LOOP('',(#14806,#14807,#14808,#14809));
#14806 = ORIENTED_EDGE('',*,*,#14792,.T.);
#14807 = ORIENTED_EDGE('',*,*,#7417,.T.);
#14808 = ORIENTED_EDGE('',*,*,#14773,.F.);
#14809 = ORIENTED_EDGE('',*,*,#3026,.F.);
#14810 = CYLINDRICAL_SURFACE('',#14811,0.497940142437);
#14811 = AXIS2_PLACEMENT_3D('',#14812,#14813,#14814);
#14812 = CARTESIAN_POINT('',(83.401447790147,-54.03080974608,0.));
#14813 = DIRECTION('',(-0.,-0.,-1.));
#14814 = DIRECTION('',(-7.988490599025E-03,-0.9999680915,0.));
#14815 = ADVANCED_FACE('',(#14816),#14827,.F.);
#14816 = FACE_BOUND('',#14817,.T.);
#14817 = EDGE_LOOP('',(#14818,#14819,#14825,#14826));
#14818 = ORIENTED_EDGE('',*,*,#3076,.T.);
#14819 = ORIENTED_EDGE('',*,*,#14820,.T.);
#14820 = EDGE_CURVE('',#3077,#7468,#14821,.T.);
#14821 = LINE('',#14822,#14823);
#14822 = CARTESIAN_POINT('',(91.18497,-37.119359,-4.5E-02));
#14823 = VECTOR('',#14824,1.);
#14824 = DIRECTION('',(0.,0.,1.));
#14825 = ORIENTED_EDGE('',*,*,#7467,.F.);
#14826 = ORIENTED_EDGE('',*,*,#14820,.F.);
#14827 = CYLINDRICAL_SURFACE('',#14828,1.1);
#14828 = AXIS2_PLACEMENT_3D('',#14829,#14830,#14831);
#14829 = CARTESIAN_POINT('',(91.18497,-36.019359,-4.5E-02));
#14830 = DIRECTION('',(-0.,0.,-1.));
#14831 = DIRECTION('',(1.2918958832E-14,-1.,-0.));
#14832 = ADVANCED_FACE('',(#14833),#14849,.F.);
#14833 = FACE_BOUND('',#14834,.T.);
#14834 = EDGE_LOOP('',(#14835,#14841,#14842,#14848));
#14835 = ORIENTED_EDGE('',*,*,#14836,.T.);
#14836 = EDGE_CURVE('',#3088,#7479,#14837,.T.);
#14837 = LINE('',#14838,#14839);
#14838 = CARTESIAN_POINT('',(89.44747,-40.528734,0.));
#14839 = VECTOR('',#14840,1.);
#14840 = DIRECTION('',(0.,0.,1.));
#14841 = ORIENTED_EDGE('',*,*,#7478,.T.);
#14842 = ORIENTED_EDGE('',*,*,#14843,.F.);
#14843 = EDGE_CURVE('',#3090,#7481,#14844,.T.);
#14844 = LINE('',#14845,#14846);
#14845 = CARTESIAN_POINT('',(88.949413,-40.96316,0.));
#14846 = VECTOR('',#14847,1.);
#14847 = DIRECTION('',(0.,0.,1.));
#14848 = ORIENTED_EDGE('',*,*,#3087,.F.);
#14849 = CYLINDRICAL_SURFACE('',#14850,0.497554635006);
#14850 = AXIS2_PLACEMENT_3D('',#14851,#14852,#14853);
#14851 = CARTESIAN_POINT('',(89.442949202288,-41.02626809652,0.));
#14852 = DIRECTION('',(-0.,-0.,-1.));
#14853 = DIRECTION('',(9.086032757264E-03,0.999958721152,-0.));
#14854 = ADVANCED_FACE('',(#14855),#14866,.T.);
#14855 = FACE_BOUND('',#14856,.T.);
#14856 = EDGE_LOOP('',(#14857,#14863,#14864,#14865));
#14857 = ORIENTED_EDGE('',*,*,#14858,.T.);
#14858 = EDGE_CURVE('',#3099,#7490,#14859,.T.);
#14859 = LINE('',#14860,#14861);
#14860 = CARTESIAN_POINT('',(102.44747,-40.528734,0.));
#14861 = VECTOR('',#14862,1.);
#14862 = DIRECTION('',(0.,0.,1.));
#14863 = ORIENTED_EDGE('',*,*,#7489,.T.);
#14864 = ORIENTED_EDGE('',*,*,#14836,.F.);
#14865 = ORIENTED_EDGE('',*,*,#3098,.F.);
#14866 = PLANE('',#14867);
#14867 = AXIS2_PLACEMENT_3D('',#14868,#14869,#14870);
#14868 = CARTESIAN_POINT('',(102.44747,-40.528734,0.));
#14869 = DIRECTION('',(0.,-1.,0.));
#14870 = DIRECTION('',(-1.,0.,0.));
#14871 = ADVANCED_FACE('',(#14872),#14883,.T.);
#14872 = FACE_BOUND('',#14873,.T.);
#14873 = EDGE_LOOP('',(#14874,#14875,#14876,#14882));
#14874 = ORIENTED_EDGE('',*,*,#14843,.T.);
#14875 = ORIENTED_EDGE('',*,*,#7580,.T.);
#14876 = ORIENTED_EDGE('',*,*,#14877,.F.);
#14877 = EDGE_CURVE('',#3182,#7573,#14878,.T.);
#14878 = LINE('',#14879,#14880);
#14879 = CARTESIAN_POINT('',(88.94747,-41.028734,0.));
#14880 = VECTOR('',#14881,1.);
#14881 = DIRECTION('',(0.,0.,1.));
#14882 = ORIENTED_EDGE('',*,*,#3189,.F.);
#14883 = PLANE('',#14884);
#14884 = AXIS2_PLACEMENT_3D('',#14885,#14886,#14887);
#14885 = CARTESIAN_POINT('',(88.949413,-40.96316,0.));
#14886 = DIRECTION('',(0.999561301254,-2.961764736554E-02,0.));
#14887 = DIRECTION('',(-2.961764736554E-02,-0.999561301254,0.));
#14888 = ADVANCED_FACE('',(#14889),#14900,.T.);
#14889 = FACE_BOUND('',#14890,.T.);
#14890 = EDGE_LOOP('',(#14891,#14897,#14898,#14899));
#14891 = ORIENTED_EDGE('',*,*,#14892,.T.);
#14892 = EDGE_CURVE('',#3107,#7498,#14893,.T.);
#14893 = LINE('',#14894,#14895);
#14894 = CARTESIAN_POINT('',(102.513041,-40.530678,0.));
#14895 = VECTOR('',#14896,1.);
#14896 = DIRECTION('',(0.,0.,1.));
#14897 = ORIENTED_EDGE('',*,*,#7497,.T.);
#14898 = ORIENTED_EDGE('',*,*,#14858,.F.);
#14899 = ORIENTED_EDGE('',*,*,#3106,.F.);
#14900 = PLANE('',#14901);
#14901 = AXIS2_PLACEMENT_3D('',#14902,#14903,#14904);
#14902 = CARTESIAN_POINT('',(102.513041,-40.530678,0.));
#14903 = DIRECTION('',(-2.963423181093E-02,-0.999560809708,0.));
#14904 = DIRECTION('',(-0.999560809708,2.963423181093E-02,0.));
#14905 = ADVANCED_FACE('',(#14906),#14917,.T.);
#14906 = FACE_BOUND('',#14907,.T.);
#14907 = EDGE_LOOP('',(#14908,#14909,#14910,#14916));
#14908 = ORIENTED_EDGE('',*,*,#14877,.T.);
#14909 = ORIENTED_EDGE('',*,*,#7572,.T.);
#14910 = ORIENTED_EDGE('',*,*,#14911,.F.);
#14911 = EDGE_CURVE('',#3174,#7565,#14912,.T.);
#14912 = LINE('',#14913,#14914);
#14913 = CARTESIAN_POINT('',(88.94747,-54.028734,0.));
#14914 = VECTOR('',#14915,1.);
#14915 = DIRECTION('',(0.,0.,1.));
#14916 = ORIENTED_EDGE('',*,*,#3181,.F.);
#14917 = PLANE('',#14918);
#14918 = AXIS2_PLACEMENT_3D('',#14919,#14920,#14921);
#14919 = CARTESIAN_POINT('',(88.94747,-41.028734,0.));
#14920 = DIRECTION('',(1.,0.,-0.));
#14921 = DIRECTION('',(0.,-1.,0.));
#14922 = ADVANCED_FACE('',(#14923),#14934,.F.);
#14923 = FACE_BOUND('',#14924,.T.);
#14924 = EDGE_LOOP('',(#14925,#14931,#14932,#14933));
#14925 = ORIENTED_EDGE('',*,*,#14926,.T.);
#14926 = EDGE_CURVE('',#3115,#7506,#14927,.T.);
#14927 = LINE('',#14928,#14929);
#14928 = CARTESIAN_POINT('',(102.94747,-41.028734,0.));
#14929 = VECTOR('',#14930,1.);
#14930 = DIRECTION('',(0.,0.,1.));
#14931 = ORIENTED_EDGE('',*,*,#7505,.T.);
#14932 = ORIENTED_EDGE('',*,*,#14892,.F.);
#14933 = ORIENTED_EDGE('',*,*,#3114,.F.);
#14934 = CYLINDRICAL_SURFACE('',#14935,0.49762810037);
#14935 = AXIS2_PLACEMENT_3D('',#14936,#14937,#14938);
#14936 = CARTESIAN_POINT('',(102.44986184008,-41.02427917507,0.));
#14937 = DIRECTION('',(-0.,-0.,-1.));
#14938 = DIRECTION('',(0.999959928999,-8.95211690587E-03,0.));
#14939 = ADVANCED_FACE('',(#14940),#14951,.T.);
#14940 = FACE_BOUND('',#14941,.T.);
#14941 = EDGE_LOOP('',(#14942,#14943,#14944,#14950));
#14942 = ORIENTED_EDGE('',*,*,#14911,.T.);
#14943 = ORIENTED_EDGE('',*,*,#7564,.T.);
#14944 = ORIENTED_EDGE('',*,*,#14945,.F.);
#14945 = EDGE_CURVE('',#3165,#7556,#14946,.T.);
#14946 = LINE('',#14947,#14948);
#14947 = CARTESIAN_POINT('',(88.950234,-54.027618,0.));
#14948 = VECTOR('',#14949,1.);
#14949 = DIRECTION('',(0.,0.,1.));
#14950 = ORIENTED_EDGE('',*,*,#3173,.F.);
#14951 = PLANE('',#14952);
#14952 = AXIS2_PLACEMENT_3D('',#14953,#14954,#14955);
#14953 = CARTESIAN_POINT('',(88.94747,-54.028734,0.));
#14954 = DIRECTION('',(-0.374396485849,0.927268715845,0.));
#14955 = DIRECTION('',(0.927268715845,0.374396485849,0.));
#14956 = ADVANCED_FACE('',(#14957),#14968,.T.);
#14957 = FACE_BOUND('',#14958,.T.);
#14958 = EDGE_LOOP('',(#14959,#14965,#14966,#14967));
#14959 = ORIENTED_EDGE('',*,*,#14960,.T.);
#14960 = EDGE_CURVE('',#3124,#7515,#14961,.T.);
#14961 = LINE('',#14962,#14963);
#14962 = CARTESIAN_POINT('',(102.94747,-54.028734,0.));
#14963 = VECTOR('',#14964,1.);
#14964 = DIRECTION('',(0.,0.,1.));
#14965 = ORIENTED_EDGE('',*,*,#7514,.T.);
#14966 = ORIENTED_EDGE('',*,*,#14926,.F.);
#14967 = ORIENTED_EDGE('',*,*,#3123,.F.);
#14968 = PLANE('',#14969);
#14969 = AXIS2_PLACEMENT_3D('',#14970,#14971,#14972);
#14970 = CARTESIAN_POINT('',(102.94747,-54.028734,0.));
#14971 = DIRECTION('',(-1.,0.,0.));
#14972 = DIRECTION('',(0.,1.,0.));
#14973 = ADVANCED_FACE('',(#14974),#14985,.F.);
#14974 = FACE_BOUND('',#14975,.T.);
#14975 = EDGE_LOOP('',(#14976,#14977,#14978,#14984));
#14976 = ORIENTED_EDGE('',*,*,#14945,.T.);
#14977 = ORIENTED_EDGE('',*,*,#7555,.T.);
#14978 = ORIENTED_EDGE('',*,*,#14979,.F.);
#14979 = EDGE_CURVE('',#3157,#7548,#14980,.T.);
#14980 = LINE('',#14981,#14982);
#14981 = CARTESIAN_POINT('',(89.38466,-54.525675,0.));
#14982 = VECTOR('',#14983,1.);
#14983 = DIRECTION('',(0.,0.,1.));
#14984 = ORIENTED_EDGE('',*,*,#3164,.F.);
#14985 = CYLINDRICAL_SURFACE('',#14986,0.497565516144);
#14986 = AXIS2_PLACEMENT_3D('',#14987,#14988,#14989);
#14987 = CARTESIAN_POINT('',(89.447779064948,-54.03212923059,0.));
#14988 = DIRECTION('',(-0.,-0.,-1.));
#14989 = DIRECTION('',(-0.999958897481,9.066606207047E-03,0.));
#14990 = ADVANCED_FACE('',(#14991),#15002,.T.);
#14991 = FACE_BOUND('',#14992,.T.);
#14992 = EDGE_LOOP('',(#14993,#14999,#15000,#15001));
#14993 = ORIENTED_EDGE('',*,*,#14994,.T.);
#14994 = EDGE_CURVE('',#3132,#7523,#14995,.T.);
#14995 = LINE('',#14996,#14997);
#14996 = CARTESIAN_POINT('',(102.945327,-54.094274,0.));
#14997 = VECTOR('',#14998,1.);
#14998 = DIRECTION('',(0.,0.,1.));
#14999 = ORIENTED_EDGE('',*,*,#7522,.T.);
#15000 = ORIENTED_EDGE('',*,*,#14960,.F.);
#15001 = ORIENTED_EDGE('',*,*,#3131,.F.);
#15002 = PLANE('',#15003);
#15003 = AXIS2_PLACEMENT_3D('',#15004,#15005,#15006);
#15004 = CARTESIAN_POINT('',(102.945327,-54.094274,0.));
#15005 = DIRECTION('',(-0.999465862088,3.268012423627E-02,0.));
#15006 = DIRECTION('',(3.268012423627E-02,0.999465862088,0.));
#15007 = ADVANCED_FACE('',(#15008),#15019,.T.);
#15008 = FACE_BOUND('',#15009,.T.);
#15009 = EDGE_LOOP('',(#15010,#15011,#15012,#15018));
#15010 = ORIENTED_EDGE('',*,*,#14979,.T.);
#15011 = ORIENTED_EDGE('',*,*,#7547,.T.);
#15012 = ORIENTED_EDGE('',*,*,#15013,.F.);
#15013 = EDGE_CURVE('',#3149,#7540,#15014,.T.);
#15014 = LINE('',#15015,#15016);
#15015 = CARTESIAN_POINT('',(89.44747,-54.528734,0.));
#15016 = VECTOR('',#15017,1.);
#15017 = DIRECTION('',(0.,0.,1.));
#15018 = ORIENTED_EDGE('',*,*,#3156,.F.);
#15019 = PLANE('',#15020);
#15020 = AXIS2_PLACEMENT_3D('',#15021,#15022,#15023);
#15021 = CARTESIAN_POINT('',(89.38466,-54.525675,0.));
#15022 = DIRECTION('',(4.864477914806E-02,0.998816141971,-0.));
#15023 = DIRECTION('',(0.998816141971,-4.864477914806E-02,0.));
#15024 = ADVANCED_FACE('',(#15025),#15036,.F.);
#15025 = FACE_BOUND('',#15026,.T.);
#15026 = EDGE_LOOP('',(#15027,#15033,#15034,#15035));
#15027 = ORIENTED_EDGE('',*,*,#15028,.T.);
#15028 = EDGE_CURVE('',#3140,#7531,#15029,.T.);
#15029 = LINE('',#15030,#15031);
#15030 = CARTESIAN_POINT('',(102.44747,-54.528734,0.));
#15031 = VECTOR('',#15032,1.);
#15032 = DIRECTION('',(0.,0.,1.));
#15033 = ORIENTED_EDGE('',*,*,#7530,.T.);
#15034 = ORIENTED_EDGE('',*,*,#14994,.F.);
#15035 = ORIENTED_EDGE('',*,*,#3139,.F.);
#15036 = CYLINDRICAL_SURFACE('',#15037,0.497940142437);
#15037 = AXIS2_PLACEMENT_3D('',#15038,#15039,#15040);
#15038 = CARTESIAN_POINT('',(102.45144779014,-54.03080974608,0.));
#15039 = DIRECTION('',(-0.,-0.,-1.));
#15040 = DIRECTION('',(-7.988490599053E-03,-0.9999680915,0.));
#15041 = ADVANCED_FACE('',(#15042),#15048,.T.);
#15042 = FACE_BOUND('',#15043,.T.);
#15043 = EDGE_LOOP('',(#15044,#15045,#15046,#15047));
#15044 = ORIENTED_EDGE('',*,*,#15013,.T.);
#15045 = ORIENTED_EDGE('',*,*,#7539,.T.);
#15046 = ORIENTED_EDGE('',*,*,#15028,.F.);
#15047 = ORIENTED_EDGE('',*,*,#3148,.F.);
#15048 = PLANE('',#15049);
#15049 = AXIS2_PLACEMENT_3D('',#15050,#15051,#15052);
#15050 = CARTESIAN_POINT('',(89.44747,-54.528734,0.));
#15051 = DIRECTION('',(0.,1.,0.));
#15052 = DIRECTION('',(1.,0.,0.));
#15053 = ADVANCED_FACE('',(#15054),#15070,.F.);
#15054 = FACE_BOUND('',#15055,.T.);
#15055 = EDGE_LOOP('',(#15056,#15062,#15063,#15069));
#15056 = ORIENTED_EDGE('',*,*,#15057,.T.);
#15057 = EDGE_CURVE('',#3198,#7589,#15058,.T.);
#15058 = LINE('',#15059,#15060);
#15059 = CARTESIAN_POINT('',(108.49747,-40.528734,0.));
#15060 = VECTOR('',#15061,1.);
#15061 = DIRECTION('',(0.,0.,1.));
#15062 = ORIENTED_EDGE('',*,*,#7588,.T.);
#15063 = ORIENTED_EDGE('',*,*,#15064,.F.);
#15064 = EDGE_CURVE('',#3200,#7591,#15065,.T.);
#15065 = LINE('',#15066,#15067);
#15066 = CARTESIAN_POINT('',(107.999413,-40.96316,0.));
#15067 = VECTOR('',#15068,1.);
#15068 = DIRECTION('',(0.,0.,1.));
#15069 = ORIENTED_EDGE('',*,*,#3197,.F.);
#15070 = CYLINDRICAL_SURFACE('',#15071,0.497554635006);
#15071 = AXIS2_PLACEMENT_3D('',#15072,#15073,#15074);
#15072 = CARTESIAN_POINT('',(108.49294920228,-41.02626809652,0.));
#15073 = DIRECTION('',(-0.,-0.,-1.));
#15074 = DIRECTION('',(9.086032757235E-03,0.999958721152,-0.));
#15075 = ADVANCED_FACE('',(#15076),#15087,.T.);
#15076 = FACE_BOUND('',#15077,.T.);
#15077 = EDGE_LOOP('',(#15078,#15084,#15085,#15086));
#15078 = ORIENTED_EDGE('',*,*,#15079,.T.);
#15079 = EDGE_CURVE('',#3209,#7600,#15080,.T.);
#15080 = LINE('',#15081,#15082);
#15081 = CARTESIAN_POINT('',(121.49747,-40.528734,0.));
#15082 = VECTOR('',#15083,1.);
#15083 = DIRECTION('',(0.,0.,1.));
#15084 = ORIENTED_EDGE('',*,*,#7599,.T.);
#15085 = ORIENTED_EDGE('',*,*,#15057,.F.);
#15086 = ORIENTED_EDGE('',*,*,#3208,.F.);
#15087 = PLANE('',#15088);
#15088 = AXIS2_PLACEMENT_3D('',#15089,#15090,#15091);
#15089 = CARTESIAN_POINT('',(121.49747,-40.528734,0.));
#15090 = DIRECTION('',(0.,-1.,0.));
#15091 = DIRECTION('',(-1.,0.,0.));
#15092 = ADVANCED_FACE('',(#15093),#15104,.T.);
#15093 = FACE_BOUND('',#15094,.T.);
#15094 = EDGE_LOOP('',(#15095,#15096,#15097,#15103));
#15095 = ORIENTED_EDGE('',*,*,#15064,.T.);
#15096 = ORIENTED_EDGE('',*,*,#7690,.T.);
#15097 = ORIENTED_EDGE('',*,*,#15098,.F.);
#15098 = EDGE_CURVE('',#3292,#7683,#15099,.T.);
#15099 = LINE('',#15100,#15101);
#15100 = CARTESIAN_POINT('',(107.99747,-41.028734,0.));
#15101 = VECTOR('',#15102,1.);
#15102 = DIRECTION('',(0.,0.,1.));
#15103 = ORIENTED_EDGE('',*,*,#3299,.F.);
#15104 = PLANE('',#15105);
#15105 = AXIS2_PLACEMENT_3D('',#15106,#15107,#15108);
#15106 = CARTESIAN_POINT('',(107.999413,-40.96316,0.));
#15107 = DIRECTION('',(0.999561301254,-2.961764736532E-02,0.));
#15108 = DIRECTION('',(-2.961764736532E-02,-0.999561301254,0.));
#15109 = ADVANCED_FACE('',(#15110),#15121,.T.);
#15110 = FACE_BOUND('',#15111,.T.);
#15111 = EDGE_LOOP('',(#15112,#15118,#15119,#15120));
#15112 = ORIENTED_EDGE('',*,*,#15113,.T.);
#15113 = EDGE_CURVE('',#3217,#7608,#15114,.T.);
#15114 = LINE('',#15115,#15116);
#15115 = CARTESIAN_POINT('',(121.563041,-40.530678,0.));
#15116 = VECTOR('',#15117,1.);
#15117 = DIRECTION('',(0.,0.,1.));
#15118 = ORIENTED_EDGE('',*,*,#7607,.T.);
#15119 = ORIENTED_EDGE('',*,*,#15079,.F.);
#15120 = ORIENTED_EDGE('',*,*,#3216,.F.);
#15121 = PLANE('',#15122);
#15122 = AXIS2_PLACEMENT_3D('',#15123,#15124,#15125);
#15123 = CARTESIAN_POINT('',(121.563041,-40.530678,0.));
#15124 = DIRECTION('',(-2.963423181094E-02,-0.999560809708,0.));
#15125 = DIRECTION('',(-0.999560809708,2.963423181094E-02,0.));
#15126 = ADVANCED_FACE('',(#15127),#15138,.T.);
#15127 = FACE_BOUND('',#15128,.T.);
#15128 = EDGE_LOOP('',(#15129,#15130,#15131,#15137));
#15129 = ORIENTED_EDGE('',*,*,#15098,.T.);
#15130 = ORIENTED_EDGE('',*,*,#7682,.T.);
#15131 = ORIENTED_EDGE('',*,*,#15132,.F.);
#15132 = EDGE_CURVE('',#3284,#7675,#15133,.T.);
#15133 = LINE('',#15134,#15135);
#15134 = CARTESIAN_POINT('',(107.99747,-54.028734,0.));
#15135 = VECTOR('',#15136,1.);
#15136 = DIRECTION('',(0.,0.,1.));
#15137 = ORIENTED_EDGE('',*,*,#3291,.F.);
#15138 = PLANE('',#15139);
#15139 = AXIS2_PLACEMENT_3D('',#15140,#15141,#15142);
#15140 = CARTESIAN_POINT('',(107.99747,-41.028734,0.));
#15141 = DIRECTION('',(1.,0.,-0.));
#15142 = DIRECTION('',(0.,-1.,0.));
#15143 = ADVANCED_FACE('',(#15144),#15155,.F.);
#15144 = FACE_BOUND('',#15145,.T.);
#15145 = EDGE_LOOP('',(#15146,#15152,#15153,#15154));
#15146 = ORIENTED_EDGE('',*,*,#15147,.T.);
#15147 = EDGE_CURVE('',#3225,#7616,#15148,.T.);
#15148 = LINE('',#15149,#15150);
#15149 = CARTESIAN_POINT('',(121.99747,-41.028734,0.));
#15150 = VECTOR('',#15151,1.);
#15151 = DIRECTION('',(0.,0.,1.));
#15152 = ORIENTED_EDGE('',*,*,#7615,.T.);
#15153 = ORIENTED_EDGE('',*,*,#15113,.F.);
#15154 = ORIENTED_EDGE('',*,*,#3224,.F.);
#15155 = CYLINDRICAL_SURFACE('',#15156,0.49762810037);
#15156 = AXIS2_PLACEMENT_3D('',#15157,#15158,#15159);
#15157 = CARTESIAN_POINT('',(121.49986184008,-41.02427917507,0.));
#15158 = DIRECTION('',(-0.,-0.,-1.));
#15159 = DIRECTION('',(0.999959928999,-8.952116905798E-03,0.));
#15160 = ADVANCED_FACE('',(#15161),#15172,.T.);
#15161 = FACE_BOUND('',#15162,.T.);
#15162 = EDGE_LOOP('',(#15163,#15164,#15165,#15171));
#15163 = ORIENTED_EDGE('',*,*,#15132,.T.);
#15164 = ORIENTED_EDGE('',*,*,#7674,.T.);
#15165 = ORIENTED_EDGE('',*,*,#15166,.F.);
#15166 = EDGE_CURVE('',#3275,#7666,#15167,.T.);
#15167 = LINE('',#15168,#15169);
#15168 = CARTESIAN_POINT('',(108.000234,-54.027618,0.));
#15169 = VECTOR('',#15170,1.);
#15170 = DIRECTION('',(0.,0.,1.));
#15171 = ORIENTED_EDGE('',*,*,#3283,.F.);
#15172 = PLANE('',#15173);
#15173 = AXIS2_PLACEMENT_3D('',#15174,#15175,#15176);
#15174 = CARTESIAN_POINT('',(107.99747,-54.028734,0.));
#15175 = DIRECTION('',(-0.374396485849,0.927268715845,0.));
#15176 = DIRECTION('',(0.927268715845,0.374396485849,0.));
#15177 = ADVANCED_FACE('',(#15178),#15189,.T.);
#15178 = FACE_BOUND('',#15179,.T.);
#15179 = EDGE_LOOP('',(#15180,#15186,#15187,#15188));
#15180 = ORIENTED_EDGE('',*,*,#15181,.T.);
#15181 = EDGE_CURVE('',#3234,#7625,#15182,.T.);
#15182 = LINE('',#15183,#15184);
#15183 = CARTESIAN_POINT('',(121.99747,-54.028734,0.));
#15184 = VECTOR('',#15185,1.);
#15185 = DIRECTION('',(0.,0.,1.));
#15186 = ORIENTED_EDGE('',*,*,#7624,.T.);
#15187 = ORIENTED_EDGE('',*,*,#15147,.F.);
#15188 = ORIENTED_EDGE('',*,*,#3233,.F.);
#15189 = PLANE('',#15190);
#15190 = AXIS2_PLACEMENT_3D('',#15191,#15192,#15193);
#15191 = CARTESIAN_POINT('',(121.99747,-54.028734,0.));
#15192 = DIRECTION('',(-1.,0.,0.));
#15193 = DIRECTION('',(0.,1.,0.));
#15194 = ADVANCED_FACE('',(#15195),#15206,.F.);
#15195 = FACE_BOUND('',#15196,.T.);
#15196 = EDGE_LOOP('',(#15197,#15198,#15199,#15205));
#15197 = ORIENTED_EDGE('',*,*,#15166,.T.);
#15198 = ORIENTED_EDGE('',*,*,#7665,.T.);
#15199 = ORIENTED_EDGE('',*,*,#15200,.F.);
#15200 = EDGE_CURVE('',#3267,#7658,#15201,.T.);
#15201 = LINE('',#15202,#15203);
#15202 = CARTESIAN_POINT('',(108.43466,-54.525675,0.));
#15203 = VECTOR('',#15204,1.);
#15204 = DIRECTION('',(0.,0.,1.));
#15205 = ORIENTED_EDGE('',*,*,#3274,.F.);
#15206 = CYLINDRICAL_SURFACE('',#15207,0.497565516144);
#15207 = AXIS2_PLACEMENT_3D('',#15208,#15209,#15210);
#15208 = CARTESIAN_POINT('',(108.49777906494,-54.03212923059,0.));
#15209 = DIRECTION('',(-0.,-0.,-1.));
#15210 = DIRECTION('',(-0.999958897481,9.066606207047E-03,0.));
#15211 = ADVANCED_FACE('',(#15212),#15223,.T.);
#15212 = FACE_BOUND('',#15213,.T.);
#15213 = EDGE_LOOP('',(#15214,#15220,#15221,#15222));
#15214 = ORIENTED_EDGE('',*,*,#15215,.T.);
#15215 = EDGE_CURVE('',#3242,#7633,#15216,.T.);
#15216 = LINE('',#15217,#15218);
#15217 = CARTESIAN_POINT('',(121.995327,-54.094274,0.));
#15218 = VECTOR('',#15219,1.);
#15219 = DIRECTION('',(0.,0.,1.));
#15220 = ORIENTED_EDGE('',*,*,#7632,.T.);
#15221 = ORIENTED_EDGE('',*,*,#15181,.F.);
#15222 = ORIENTED_EDGE('',*,*,#3241,.F.);
#15223 = PLANE('',#15224);
#15224 = AXIS2_PLACEMENT_3D('',#15225,#15226,#15227);
#15225 = CARTESIAN_POINT('',(121.995327,-54.094274,0.));
#15226 = DIRECTION('',(-0.999465862088,3.268012423648E-02,0.));
#15227 = DIRECTION('',(3.268012423648E-02,0.999465862088,0.));
#15228 = ADVANCED_FACE('',(#15229),#15240,.T.);
#15229 = FACE_BOUND('',#15230,.T.);
#15230 = EDGE_LOOP('',(#15231,#15232,#15233,#15239));
#15231 = ORIENTED_EDGE('',*,*,#15200,.T.);
#15232 = ORIENTED_EDGE('',*,*,#7657,.T.);
#15233 = ORIENTED_EDGE('',*,*,#15234,.F.);
#15234 = EDGE_CURVE('',#3259,#7650,#15235,.T.);
#15235 = LINE('',#15236,#15237);
#15236 = CARTESIAN_POINT('',(108.49747,-54.528734,0.));
#15237 = VECTOR('',#15238,1.);
#15238 = DIRECTION('',(0.,0.,1.));
#15239 = ORIENTED_EDGE('',*,*,#3266,.F.);
#15240 = PLANE('',#15241);
#15241 = AXIS2_PLACEMENT_3D('',#15242,#15243,#15244);
#15242 = CARTESIAN_POINT('',(108.43466,-54.525675,0.));
#15243 = DIRECTION('',(4.864477914805E-02,0.998816141971,-0.));
#15244 = DIRECTION('',(0.998816141971,-4.864477914805E-02,0.));
#15245 = ADVANCED_FACE('',(#15246),#15257,.F.);
#15246 = FACE_BOUND('',#15247,.T.);
#15247 = EDGE_LOOP('',(#15248,#15254,#15255,#15256));
#15248 = ORIENTED_EDGE('',*,*,#15249,.T.);
#15249 = EDGE_CURVE('',#3250,#7641,#15250,.T.);
#15250 = LINE('',#15251,#15252);
#15251 = CARTESIAN_POINT('',(121.49747,-54.528734,0.));
#15252 = VECTOR('',#15253,1.);
#15253 = DIRECTION('',(0.,0.,1.));
#15254 = ORIENTED_EDGE('',*,*,#7640,.T.);
#15255 = ORIENTED_EDGE('',*,*,#15215,.F.);
#15256 = ORIENTED_EDGE('',*,*,#3249,.F.);
#15257 = CYLINDRICAL_SURFACE('',#15258,0.497940142437);
#15258 = AXIS2_PLACEMENT_3D('',#15259,#15260,#15261);
#15259 = CARTESIAN_POINT('',(121.50144779014,-54.03080974608,0.));
#15260 = DIRECTION('',(-0.,-0.,-1.));
#15261 = DIRECTION('',(-7.988490599082E-03,-0.9999680915,0.));
#15262 = ADVANCED_FACE('',(#15263),#15269,.T.);
#15263 = FACE_BOUND('',#15264,.T.);
#15264 = EDGE_LOOP('',(#15265,#15266,#15267,#15268));
#15265 = ORIENTED_EDGE('',*,*,#15234,.T.);
#15266 = ORIENTED_EDGE('',*,*,#7649,.T.);
#15267 = ORIENTED_EDGE('',*,*,#15249,.F.);
#15268 = ORIENTED_EDGE('',*,*,#3258,.F.);
#15269 = PLANE('',#15270);
#15270 = AXIS2_PLACEMENT_3D('',#15271,#15272,#15273);
#15271 = CARTESIAN_POINT('',(108.49747,-54.528734,0.));
#15272 = DIRECTION('',(0.,1.,0.));
#15273 = DIRECTION('',(1.,0.,0.));
#15274 = ADVANCED_FACE('',(#15275),#15291,.F.);
#15275 = FACE_BOUND('',#15276,.T.);
#15276 = EDGE_LOOP('',(#15277,#15283,#15284,#15290));
#15277 = ORIENTED_EDGE('',*,*,#15278,.T.);
#15278 = EDGE_CURVE('',#3308,#7699,#15279,.T.);
#15279 = LINE('',#15280,#15281);
#15280 = CARTESIAN_POINT('',(127.54747,-40.528734,0.));
#15281 = VECTOR('',#15282,1.);
#15282 = DIRECTION('',(0.,0.,1.));
#15283 = ORIENTED_EDGE('',*,*,#7698,.T.);
#15284 = ORIENTED_EDGE('',*,*,#15285,.F.);
#15285 = EDGE_CURVE('',#3310,#7701,#15286,.T.);
#15286 = LINE('',#15287,#15288);
#15287 = CARTESIAN_POINT('',(127.049413,-40.96316,0.));
#15288 = VECTOR('',#15289,1.);
#15289 = DIRECTION('',(0.,0.,1.));
#15290 = ORIENTED_EDGE('',*,*,#3307,.F.);
#15291 = CYLINDRICAL_SURFACE('',#15292,0.497554635006);
#15292 = AXIS2_PLACEMENT_3D('',#15293,#15294,#15295);
#15293 = CARTESIAN_POINT('',(127.54294920228,-41.02626809652,0.));
#15294 = DIRECTION('',(-0.,-0.,-1.));
#15295 = DIRECTION('',(9.086032757178E-03,0.999958721152,-0.));
#15296 = ADVANCED_FACE('',(#15297),#15308,.T.);
#15297 = FACE_BOUND('',#15298,.T.);
#15298 = EDGE_LOOP('',(#15299,#15305,#15306,#15307));
#15299 = ORIENTED_EDGE('',*,*,#15300,.T.);
#15300 = EDGE_CURVE('',#3319,#7710,#15301,.T.);
#15301 = LINE('',#15302,#15303);
#15302 = CARTESIAN_POINT('',(140.54747,-40.528734,0.));
#15303 = VECTOR('',#15304,1.);
#15304 = DIRECTION('',(0.,0.,1.));
#15305 = ORIENTED_EDGE('',*,*,#7709,.T.);
#15306 = ORIENTED_EDGE('',*,*,#15278,.F.);
#15307 = ORIENTED_EDGE('',*,*,#3318,.F.);
#15308 = PLANE('',#15309);
#15309 = AXIS2_PLACEMENT_3D('',#15310,#15311,#15312);
#15310 = CARTESIAN_POINT('',(140.54747,-40.528734,0.));
#15311 = DIRECTION('',(0.,-1.,0.));
#15312 = DIRECTION('',(-1.,0.,0.));
#15313 = ADVANCED_FACE('',(#15314),#15325,.T.);
#15314 = FACE_BOUND('',#15315,.T.);
#15315 = EDGE_LOOP('',(#15316,#15317,#15318,#15324));
#15316 = ORIENTED_EDGE('',*,*,#15285,.T.);
#15317 = ORIENTED_EDGE('',*,*,#7800,.T.);
#15318 = ORIENTED_EDGE('',*,*,#15319,.F.);
#15319 = EDGE_CURVE('',#3402,#7793,#15320,.T.);
#15320 = LINE('',#15321,#15322);
#15321 = CARTESIAN_POINT('',(127.04747,-41.028734,0.));
#15322 = VECTOR('',#15323,1.);
#15323 = DIRECTION('',(0.,0.,1.));
#15324 = ORIENTED_EDGE('',*,*,#3409,.F.);
#15325 = PLANE('',#15326);
#15326 = AXIS2_PLACEMENT_3D('',#15327,#15328,#15329);
#15327 = CARTESIAN_POINT('',(127.049413,-40.96316,0.));
#15328 = DIRECTION('',(0.999561301254,-2.961764736532E-02,0.));
#15329 = DIRECTION('',(-2.961764736532E-02,-0.999561301254,0.));
#15330 = ADVANCED_FACE('',(#15331),#15342,.T.);
#15331 = FACE_BOUND('',#15332,.T.);
#15332 = EDGE_LOOP('',(#15333,#15339,#15340,#15341));
#15333 = ORIENTED_EDGE('',*,*,#15334,.T.);
#15334 = EDGE_CURVE('',#3327,#7718,#15335,.T.);
#15335 = LINE('',#15336,#15337);
#15336 = CARTESIAN_POINT('',(140.613041,-40.530678,0.));
#15337 = VECTOR('',#15338,1.);
#15338 = DIRECTION('',(0.,0.,1.));
#15339 = ORIENTED_EDGE('',*,*,#7717,.T.);
#15340 = ORIENTED_EDGE('',*,*,#15300,.F.);
#15341 = ORIENTED_EDGE('',*,*,#3326,.F.);
#15342 = PLANE('',#15343);
#15343 = AXIS2_PLACEMENT_3D('',#15344,#15345,#15346);
#15344 = CARTESIAN_POINT('',(140.613041,-40.530678,0.));
#15345 = DIRECTION('',(-2.963423181093E-02,-0.999560809708,0.));
#15346 = DIRECTION('',(-0.999560809708,2.963423181093E-02,0.));
#15347 = ADVANCED_FACE('',(#15348),#15359,.T.);
#15348 = FACE_BOUND('',#15349,.T.);
#15349 = EDGE_LOOP('',(#15350,#15351,#15352,#15358));
#15350 = ORIENTED_EDGE('',*,*,#15319,.T.);
#15351 = ORIENTED_EDGE('',*,*,#7792,.T.);
#15352 = ORIENTED_EDGE('',*,*,#15353,.F.);
#15353 = EDGE_CURVE('',#3394,#7785,#15354,.T.);
#15354 = LINE('',#15355,#15356);
#15355 = CARTESIAN_POINT('',(127.04747,-54.028734,0.));
#15356 = VECTOR('',#15357,1.);
#15357 = DIRECTION('',(0.,0.,1.));
#15358 = ORIENTED_EDGE('',*,*,#3401,.F.);
#15359 = PLANE('',#15360);
#15360 = AXIS2_PLACEMENT_3D('',#15361,#15362,#15363);
#15361 = CARTESIAN_POINT('',(127.04747,-41.028734,0.));
#15362 = DIRECTION('',(1.,0.,-0.));
#15363 = DIRECTION('',(0.,-1.,0.));
#15364 = ADVANCED_FACE('',(#15365),#15376,.F.);
#15365 = FACE_BOUND('',#15366,.T.);
#15366 = EDGE_LOOP('',(#15367,#15373,#15374,#15375));
#15367 = ORIENTED_EDGE('',*,*,#15368,.T.);
#15368 = EDGE_CURVE('',#3335,#7726,#15369,.T.);
#15369 = LINE('',#15370,#15371);
#15370 = CARTESIAN_POINT('',(141.04747,-41.028734,0.));
#15371 = VECTOR('',#15372,1.);
#15372 = DIRECTION('',(0.,0.,1.));
#15373 = ORIENTED_EDGE('',*,*,#7725,.T.);
#15374 = ORIENTED_EDGE('',*,*,#15334,.F.);
#15375 = ORIENTED_EDGE('',*,*,#3334,.F.);
#15376 = CYLINDRICAL_SURFACE('',#15377,0.49762810037);
#15377 = AXIS2_PLACEMENT_3D('',#15378,#15379,#15380);
#15378 = CARTESIAN_POINT('',(140.54986184008,-41.02427917507,0.));
#15379 = DIRECTION('',(-0.,-0.,-1.));
#15380 = DIRECTION('',(0.999959928999,-8.952116905812E-03,0.));
#15381 = ADVANCED_FACE('',(#15382),#15393,.T.);
#15382 = FACE_BOUND('',#15383,.T.);
#15383 = EDGE_LOOP('',(#15384,#15385,#15386,#15392));
#15384 = ORIENTED_EDGE('',*,*,#15353,.T.);
#15385 = ORIENTED_EDGE('',*,*,#7784,.T.);
#15386 = ORIENTED_EDGE('',*,*,#15387,.F.);
#15387 = EDGE_CURVE('',#3385,#7776,#15388,.T.);
#15388 = LINE('',#15389,#15390);
#15389 = CARTESIAN_POINT('',(127.050234,-54.027618,0.));
#15390 = VECTOR('',#15391,1.);
#15391 = DIRECTION('',(0.,0.,1.));
#15392 = ORIENTED_EDGE('',*,*,#3393,.F.);
#15393 = PLANE('',#15394);
#15394 = AXIS2_PLACEMENT_3D('',#15395,#15396,#15397);
#15395 = CARTESIAN_POINT('',(127.04747,-54.028734,0.));
#15396 = DIRECTION('',(-0.374396485849,0.927268715845,0.));
#15397 = DIRECTION('',(0.927268715845,0.374396485849,0.));
#15398 = ADVANCED_FACE('',(#15399),#15410,.T.);
#15399 = FACE_BOUND('',#15400,.T.);
#15400 = EDGE_LOOP('',(#15401,#15407,#15408,#15409));
#15401 = ORIENTED_EDGE('',*,*,#15402,.T.);
#15402 = EDGE_CURVE('',#3344,#7735,#15403,.T.);
#15403 = LINE('',#15404,#15405);
#15404 = CARTESIAN_POINT('',(141.04747,-54.028734,0.));
#15405 = VECTOR('',#15406,1.);
#15406 = DIRECTION('',(0.,0.,1.));
#15407 = ORIENTED_EDGE('',*,*,#7734,.T.);
#15408 = ORIENTED_EDGE('',*,*,#15368,.F.);
#15409 = ORIENTED_EDGE('',*,*,#3343,.F.);
#15410 = PLANE('',#15411);
#15411 = AXIS2_PLACEMENT_3D('',#15412,#15413,#15414);
#15412 = CARTESIAN_POINT('',(141.04747,-54.028734,0.));
#15413 = DIRECTION('',(-1.,0.,0.));
#15414 = DIRECTION('',(0.,1.,0.));
#15415 = ADVANCED_FACE('',(#15416),#15427,.F.);
#15416 = FACE_BOUND('',#15417,.T.);
#15417 = EDGE_LOOP('',(#15418,#15419,#15420,#15426));
#15418 = ORIENTED_EDGE('',*,*,#15387,.T.);
#15419 = ORIENTED_EDGE('',*,*,#7775,.T.);
#15420 = ORIENTED_EDGE('',*,*,#15421,.F.);
#15421 = EDGE_CURVE('',#3377,#7768,#15422,.T.);
#15422 = LINE('',#15423,#15424);
#15423 = CARTESIAN_POINT('',(127.48466,-54.525675,0.));
#15424 = VECTOR('',#15425,1.);
#15425 = DIRECTION('',(0.,0.,1.));
#15426 = ORIENTED_EDGE('',*,*,#3384,.F.);
#15427 = CYLINDRICAL_SURFACE('',#15428,0.497565516144);
#15428 = AXIS2_PLACEMENT_3D('',#15429,#15430,#15431);
#15429 = CARTESIAN_POINT('',(127.54777906494,-54.03212923059,0.));
#15430 = DIRECTION('',(-0.,-0.,-1.));
#15431 = DIRECTION('',(-0.999958897481,9.066606207062E-03,0.));
#15432 = ADVANCED_FACE('',(#15433),#15444,.T.);
#15433 = FACE_BOUND('',#15434,.T.);
#15434 = EDGE_LOOP('',(#15435,#15441,#15442,#15443));
#15435 = ORIENTED_EDGE('',*,*,#15436,.T.);
#15436 = EDGE_CURVE('',#3352,#7743,#15437,.T.);
#15437 = LINE('',#15438,#15439);
#15438 = CARTESIAN_POINT('',(141.045327,-54.094274,0.));
#15439 = VECTOR('',#15440,1.);
#15440 = DIRECTION('',(0.,0.,1.));
#15441 = ORIENTED_EDGE('',*,*,#7742,.T.);
#15442 = ORIENTED_EDGE('',*,*,#15402,.F.);
#15443 = ORIENTED_EDGE('',*,*,#3351,.F.);
#15444 = PLANE('',#15445);
#15445 = AXIS2_PLACEMENT_3D('',#15446,#15447,#15448);
#15446 = CARTESIAN_POINT('',(141.045327,-54.094274,0.));
#15447 = DIRECTION('',(-0.999465862088,3.26801242367E-02,0.));
#15448 = DIRECTION('',(3.26801242367E-02,0.999465862088,0.));
#15449 = ADVANCED_FACE('',(#15450),#15461,.T.);
#15450 = FACE_BOUND('',#15451,.T.);
#15451 = EDGE_LOOP('',(#15452,#15453,#15454,#15460));
#15452 = ORIENTED_EDGE('',*,*,#15421,.T.);
#15453 = ORIENTED_EDGE('',*,*,#7767,.T.);
#15454 = ORIENTED_EDGE('',*,*,#15455,.F.);
#15455 = EDGE_CURVE('',#3369,#7760,#15456,.T.);
#15456 = LINE('',#15457,#15458);
#15457 = CARTESIAN_POINT('',(127.54747,-54.528734,0.));
#15458 = VECTOR('',#15459,1.);
#15459 = DIRECTION('',(0.,0.,1.));
#15460 = ORIENTED_EDGE('',*,*,#3376,.F.);
#15461 = PLANE('',#15462);
#15462 = AXIS2_PLACEMENT_3D('',#15463,#15464,#15465);
#15463 = CARTESIAN_POINT('',(127.48466,-54.525675,0.));
#15464 = DIRECTION('',(4.864477914806E-02,0.998816141971,-0.));
#15465 = DIRECTION('',(0.998816141971,-4.864477914806E-02,0.));
#15466 = ADVANCED_FACE('',(#15467),#15478,.F.);
#15467 = FACE_BOUND('',#15468,.T.);
#15468 = EDGE_LOOP('',(#15469,#15475,#15476,#15477));
#15469 = ORIENTED_EDGE('',*,*,#15470,.T.);
#15470 = EDGE_CURVE('',#3360,#7751,#15471,.T.);
#15471 = LINE('',#15472,#15473);
#15472 = CARTESIAN_POINT('',(140.54747,-54.528734,0.));
#15473 = VECTOR('',#15474,1.);
#15474 = DIRECTION('',(0.,0.,1.));
#15475 = ORIENTED_EDGE('',*,*,#7750,.T.);
#15476 = ORIENTED_EDGE('',*,*,#15436,.F.);
#15477 = ORIENTED_EDGE('',*,*,#3359,.F.);
#15478 = CYLINDRICAL_SURFACE('',#15479,0.497940142437);
#15479 = AXIS2_PLACEMENT_3D('',#15480,#15481,#15482);
#15480 = CARTESIAN_POINT('',(140.55144779014,-54.03080974608,0.));
#15481 = DIRECTION('',(-0.,-0.,-1.));
#15482 = DIRECTION('',(-7.988490599025E-03,-0.9999680915,0.));
#15483 = ADVANCED_FACE('',(#15484),#15490,.T.);
#15484 = FACE_BOUND('',#15485,.T.);
#15485 = EDGE_LOOP('',(#15486,#15487,#15488,#15489));
#15486 = ORIENTED_EDGE('',*,*,#15455,.T.);
#15487 = ORIENTED_EDGE('',*,*,#7759,.T.);
#15488 = ORIENTED_EDGE('',*,*,#15470,.F.);
#15489 = ORIENTED_EDGE('',*,*,#3368,.F.);
#15490 = PLANE('',#15491);
#15491 = AXIS2_PLACEMENT_3D('',#15492,#15493,#15494);
#15492 = CARTESIAN_POINT('',(127.54747,-54.528734,0.));
#15493 = DIRECTION('',(0.,1.,0.));
#15494 = DIRECTION('',(1.,0.,0.));
#15495 = ADVANCED_FACE('',(#15496),#15512,.F.);
#15496 = FACE_BOUND('',#15497,.T.);
#15497 = EDGE_LOOP('',(#15498,#15504,#15505,#15511));
#15498 = ORIENTED_EDGE('',*,*,#15499,.T.);
#15499 = EDGE_CURVE('',#3418,#7809,#15500,.T.);
#15500 = LINE('',#15501,#15502);
#15501 = CARTESIAN_POINT('',(146.59747,-64.341234,0.));
#15502 = VECTOR('',#15503,1.);
#15503 = DIRECTION('',(0.,0.,1.));
#15504 = ORIENTED_EDGE('',*,*,#7808,.T.);
#15505 = ORIENTED_EDGE('',*,*,#15506,.F.);
#15506 = EDGE_CURVE('',#3420,#7811,#15507,.T.);
#15507 = LINE('',#15508,#15509);
#15508 = CARTESIAN_POINT('',(146.099413,-64.77566,0.));
#15509 = VECTOR('',#15510,1.);
#15510 = DIRECTION('',(0.,0.,1.));
#15511 = ORIENTED_EDGE('',*,*,#3417,.F.);
#15512 = CYLINDRICAL_SURFACE('',#15513,0.497554635006);
#15513 = AXIS2_PLACEMENT_3D('',#15514,#15515,#15516);
#15514 = CARTESIAN_POINT('',(146.59294920228,-64.83876809652,0.));
#15515 = DIRECTION('',(-0.,-0.,-1.));
#15516 = DIRECTION('',(9.086032757207E-03,0.999958721152,-0.));
#15517 = ADVANCED_FACE('',(#15518),#15529,.T.);
#15518 = FACE_BOUND('',#15519,.T.);
#15519 = EDGE_LOOP('',(#15520,#15526,#15527,#15528));
#15520 = ORIENTED_EDGE('',*,*,#15521,.T.);
#15521 = EDGE_CURVE('',#3429,#7820,#15522,.T.);
#15522 = LINE('',#15523,#15524);
#15523 = CARTESIAN_POINT('',(159.59747,-64.341234,0.));
#15524 = VECTOR('',#15525,1.);
#15525 = DIRECTION('',(0.,0.,1.));
#15526 = ORIENTED_EDGE('',*,*,#7819,.T.);
#15527 = ORIENTED_EDGE('',*,*,#15499,.F.);
#15528 = ORIENTED_EDGE('',*,*,#3428,.F.);
#15529 = PLANE('',#15530);
#15530 = AXIS2_PLACEMENT_3D('',#15531,#15532,#15533);
#15531 = CARTESIAN_POINT('',(159.59747,-64.341234,0.));
#15532 = DIRECTION('',(0.,-1.,0.));
#15533 = DIRECTION('',(-1.,0.,0.));
#15534 = ADVANCED_FACE('',(#15535),#15546,.T.);
#15535 = FACE_BOUND('',#15536,.T.);
#15536 = EDGE_LOOP('',(#15537,#15538,#15539,#15545));
#15537 = ORIENTED_EDGE('',*,*,#15506,.T.);
#15538 = ORIENTED_EDGE('',*,*,#7910,.T.);
#15539 = ORIENTED_EDGE('',*,*,#15540,.F.);
#15540 = EDGE_CURVE('',#3512,#7903,#15541,.T.);
#15541 = LINE('',#15542,#15543);
#15542 = CARTESIAN_POINT('',(146.09747,-64.841234,0.));
#15543 = VECTOR('',#15544,1.);
#15544 = DIRECTION('',(0.,0.,1.));
#15545 = ORIENTED_EDGE('',*,*,#3519,.F.);
#15546 = PLANE('',#15547);
#15547 = AXIS2_PLACEMENT_3D('',#15548,#15549,#15550);
#15548 = CARTESIAN_POINT('',(146.099413,-64.77566,0.));
#15549 = DIRECTION('',(0.999561301254,-2.961764736554E-02,0.));
#15550 = DIRECTION('',(-2.961764736554E-02,-0.999561301254,0.));
#15551 = ADVANCED_FACE('',(#15552),#15563,.T.);
#15552 = FACE_BOUND('',#15553,.T.);
#15553 = EDGE_LOOP('',(#15554,#15560,#15561,#15562));
#15554 = ORIENTED_EDGE('',*,*,#15555,.T.);
#15555 = EDGE_CURVE('',#3437,#7828,#15556,.T.);
#15556 = LINE('',#15557,#15558);
#15557 = CARTESIAN_POINT('',(159.663041,-64.343178,0.));
#15558 = VECTOR('',#15559,1.);
#15559 = DIRECTION('',(0.,0.,1.));
#15560 = ORIENTED_EDGE('',*,*,#7827,.T.);
#15561 = ORIENTED_EDGE('',*,*,#15521,.F.);
#15562 = ORIENTED_EDGE('',*,*,#3436,.F.);
#15563 = PLANE('',#15564);
#15564 = AXIS2_PLACEMENT_3D('',#15565,#15566,#15567);
#15565 = CARTESIAN_POINT('',(159.663041,-64.343178,0.));
#15566 = DIRECTION('',(-2.963423181083E-02,-0.999560809708,0.));
#15567 = DIRECTION('',(-0.999560809708,2.963423181083E-02,0.));
#15568 = ADVANCED_FACE('',(#15569),#15580,.T.);
#15569 = FACE_BOUND('',#15570,.T.);
#15570 = EDGE_LOOP('',(#15571,#15572,#15573,#15579));
#15571 = ORIENTED_EDGE('',*,*,#15540,.T.);
#15572 = ORIENTED_EDGE('',*,*,#7902,.T.);
#15573 = ORIENTED_EDGE('',*,*,#15574,.F.);
#15574 = EDGE_CURVE('',#3504,#7895,#15575,.T.);
#15575 = LINE('',#15576,#15577);
#15576 = CARTESIAN_POINT('',(146.09747,-77.841234,0.));
#15577 = VECTOR('',#15578,1.);
#15578 = DIRECTION('',(0.,0.,1.));
#15579 = ORIENTED_EDGE('',*,*,#3511,.F.);
#15580 = PLANE('',#15581);
#15581 = AXIS2_PLACEMENT_3D('',#15582,#15583,#15584);
#15582 = CARTESIAN_POINT('',(146.09747,-64.841234,0.));
#15583 = DIRECTION('',(1.,0.,-0.));
#15584 = DIRECTION('',(0.,-1.,0.));
#15585 = ADVANCED_FACE('',(#15586),#15597,.F.);
#15586 = FACE_BOUND('',#15587,.T.);
#15587 = EDGE_LOOP('',(#15588,#15594,#15595,#15596));
#15588 = ORIENTED_EDGE('',*,*,#15589,.T.);
#15589 = EDGE_CURVE('',#3445,#7836,#15590,.T.);
#15590 = LINE('',#15591,#15592);
#15591 = CARTESIAN_POINT('',(160.09747,-64.841234,0.));
#15592 = VECTOR('',#15593,1.);
#15593 = DIRECTION('',(0.,0.,1.));
#15594 = ORIENTED_EDGE('',*,*,#7835,.T.);
#15595 = ORIENTED_EDGE('',*,*,#15555,.F.);
#15596 = ORIENTED_EDGE('',*,*,#3444,.F.);
#15597 = CYLINDRICAL_SURFACE('',#15598,0.49762810037);
#15598 = AXIS2_PLACEMENT_3D('',#15599,#15600,#15601);
#15599 = CARTESIAN_POINT('',(159.59986184008,-64.83677917507,0.));
#15600 = DIRECTION('',(-0.,-0.,-1.));
#15601 = DIRECTION('',(0.999959928999,-8.952116905913E-03,0.));
#15602 = ADVANCED_FACE('',(#15603),#15614,.T.);
#15603 = FACE_BOUND('',#15604,.T.);
#15604 = EDGE_LOOP('',(#15605,#15606,#15607,#15613));
#15605 = ORIENTED_EDGE('',*,*,#15574,.T.);
#15606 = ORIENTED_EDGE('',*,*,#7894,.T.);
#15607 = ORIENTED_EDGE('',*,*,#15608,.F.);
#15608 = EDGE_CURVE('',#3495,#7886,#15609,.T.);
#15609 = LINE('',#15610,#15611);
#15610 = CARTESIAN_POINT('',(146.100234,-77.840118,0.));
#15611 = VECTOR('',#15612,1.);
#15612 = DIRECTION('',(0.,0.,1.));
#15613 = ORIENTED_EDGE('',*,*,#3503,.F.);
#15614 = PLANE('',#15615);
#15615 = AXIS2_PLACEMENT_3D('',#15616,#15617,#15618);
#15616 = CARTESIAN_POINT('',(146.09747,-77.841234,0.));
#15617 = DIRECTION('',(-0.374396485845,0.927268715846,0.));
#15618 = DIRECTION('',(0.927268715846,0.374396485845,0.));
#15619 = ADVANCED_FACE('',(#15620),#15631,.T.);
#15620 = FACE_BOUND('',#15621,.T.);
#15621 = EDGE_LOOP('',(#15622,#15628,#15629,#15630));
#15622 = ORIENTED_EDGE('',*,*,#15623,.T.);
#15623 = EDGE_CURVE('',#3454,#7845,#15624,.T.);
#15624 = LINE('',#15625,#15626);
#15625 = CARTESIAN_POINT('',(160.09747,-77.841234,0.));
#15626 = VECTOR('',#15627,1.);
#15627 = DIRECTION('',(0.,0.,1.));
#15628 = ORIENTED_EDGE('',*,*,#7844,.T.);
#15629 = ORIENTED_EDGE('',*,*,#15589,.F.);
#15630 = ORIENTED_EDGE('',*,*,#3453,.F.);
#15631 = PLANE('',#15632);
#15632 = AXIS2_PLACEMENT_3D('',#15633,#15634,#15635);
#15633 = CARTESIAN_POINT('',(160.09747,-77.841234,0.));
#15634 = DIRECTION('',(-1.,0.,0.));
#15635 = DIRECTION('',(0.,1.,0.));
#15636 = ADVANCED_FACE('',(#15637),#15648,.F.);
#15637 = FACE_BOUND('',#15638,.T.);
#15638 = EDGE_LOOP('',(#15639,#15640,#15641,#15647));
#15639 = ORIENTED_EDGE('',*,*,#15608,.T.);
#15640 = ORIENTED_EDGE('',*,*,#7885,.T.);
#15641 = ORIENTED_EDGE('',*,*,#15642,.F.);
#15642 = EDGE_CURVE('',#3487,#7878,#15643,.T.);
#15643 = LINE('',#15644,#15645);
#15644 = CARTESIAN_POINT('',(146.53466,-78.338175,0.));
#15645 = VECTOR('',#15646,1.);
#15646 = DIRECTION('',(0.,0.,1.));
#15647 = ORIENTED_EDGE('',*,*,#3494,.F.);
#15648 = CYLINDRICAL_SURFACE('',#15649,0.497565516144);
#15649 = AXIS2_PLACEMENT_3D('',#15650,#15651,#15652);
#15650 = CARTESIAN_POINT('',(146.59777906494,-77.84462923059,0.));
#15651 = DIRECTION('',(-0.,-0.,-1.));
#15652 = DIRECTION('',(-0.999958897481,9.066606206975E-03,0.));
#15653 = ADVANCED_FACE('',(#15654),#15665,.T.);
#15654 = FACE_BOUND('',#15655,.T.);
#15655 = EDGE_LOOP('',(#15656,#15662,#15663,#15664));
#15656 = ORIENTED_EDGE('',*,*,#15657,.T.);
#15657 = EDGE_CURVE('',#3462,#7853,#15658,.T.);
#15658 = LINE('',#15659,#15660);
#15659 = CARTESIAN_POINT('',(160.095327,-77.906774,0.));
#15660 = VECTOR('',#15661,1.);
#15661 = DIRECTION('',(0.,0.,1.));
#15662 = ORIENTED_EDGE('',*,*,#7852,.T.);
#15663 = ORIENTED_EDGE('',*,*,#15623,.F.);
#15664 = ORIENTED_EDGE('',*,*,#3461,.F.);
#15665 = PLANE('',#15666);
#15666 = AXIS2_PLACEMENT_3D('',#15667,#15668,#15669);
#15667 = CARTESIAN_POINT('',(160.095327,-77.906774,0.));
#15668 = DIRECTION('',(-0.999465862088,3.268012423627E-02,0.));
#15669 = DIRECTION('',(3.268012423627E-02,0.999465862088,0.));
#15670 = ADVANCED_FACE('',(#15671),#15682,.T.);
#15671 = FACE_BOUND('',#15672,.T.);
#15672 = EDGE_LOOP('',(#15673,#15674,#15675,#15681));
#15673 = ORIENTED_EDGE('',*,*,#15642,.T.);
#15674 = ORIENTED_EDGE('',*,*,#7877,.T.);
#15675 = ORIENTED_EDGE('',*,*,#15676,.F.);
#15676 = EDGE_CURVE('',#3479,#7870,#15677,.T.);
#15677 = LINE('',#15678,#15679);
#15678 = CARTESIAN_POINT('',(146.59747,-78.341234,0.));
#15679 = VECTOR('',#15680,1.);
#15680 = DIRECTION('',(0.,0.,1.));
#15681 = ORIENTED_EDGE('',*,*,#3486,.F.);
#15682 = PLANE('',#15683);
#15683 = AXIS2_PLACEMENT_3D('',#15684,#15685,#15686);
#15684 = CARTESIAN_POINT('',(146.53466,-78.338175,0.));
#15685 = DIRECTION('',(4.864477914795E-02,0.998816141971,-0.));
#15686 = DIRECTION('',(0.998816141971,-4.864477914795E-02,0.));
#15687 = ADVANCED_FACE('',(#15688),#15699,.F.);
#15688 = FACE_BOUND('',#15689,.T.);
#15689 = EDGE_LOOP('',(#15690,#15696,#15697,#15698));
#15690 = ORIENTED_EDGE('',*,*,#15691,.T.);
#15691 = EDGE_CURVE('',#3470,#7861,#15692,.T.);
#15692 = LINE('',#15693,#15694);
#15693 = CARTESIAN_POINT('',(159.59747,-78.341234,0.));
#15694 = VECTOR('',#15695,1.);
#15695 = DIRECTION('',(0.,0.,1.));
#15696 = ORIENTED_EDGE('',*,*,#7860,.T.);
#15697 = ORIENTED_EDGE('',*,*,#15657,.F.);
#15698 = ORIENTED_EDGE('',*,*,#3469,.F.);
#15699 = CYLINDRICAL_SURFACE('',#15700,0.497940142437);
#15700 = AXIS2_PLACEMENT_3D('',#15701,#15702,#15703);
#15701 = CARTESIAN_POINT('',(159.60144779014,-77.84330974608,0.));
#15702 = DIRECTION('',(-0.,-0.,-1.));
#15703 = DIRECTION('',(-7.98849059914E-03,-0.9999680915,0.));
#15704 = ADVANCED_FACE('',(#15705),#15711,.T.);
#15705 = FACE_BOUND('',#15706,.T.);
#15706 = EDGE_LOOP('',(#15707,#15708,#15709,#15710));
#15707 = ORIENTED_EDGE('',*,*,#15676,.T.);
#15708 = ORIENTED_EDGE('',*,*,#7869,.T.);
#15709 = ORIENTED_EDGE('',*,*,#15691,.F.);
#15710 = ORIENTED_EDGE('',*,*,#3478,.F.);
#15711 = PLANE('',#15712);
#15712 = AXIS2_PLACEMENT_3D('',#15713,#15714,#15715);
#15713 = CARTESIAN_POINT('',(146.59747,-78.341234,0.));
#15714 = DIRECTION('',(0.,1.,0.));
#15715 = DIRECTION('',(1.,0.,0.));
#15716 = ADVANCED_FACE('',(#15717),#15733,.F.);
#15717 = FACE_BOUND('',#15718,.T.);
#15718 = EDGE_LOOP('',(#15719,#15725,#15726,#15732));
#15719 = ORIENTED_EDGE('',*,*,#15720,.T.);
#15720 = EDGE_CURVE('',#3528,#7919,#15721,.T.);
#15721 = LINE('',#15722,#15723);
#15722 = CARTESIAN_POINT('',(165.64747,-64.341234,0.));
#15723 = VECTOR('',#15724,1.);
#15724 = DIRECTION('',(0.,0.,1.));
#15725 = ORIENTED_EDGE('',*,*,#7918,.T.);
#15726 = ORIENTED_EDGE('',*,*,#15727,.F.);
#15727 = EDGE_CURVE('',#3530,#7921,#15728,.T.);
#15728 = LINE('',#15729,#15730);
#15729 = CARTESIAN_POINT('',(165.149413,-64.77566,0.));
#15730 = VECTOR('',#15731,1.);
#15731 = DIRECTION('',(0.,0.,1.));
#15732 = ORIENTED_EDGE('',*,*,#3527,.F.);
#15733 = CYLINDRICAL_SURFACE('',#15734,0.497554635006);
#15734 = AXIS2_PLACEMENT_3D('',#15735,#15736,#15737);
#15735 = CARTESIAN_POINT('',(165.64294920228,-64.83876809652,0.));
#15736 = DIRECTION('',(-0.,-0.,-1.));
#15737 = DIRECTION('',(9.086032757207E-03,0.999958721152,-0.));
#15738 = ADVANCED_FACE('',(#15739),#15750,.T.);
#15739 = FACE_BOUND('',#15740,.T.);
#15740 = EDGE_LOOP('',(#15741,#15747,#15748,#15749));
#15741 = ORIENTED_EDGE('',*,*,#15742,.T.);
#15742 = EDGE_CURVE('',#3539,#7930,#15743,.T.);
#15743 = LINE('',#15744,#15745);
#15744 = CARTESIAN_POINT('',(178.64747,-64.341234,0.));
#15745 = VECTOR('',#15746,1.);
#15746 = DIRECTION('',(0.,0.,1.));
#15747 = ORIENTED_EDGE('',*,*,#7929,.T.);
#15748 = ORIENTED_EDGE('',*,*,#15720,.F.);
#15749 = ORIENTED_EDGE('',*,*,#3538,.F.);
#15750 = PLANE('',#15751);
#15751 = AXIS2_PLACEMENT_3D('',#15752,#15753,#15754);
#15752 = CARTESIAN_POINT('',(178.64747,-64.341234,0.));
#15753 = DIRECTION('',(0.,-1.,0.));
#15754 = DIRECTION('',(-1.,0.,0.));
#15755 = ADVANCED_FACE('',(#15756),#15767,.T.);
#15756 = FACE_BOUND('',#15757,.T.);
#15757 = EDGE_LOOP('',(#15758,#15759,#15760,#15766));
#15758 = ORIENTED_EDGE('',*,*,#15727,.T.);
#15759 = ORIENTED_EDGE('',*,*,#8020,.T.);
#15760 = ORIENTED_EDGE('',*,*,#15761,.F.);
#15761 = EDGE_CURVE('',#3622,#8013,#15762,.T.);
#15762 = LINE('',#15763,#15764);
#15763 = CARTESIAN_POINT('',(165.14747,-64.841234,0.));
#15764 = VECTOR('',#15765,1.);
#15765 = DIRECTION('',(0.,0.,1.));
#15766 = ORIENTED_EDGE('',*,*,#3629,.F.);
#15767 = PLANE('',#15768);
#15768 = AXIS2_PLACEMENT_3D('',#15769,#15770,#15771);
#15769 = CARTESIAN_POINT('',(165.149413,-64.77566,0.));
#15770 = DIRECTION('',(0.999561301254,-2.961764736554E-02,0.));
#15771 = DIRECTION('',(-2.961764736554E-02,-0.999561301254,0.));
#15772 = ADVANCED_FACE('',(#15773),#15784,.T.);
#15773 = FACE_BOUND('',#15774,.T.);
#15774 = EDGE_LOOP('',(#15775,#15781,#15782,#15783));
#15775 = ORIENTED_EDGE('',*,*,#15776,.T.);
#15776 = EDGE_CURVE('',#3547,#7938,#15777,.T.);
#15777 = LINE('',#15778,#15779);
#15778 = CARTESIAN_POINT('',(178.713041,-64.343178,0.));
#15779 = VECTOR('',#15780,1.);
#15780 = DIRECTION('',(0.,0.,1.));
#15781 = ORIENTED_EDGE('',*,*,#7937,.T.);
#15782 = ORIENTED_EDGE('',*,*,#15742,.F.);
#15783 = ORIENTED_EDGE('',*,*,#3546,.F.);
#15784 = PLANE('',#15785);
#15785 = AXIS2_PLACEMENT_3D('',#15786,#15787,#15788);
#15786 = CARTESIAN_POINT('',(178.713041,-64.343178,0.));
#15787 = DIRECTION('',(-2.963423181083E-02,-0.999560809708,0.));
#15788 = DIRECTION('',(-0.999560809708,2.963423181083E-02,0.));
#15789 = ADVANCED_FACE('',(#15790),#15801,.T.);
#15790 = FACE_BOUND('',#15791,.T.);
#15791 = EDGE_LOOP('',(#15792,#15793,#15794,#15800));
#15792 = ORIENTED_EDGE('',*,*,#15761,.T.);
#15793 = ORIENTED_EDGE('',*,*,#8012,.T.);
#15794 = ORIENTED_EDGE('',*,*,#15795,.F.);
#15795 = EDGE_CURVE('',#3614,#8005,#15796,.T.);
#15796 = LINE('',#15797,#15798);
#15797 = CARTESIAN_POINT('',(165.14747,-77.841234,0.));
#15798 = VECTOR('',#15799,1.);
#15799 = DIRECTION('',(0.,0.,1.));
#15800 = ORIENTED_EDGE('',*,*,#3621,.F.);
#15801 = PLANE('',#15802);
#15802 = AXIS2_PLACEMENT_3D('',#15803,#15804,#15805);
#15803 = CARTESIAN_POINT('',(165.14747,-64.841234,0.));
#15804 = DIRECTION('',(1.,0.,-0.));
#15805 = DIRECTION('',(0.,-1.,0.));
#15806 = ADVANCED_FACE('',(#15807),#15818,.F.);
#15807 = FACE_BOUND('',#15808,.T.);
#15808 = EDGE_LOOP('',(#15809,#15815,#15816,#15817));
#15809 = ORIENTED_EDGE('',*,*,#15810,.T.);
#15810 = EDGE_CURVE('',#3555,#7946,#15811,.T.);
#15811 = LINE('',#15812,#15813);
#15812 = CARTESIAN_POINT('',(179.14747,-64.841234,0.));
#15813 = VECTOR('',#15814,1.);
#15814 = DIRECTION('',(0.,0.,1.));
#15815 = ORIENTED_EDGE('',*,*,#7945,.T.);
#15816 = ORIENTED_EDGE('',*,*,#15776,.F.);
#15817 = ORIENTED_EDGE('',*,*,#3554,.F.);
#15818 = CYLINDRICAL_SURFACE('',#15819,0.49762810037);
#15819 = AXIS2_PLACEMENT_3D('',#15820,#15821,#15822);
#15820 = CARTESIAN_POINT('',(178.64986184008,-64.83677917507,0.));
#15821 = DIRECTION('',(-0.,-0.,-1.));
#15822 = DIRECTION('',(0.999959928999,-8.952116905798E-03,0.));
#15823 = ADVANCED_FACE('',(#15824),#15835,.T.);
#15824 = FACE_BOUND('',#15825,.T.);
#15825 = EDGE_LOOP('',(#15826,#15827,#15828,#15834));
#15826 = ORIENTED_EDGE('',*,*,#15795,.T.);
#15827 = ORIENTED_EDGE('',*,*,#8004,.T.);
#15828 = ORIENTED_EDGE('',*,*,#15829,.F.);
#15829 = EDGE_CURVE('',#3605,#7996,#15830,.T.);
#15830 = LINE('',#15831,#15832);
#15831 = CARTESIAN_POINT('',(165.150234,-77.840118,0.));
#15832 = VECTOR('',#15833,1.);
#15833 = DIRECTION('',(0.,0.,1.));
#15834 = ORIENTED_EDGE('',*,*,#3613,.F.);
#15835 = PLANE('',#15836);
#15836 = AXIS2_PLACEMENT_3D('',#15837,#15838,#15839);
#15837 = CARTESIAN_POINT('',(165.14747,-77.841234,0.));
#15838 = DIRECTION('',(-0.374396485845,0.927268715846,0.));
#15839 = DIRECTION('',(0.927268715846,0.374396485845,0.));
#15840 = ADVANCED_FACE('',(#15841),#15852,.T.);
#15841 = FACE_BOUND('',#15842,.T.);
#15842 = EDGE_LOOP('',(#15843,#15849,#15850,#15851));
#15843 = ORIENTED_EDGE('',*,*,#15844,.T.);
#15844 = EDGE_CURVE('',#3564,#7955,#15845,.T.);
#15845 = LINE('',#15846,#15847);
#15846 = CARTESIAN_POINT('',(179.14747,-77.841234,0.));
#15847 = VECTOR('',#15848,1.);
#15848 = DIRECTION('',(0.,0.,1.));
#15849 = ORIENTED_EDGE('',*,*,#7954,.T.);
#15850 = ORIENTED_EDGE('',*,*,#15810,.F.);
#15851 = ORIENTED_EDGE('',*,*,#3563,.F.);
#15852 = PLANE('',#15853);
#15853 = AXIS2_PLACEMENT_3D('',#15854,#15855,#15856);
#15854 = CARTESIAN_POINT('',(179.14747,-77.841234,0.));
#15855 = DIRECTION('',(-1.,0.,0.));
#15856 = DIRECTION('',(0.,1.,0.));
#15857 = ADVANCED_FACE('',(#15858),#15869,.F.);
#15858 = FACE_BOUND('',#15859,.T.);
#15859 = EDGE_LOOP('',(#15860,#15861,#15862,#15868));
#15860 = ORIENTED_EDGE('',*,*,#15829,.T.);
#15861 = ORIENTED_EDGE('',*,*,#7995,.T.);
#15862 = ORIENTED_EDGE('',*,*,#15863,.F.);
#15863 = EDGE_CURVE('',#3597,#7988,#15864,.T.);
#15864 = LINE('',#15865,#15866);
#15865 = CARTESIAN_POINT('',(165.58466,-78.338175,0.));
#15866 = VECTOR('',#15867,1.);
#15867 = DIRECTION('',(0.,0.,1.));
#15868 = ORIENTED_EDGE('',*,*,#3604,.F.);
#15869 = CYLINDRICAL_SURFACE('',#15870,0.497565516144);
#15870 = AXIS2_PLACEMENT_3D('',#15871,#15872,#15873);
#15871 = CARTESIAN_POINT('',(165.64777906494,-77.84462923059,0.));
#15872 = DIRECTION('',(-0.,-0.,-1.));
#15873 = DIRECTION('',(-0.999958897481,9.066606207091E-03,0.));
#15874 = ADVANCED_FACE('',(#15875),#15886,.T.);
#15875 = FACE_BOUND('',#15876,.T.);
#15876 = EDGE_LOOP('',(#15877,#15883,#15884,#15885));
#15877 = ORIENTED_EDGE('',*,*,#15878,.T.);
#15878 = EDGE_CURVE('',#3572,#7963,#15879,.T.);
#15879 = LINE('',#15880,#15881);
#15880 = CARTESIAN_POINT('',(179.145327,-77.906774,0.));
#15881 = VECTOR('',#15882,1.);
#15882 = DIRECTION('',(0.,0.,1.));
#15883 = ORIENTED_EDGE('',*,*,#7962,.T.);
#15884 = ORIENTED_EDGE('',*,*,#15844,.F.);
#15885 = ORIENTED_EDGE('',*,*,#3571,.F.);
#15886 = PLANE('',#15887);
#15887 = AXIS2_PLACEMENT_3D('',#15888,#15889,#15890);
#15888 = CARTESIAN_POINT('',(179.145327,-77.906774,0.));
#15889 = DIRECTION('',(-0.999465862088,3.268012423627E-02,0.));
#15890 = DIRECTION('',(3.268012423627E-02,0.999465862088,0.));
#15891 = ADVANCED_FACE('',(#15892),#15903,.T.);
#15892 = FACE_BOUND('',#15893,.T.);
#15893 = EDGE_LOOP('',(#15894,#15895,#15896,#15902));
#15894 = ORIENTED_EDGE('',*,*,#15863,.T.);
#15895 = ORIENTED_EDGE('',*,*,#7987,.T.);
#15896 = ORIENTED_EDGE('',*,*,#15897,.F.);
#15897 = EDGE_CURVE('',#3589,#7980,#15898,.T.);
#15898 = LINE('',#15899,#15900);
#15899 = CARTESIAN_POINT('',(165.64747,-78.341234,0.));
#15900 = VECTOR('',#15901,1.);
#15901 = DIRECTION('',(0.,0.,1.));
#15902 = ORIENTED_EDGE('',*,*,#3596,.F.);
#15903 = PLANE('',#15904);
#15904 = AXIS2_PLACEMENT_3D('',#15905,#15906,#15907);
#15905 = CARTESIAN_POINT('',(165.58466,-78.338175,0.));
#15906 = DIRECTION('',(4.864477914795E-02,0.998816141971,-0.));
#15907 = DIRECTION('',(0.998816141971,-4.864477914795E-02,0.));
#15908 = ADVANCED_FACE('',(#15909),#15920,.F.);
#15909 = FACE_BOUND('',#15910,.T.);
#15910 = EDGE_LOOP('',(#15911,#15917,#15918,#15919));
#15911 = ORIENTED_EDGE('',*,*,#15912,.T.);
#15912 = EDGE_CURVE('',#3580,#7971,#15913,.T.);
#15913 = LINE('',#15914,#15915);
#15914 = CARTESIAN_POINT('',(178.64747,-78.341234,0.));
#15915 = VECTOR('',#15916,1.);
#15916 = DIRECTION('',(0.,0.,1.));
#15917 = ORIENTED_EDGE('',*,*,#7970,.T.);
#15918 = ORIENTED_EDGE('',*,*,#15878,.F.);
#15919 = ORIENTED_EDGE('',*,*,#3579,.F.);
#15920 = CYLINDRICAL_SURFACE('',#15921,0.497940142437);
#15921 = AXIS2_PLACEMENT_3D('',#15922,#15923,#15924);
#15922 = CARTESIAN_POINT('',(178.65144779014,-77.84330974608,0.));
#15923 = DIRECTION('',(-0.,-0.,-1.));
#15924 = DIRECTION('',(-7.98849059914E-03,-0.9999680915,0.));
#15925 = ADVANCED_FACE('',(#15926),#15932,.T.);
#15926 = FACE_BOUND('',#15927,.T.);
#15927 = EDGE_LOOP('',(#15928,#15929,#15930,#15931));
#15928 = ORIENTED_EDGE('',*,*,#15897,.T.);
#15929 = ORIENTED_EDGE('',*,*,#7979,.T.);
#15930 = ORIENTED_EDGE('',*,*,#15912,.F.);
#15931 = ORIENTED_EDGE('',*,*,#3588,.F.);
#15932 = PLANE('',#15933);
#15933 = AXIS2_PLACEMENT_3D('',#15934,#15935,#15936);
#15934 = CARTESIAN_POINT('',(165.64747,-78.341234,0.));
#15935 = DIRECTION('',(0.,1.,0.));
#15936 = DIRECTION('',(1.,0.,0.));
#15937 = ADVANCED_FACE('',(#15938),#15954,.F.);
#15938 = FACE_BOUND('',#15939,.T.);
#15939 = EDGE_LOOP('',(#15940,#15946,#15947,#15953));
#15940 = ORIENTED_EDGE('',*,*,#15941,.T.);
#15941 = EDGE_CURVE('',#3638,#8029,#15942,.T.);
#15942 = LINE('',#15943,#15944);
#15943 = CARTESIAN_POINT('',(189.45997,-59.578734,0.));
#15944 = VECTOR('',#15945,1.);
#15945 = DIRECTION('',(0.,0.,1.));
#15946 = ORIENTED_EDGE('',*,*,#8028,.T.);
#15947 = ORIENTED_EDGE('',*,*,#15948,.F.);
#15948 = EDGE_CURVE('',#3640,#8031,#15949,.T.);
#15949 = LINE('',#15950,#15951);
#15950 = CARTESIAN_POINT('',(188.961913,-60.01316,0.));
#15951 = VECTOR('',#15952,1.);
#15952 = DIRECTION('',(0.,0.,1.));
#15953 = ORIENTED_EDGE('',*,*,#3637,.F.);
#15954 = CYLINDRICAL_SURFACE('',#15955,0.497554635006);
#15955 = AXIS2_PLACEMENT_3D('',#15956,#15957,#15958);
#15956 = CARTESIAN_POINT('',(189.45544920228,-60.07626809652,0.));
#15957 = DIRECTION('',(-0.,-0.,-1.));
#15958 = DIRECTION('',(9.086032757149E-03,0.999958721152,-0.));
#15959 = ADVANCED_FACE('',(#15960),#15971,.T.);
#15960 = FACE_BOUND('',#15961,.T.);
#15961 = EDGE_LOOP('',(#15962,#15968,#15969,#15970));
#15962 = ORIENTED_EDGE('',*,*,#15963,.T.);
#15963 = EDGE_CURVE('',#3649,#8040,#15964,.T.);
#15964 = LINE('',#15965,#15966);
#15965 = CARTESIAN_POINT('',(202.45997,-59.578734,0.));
#15966 = VECTOR('',#15967,1.);
#15967 = DIRECTION('',(0.,0.,1.));
#15968 = ORIENTED_EDGE('',*,*,#8039,.T.);
#15969 = ORIENTED_EDGE('',*,*,#15941,.F.);
#15970 = ORIENTED_EDGE('',*,*,#3648,.F.);
#15971 = PLANE('',#15972);
#15972 = AXIS2_PLACEMENT_3D('',#15973,#15974,#15975);
#15973 = CARTESIAN_POINT('',(202.45997,-59.578734,0.));
#15974 = DIRECTION('',(0.,-1.,0.));
#15975 = DIRECTION('',(-1.,0.,0.));
#15976 = ADVANCED_FACE('',(#15977),#15988,.T.);
#15977 = FACE_BOUND('',#15978,.T.);
#15978 = EDGE_LOOP('',(#15979,#15980,#15981,#15987));
#15979 = ORIENTED_EDGE('',*,*,#15948,.T.);
#15980 = ORIENTED_EDGE('',*,*,#8130,.T.);
#15981 = ORIENTED_EDGE('',*,*,#15982,.F.);
#15982 = EDGE_CURVE('',#3732,#8123,#15983,.T.);
#15983 = LINE('',#15984,#15985);
#15984 = CARTESIAN_POINT('',(188.95997,-60.078734,0.));
#15985 = VECTOR('',#15986,1.);
#15986 = DIRECTION('',(0.,0.,1.));
#15987 = ORIENTED_EDGE('',*,*,#3739,.F.);
#15988 = PLANE('',#15989);
#15989 = AXIS2_PLACEMENT_3D('',#15990,#15991,#15992);
#15990 = CARTESIAN_POINT('',(188.961913,-60.01316,0.));
#15991 = DIRECTION('',(0.999561301254,-2.961764736554E-02,0.));
#15992 = DIRECTION('',(-2.961764736554E-02,-0.999561301254,0.));
#15993 = ADVANCED_FACE('',(#15994),#16005,.T.);
#15994 = FACE_BOUND('',#15995,.T.);
#15995 = EDGE_LOOP('',(#15996,#16002,#16003,#16004));
#15996 = ORIENTED_EDGE('',*,*,#15997,.T.);
#15997 = EDGE_CURVE('',#3657,#8048,#15998,.T.);
#15998 = LINE('',#15999,#16000);
#15999 = CARTESIAN_POINT('',(202.525541,-59.580678,0.));
#16000 = VECTOR('',#16001,1.);
#16001 = DIRECTION('',(0.,0.,1.));
#16002 = ORIENTED_EDGE('',*,*,#8047,.T.);
#16003 = ORIENTED_EDGE('',*,*,#15963,.F.);
#16004 = ORIENTED_EDGE('',*,*,#3656,.F.);
#16005 = PLANE('',#16006);
#16006 = AXIS2_PLACEMENT_3D('',#16007,#16008,#16009);
#16007 = CARTESIAN_POINT('',(202.525541,-59.580678,0.));
#16008 = DIRECTION('',(-2.963423181093E-02,-0.999560809708,0.));
#16009 = DIRECTION('',(-0.999560809708,2.963423181093E-02,0.));
#16010 = ADVANCED_FACE('',(#16011),#16022,.T.);
#16011 = FACE_BOUND('',#16012,.T.);
#16012 = EDGE_LOOP('',(#16013,#16014,#16015,#16021));
#16013 = ORIENTED_EDGE('',*,*,#15982,.T.);
#16014 = ORIENTED_EDGE('',*,*,#8122,.T.);
#16015 = ORIENTED_EDGE('',*,*,#16016,.F.);
#16016 = EDGE_CURVE('',#3724,#8115,#16017,.T.);
#16017 = LINE('',#16018,#16019);
#16018 = CARTESIAN_POINT('',(188.95997,-73.078734,0.));
#16019 = VECTOR('',#16020,1.);
#16020 = DIRECTION('',(0.,0.,1.));
#16021 = ORIENTED_EDGE('',*,*,#3731,.F.);
#16022 = PLANE('',#16023);
#16023 = AXIS2_PLACEMENT_3D('',#16024,#16025,#16026);
#16024 = CARTESIAN_POINT('',(188.95997,-60.078734,0.));
#16025 = DIRECTION('',(1.,0.,-0.));
#16026 = DIRECTION('',(0.,-1.,0.));
#16027 = ADVANCED_FACE('',(#16028),#16039,.F.);
#16028 = FACE_BOUND('',#16029,.T.);
#16029 = EDGE_LOOP('',(#16030,#16036,#16037,#16038));
#16030 = ORIENTED_EDGE('',*,*,#16031,.T.);
#16031 = EDGE_CURVE('',#3665,#8056,#16032,.T.);
#16032 = LINE('',#16033,#16034);
#16033 = CARTESIAN_POINT('',(202.95997,-60.078734,0.));
#16034 = VECTOR('',#16035,1.);
#16035 = DIRECTION('',(0.,0.,1.));
#16036 = ORIENTED_EDGE('',*,*,#8055,.T.);
#16037 = ORIENTED_EDGE('',*,*,#15997,.F.);
#16038 = ORIENTED_EDGE('',*,*,#3664,.F.);
#16039 = CYLINDRICAL_SURFACE('',#16040,0.49762810037);
#16040 = AXIS2_PLACEMENT_3D('',#16041,#16042,#16043);
#16041 = CARTESIAN_POINT('',(202.46236184008,-60.07427917507,0.));
#16042 = DIRECTION('',(-0.,-0.,-1.));
#16043 = DIRECTION('',(0.999959928999,-8.952116905798E-03,0.));
#16044 = ADVANCED_FACE('',(#16045),#16056,.T.);
#16045 = FACE_BOUND('',#16046,.T.);
#16046 = EDGE_LOOP('',(#16047,#16048,#16049,#16055));
#16047 = ORIENTED_EDGE('',*,*,#16016,.T.);
#16048 = ORIENTED_EDGE('',*,*,#8114,.T.);
#16049 = ORIENTED_EDGE('',*,*,#16050,.F.);
#16050 = EDGE_CURVE('',#3715,#8106,#16051,.T.);
#16051 = LINE('',#16052,#16053);
#16052 = CARTESIAN_POINT('',(188.962734,-73.077618,0.));
#16053 = VECTOR('',#16054,1.);
#16054 = DIRECTION('',(0.,0.,1.));
#16055 = ORIENTED_EDGE('',*,*,#3723,.F.);
#16056 = PLANE('',#16057);
#16057 = AXIS2_PLACEMENT_3D('',#16058,#16059,#16060);
#16058 = CARTESIAN_POINT('',(188.95997,-73.078734,0.));
#16059 = DIRECTION('',(-0.374396485845,0.927268715846,0.));
#16060 = DIRECTION('',(0.927268715846,0.374396485845,0.));
#16061 = ADVANCED_FACE('',(#16062),#16073,.T.);
#16062 = FACE_BOUND('',#16063,.T.);
#16063 = EDGE_LOOP('',(#16064,#16070,#16071,#16072));
#16064 = ORIENTED_EDGE('',*,*,#16065,.T.);
#16065 = EDGE_CURVE('',#3674,#8065,#16066,.T.);
#16066 = LINE('',#16067,#16068);
#16067 = CARTESIAN_POINT('',(202.95997,-73.078734,0.));
#16068 = VECTOR('',#16069,1.);
#16069 = DIRECTION('',(0.,0.,1.));
#16070 = ORIENTED_EDGE('',*,*,#8064,.T.);
#16071 = ORIENTED_EDGE('',*,*,#16031,.F.);
#16072 = ORIENTED_EDGE('',*,*,#3673,.F.);
#16073 = PLANE('',#16074);
#16074 = AXIS2_PLACEMENT_3D('',#16075,#16076,#16077);
#16075 = CARTESIAN_POINT('',(202.95997,-73.078734,0.));
#16076 = DIRECTION('',(-1.,0.,0.));
#16077 = DIRECTION('',(0.,1.,0.));
#16078 = ADVANCED_FACE('',(#16079),#16090,.F.);
#16079 = FACE_BOUND('',#16080,.T.);
#16080 = EDGE_LOOP('',(#16081,#16082,#16083,#16089));
#16081 = ORIENTED_EDGE('',*,*,#16050,.T.);
#16082 = ORIENTED_EDGE('',*,*,#8105,.T.);
#16083 = ORIENTED_EDGE('',*,*,#16084,.F.);
#16084 = EDGE_CURVE('',#3707,#8098,#16085,.T.);
#16085 = LINE('',#16086,#16087);
#16086 = CARTESIAN_POINT('',(189.39716,-73.575675,0.));
#16087 = VECTOR('',#16088,1.);
#16088 = DIRECTION('',(0.,0.,1.));
#16089 = ORIENTED_EDGE('',*,*,#3714,.F.);
#16090 = CYLINDRICAL_SURFACE('',#16091,0.497565516144);
#16091 = AXIS2_PLACEMENT_3D('',#16092,#16093,#16094);
#16092 = CARTESIAN_POINT('',(189.46027906494,-73.08212923059,0.));
#16093 = DIRECTION('',(-0.,-0.,-1.));
#16094 = DIRECTION('',(-0.999958897481,9.06660620712E-03,0.));
#16095 = ADVANCED_FACE('',(#16096),#16107,.T.);
#16096 = FACE_BOUND('',#16097,.T.);
#16097 = EDGE_LOOP('',(#16098,#16104,#16105,#16106));
#16098 = ORIENTED_EDGE('',*,*,#16099,.T.);
#16099 = EDGE_CURVE('',#3682,#8073,#16100,.T.);
#16100 = LINE('',#16101,#16102);
#16101 = CARTESIAN_POINT('',(202.957827,-73.144274,0.));
#16102 = VECTOR('',#16103,1.);
#16103 = DIRECTION('',(0.,0.,1.));
#16104 = ORIENTED_EDGE('',*,*,#8072,.T.);
#16105 = ORIENTED_EDGE('',*,*,#16065,.F.);
#16106 = ORIENTED_EDGE('',*,*,#3681,.F.);
#16107 = PLANE('',#16108);
#16108 = AXIS2_PLACEMENT_3D('',#16109,#16110,#16111);
#16109 = CARTESIAN_POINT('',(202.957827,-73.144274,0.));
#16110 = DIRECTION('',(-0.999465862088,3.268012423627E-02,0.));
#16111 = DIRECTION('',(3.268012423627E-02,0.999465862088,0.));
#16112 = ADVANCED_FACE('',(#16113),#16124,.T.);
#16113 = FACE_BOUND('',#16114,.T.);
#16114 = EDGE_LOOP('',(#16115,#16116,#16117,#16123));
#16115 = ORIENTED_EDGE('',*,*,#16084,.T.);
#16116 = ORIENTED_EDGE('',*,*,#8097,.T.);
#16117 = ORIENTED_EDGE('',*,*,#16118,.F.);
#16118 = EDGE_CURVE('',#3699,#8090,#16119,.T.);
#16119 = LINE('',#16120,#16121);
#16120 = CARTESIAN_POINT('',(189.45997,-73.578734,0.));
#16121 = VECTOR('',#16122,1.);
#16122 = DIRECTION('',(0.,0.,1.));
#16123 = ORIENTED_EDGE('',*,*,#3706,.F.);
#16124 = PLANE('',#16125);
#16125 = AXIS2_PLACEMENT_3D('',#16126,#16127,#16128);
#16126 = CARTESIAN_POINT('',(189.39716,-73.575675,0.));
#16127 = DIRECTION('',(4.864477914795E-02,0.998816141971,-0.));
#16128 = DIRECTION('',(0.998816141971,-4.864477914795E-02,0.));
#16129 = ADVANCED_FACE('',(#16130),#16141,.F.);
#16130 = FACE_BOUND('',#16131,.T.);
#16131 = EDGE_LOOP('',(#16132,#16138,#16139,#16140));
#16132 = ORIENTED_EDGE('',*,*,#16133,.T.);
#16133 = EDGE_CURVE('',#3690,#8081,#16134,.T.);
#16134 = LINE('',#16135,#16136);
#16135 = CARTESIAN_POINT('',(202.45997,-73.578734,0.));
#16136 = VECTOR('',#16137,1.);
#16137 = DIRECTION('',(0.,0.,1.));
#16138 = ORIENTED_EDGE('',*,*,#8080,.T.);
#16139 = ORIENTED_EDGE('',*,*,#16099,.F.);
#16140 = ORIENTED_EDGE('',*,*,#3689,.F.);
#16141 = CYLINDRICAL_SURFACE('',#16142,0.497940142437);
#16142 = AXIS2_PLACEMENT_3D('',#16143,#16144,#16145);
#16143 = CARTESIAN_POINT('',(202.46394779014,-73.08080974608,0.));
#16144 = DIRECTION('',(-0.,-0.,-1.));
#16145 = DIRECTION('',(-7.988490599139E-03,-0.9999680915,0.));
#16146 = ADVANCED_FACE('',(#16147),#16153,.T.);
#16147 = FACE_BOUND('',#16148,.T.);
#16148 = EDGE_LOOP('',(#16149,#16150,#16151,#16152));
#16149 = ORIENTED_EDGE('',*,*,#16118,.T.);
#16150 = ORIENTED_EDGE('',*,*,#8089,.T.);
#16151 = ORIENTED_EDGE('',*,*,#16133,.F.);
#16152 = ORIENTED_EDGE('',*,*,#3698,.F.);
#16153 = PLANE('',#16154);
#16154 = AXIS2_PLACEMENT_3D('',#16155,#16156,#16157);
#16155 = CARTESIAN_POINT('',(189.45997,-73.578734,0.));
#16156 = DIRECTION('',(0.,1.,0.));
#16157 = DIRECTION('',(1.,0.,0.));
#16158 = ADVANCED_FACE('',(#16159),#16175,.F.);
#16159 = FACE_BOUND('',#16160,.T.);
#16160 = EDGE_LOOP('',(#16161,#16167,#16168,#16174));
#16161 = ORIENTED_EDGE('',*,*,#16162,.T.);
#16162 = EDGE_CURVE('',#3748,#8139,#16163,.T.);
#16163 = LINE('',#16164,#16165);
#16164 = CARTESIAN_POINT('',(208.50997,-59.578734,0.));
#16165 = VECTOR('',#16166,1.);
#16166 = DIRECTION('',(0.,0.,1.));
#16167 = ORIENTED_EDGE('',*,*,#8138,.T.);
#16168 = ORIENTED_EDGE('',*,*,#16169,.F.);
#16169 = EDGE_CURVE('',#3750,#8141,#16170,.T.);
#16170 = LINE('',#16171,#16172);
#16171 = CARTESIAN_POINT('',(208.011913,-60.01316,0.));
#16172 = VECTOR('',#16173,1.);
#16173 = DIRECTION('',(0.,0.,1.));
#16174 = ORIENTED_EDGE('',*,*,#3747,.F.);
#16175 = CYLINDRICAL_SURFACE('',#16176,0.497554635006);
#16176 = AXIS2_PLACEMENT_3D('',#16177,#16178,#16179);
#16177 = CARTESIAN_POINT('',(208.50544920228,-60.07626809652,0.));
#16178 = DIRECTION('',(-0.,-0.,-1.));
#16179 = DIRECTION('',(9.086032757206E-03,0.999958721152,-0.));
#16180 = ADVANCED_FACE('',(#16181),#16192,.T.);
#16181 = FACE_BOUND('',#16182,.T.);
#16182 = EDGE_LOOP('',(#16183,#16189,#16190,#16191));
#16183 = ORIENTED_EDGE('',*,*,#16184,.T.);
#16184 = EDGE_CURVE('',#3759,#8150,#16185,.T.);
#16185 = LINE('',#16186,#16187);
#16186 = CARTESIAN_POINT('',(221.50997,-59.578734,0.));
#16187 = VECTOR('',#16188,1.);
#16188 = DIRECTION('',(0.,0.,1.));
#16189 = ORIENTED_EDGE('',*,*,#8149,.T.);
#16190 = ORIENTED_EDGE('',*,*,#16162,.F.);
#16191 = ORIENTED_EDGE('',*,*,#3758,.F.);
#16192 = PLANE('',#16193);
#16193 = AXIS2_PLACEMENT_3D('',#16194,#16195,#16196);
#16194 = CARTESIAN_POINT('',(221.50997,-59.578734,0.));
#16195 = DIRECTION('',(0.,-1.,0.));
#16196 = DIRECTION('',(-1.,0.,0.));
#16197 = ADVANCED_FACE('',(#16198),#16209,.T.);
#16198 = FACE_BOUND('',#16199,.T.);
#16199 = EDGE_LOOP('',(#16200,#16201,#16202,#16208));
#16200 = ORIENTED_EDGE('',*,*,#16169,.T.);
#16201 = ORIENTED_EDGE('',*,*,#8240,.T.);
#16202 = ORIENTED_EDGE('',*,*,#16203,.F.);
#16203 = EDGE_CURVE('',#3842,#8233,#16204,.T.);
#16204 = LINE('',#16205,#16206);
#16205 = CARTESIAN_POINT('',(208.00997,-60.078734,0.));
#16206 = VECTOR('',#16207,1.);
#16207 = DIRECTION('',(0.,0.,1.));
#16208 = ORIENTED_EDGE('',*,*,#3849,.F.);
#16209 = PLANE('',#16210);
#16210 = AXIS2_PLACEMENT_3D('',#16211,#16212,#16213);
#16211 = CARTESIAN_POINT('',(208.011913,-60.01316,0.));
#16212 = DIRECTION('',(0.999561301254,-2.961764736511E-02,0.));
#16213 = DIRECTION('',(-2.961764736511E-02,-0.999561301254,0.));
#16214 = ADVANCED_FACE('',(#16215),#16226,.T.);
#16215 = FACE_BOUND('',#16216,.T.);
#16216 = EDGE_LOOP('',(#16217,#16223,#16224,#16225));
#16217 = ORIENTED_EDGE('',*,*,#16218,.T.);
#16218 = EDGE_CURVE('',#3767,#8158,#16219,.T.);
#16219 = LINE('',#16220,#16221);
#16220 = CARTESIAN_POINT('',(221.575541,-59.580678,0.));
#16221 = VECTOR('',#16222,1.);
#16222 = DIRECTION('',(0.,0.,1.));
#16223 = ORIENTED_EDGE('',*,*,#8157,.T.);
#16224 = ORIENTED_EDGE('',*,*,#16184,.F.);
#16225 = ORIENTED_EDGE('',*,*,#3766,.F.);
#16226 = PLANE('',#16227);
#16227 = AXIS2_PLACEMENT_3D('',#16228,#16229,#16230);
#16228 = CARTESIAN_POINT('',(221.575541,-59.580678,0.));
#16229 = DIRECTION('',(-2.963423181095E-02,-0.999560809708,0.));
#16230 = DIRECTION('',(-0.999560809708,2.963423181095E-02,0.));
#16231 = ADVANCED_FACE('',(#16232),#16243,.T.);
#16232 = FACE_BOUND('',#16233,.T.);
#16233 = EDGE_LOOP('',(#16234,#16235,#16236,#16242));
#16234 = ORIENTED_EDGE('',*,*,#16203,.T.);
#16235 = ORIENTED_EDGE('',*,*,#8232,.T.);
#16236 = ORIENTED_EDGE('',*,*,#16237,.F.);
#16237 = EDGE_CURVE('',#3834,#8225,#16238,.T.);
#16238 = LINE('',#16239,#16240);
#16239 = CARTESIAN_POINT('',(208.00997,-73.078734,0.));
#16240 = VECTOR('',#16241,1.);
#16241 = DIRECTION('',(0.,0.,1.));
#16242 = ORIENTED_EDGE('',*,*,#3841,.F.);
#16243 = PLANE('',#16244);
#16244 = AXIS2_PLACEMENT_3D('',#16245,#16246,#16247);
#16245 = CARTESIAN_POINT('',(208.00997,-60.078734,0.));
#16246 = DIRECTION('',(1.,0.,-0.));
#16247 = DIRECTION('',(0.,-1.,0.));
#16248 = ADVANCED_FACE('',(#16249),#16260,.F.);
#16249 = FACE_BOUND('',#16250,.T.);
#16250 = EDGE_LOOP('',(#16251,#16257,#16258,#16259));
#16251 = ORIENTED_EDGE('',*,*,#16252,.T.);
#16252 = EDGE_CURVE('',#3775,#8166,#16253,.T.);
#16253 = LINE('',#16254,#16255);
#16254 = CARTESIAN_POINT('',(222.00997,-60.078734,0.));
#16255 = VECTOR('',#16256,1.);
#16256 = DIRECTION('',(0.,0.,1.));
#16257 = ORIENTED_EDGE('',*,*,#8165,.T.);
#16258 = ORIENTED_EDGE('',*,*,#16218,.F.);
#16259 = ORIENTED_EDGE('',*,*,#3774,.F.);
#16260 = CYLINDRICAL_SURFACE('',#16261,0.49762810037);
#16261 = AXIS2_PLACEMENT_3D('',#16262,#16263,#16264);
#16262 = CARTESIAN_POINT('',(221.51236184008,-60.07427917507,0.));
#16263 = DIRECTION('',(-0.,-0.,-1.));
#16264 = DIRECTION('',(0.999959928999,-8.952116905813E-03,0.));
#16265 = ADVANCED_FACE('',(#16266),#16277,.T.);
#16266 = FACE_BOUND('',#16267,.T.);
#16267 = EDGE_LOOP('',(#16268,#16269,#16270,#16276));
#16268 = ORIENTED_EDGE('',*,*,#16237,.T.);
#16269 = ORIENTED_EDGE('',*,*,#8224,.T.);
#16270 = ORIENTED_EDGE('',*,*,#16271,.F.);
#16271 = EDGE_CURVE('',#3825,#8216,#16272,.T.);
#16272 = LINE('',#16273,#16274);
#16273 = CARTESIAN_POINT('',(208.012734,-73.077618,0.));
#16274 = VECTOR('',#16275,1.);
#16275 = DIRECTION('',(0.,0.,1.));
#16276 = ORIENTED_EDGE('',*,*,#3833,.F.);
#16277 = PLANE('',#16278);
#16278 = AXIS2_PLACEMENT_3D('',#16279,#16280,#16281);
#16279 = CARTESIAN_POINT('',(208.00997,-73.078734,0.));
#16280 = DIRECTION('',(-0.374396485848,0.927268715845,0.));
#16281 = DIRECTION('',(0.927268715845,0.374396485848,0.));
#16282 = ADVANCED_FACE('',(#16283),#16294,.T.);
#16283 = FACE_BOUND('',#16284,.T.);
#16284 = EDGE_LOOP('',(#16285,#16291,#16292,#16293));
#16285 = ORIENTED_EDGE('',*,*,#16286,.T.);
#16286 = EDGE_CURVE('',#3784,#8175,#16287,.T.);
#16287 = LINE('',#16288,#16289);
#16288 = CARTESIAN_POINT('',(222.00997,-73.078734,0.));
#16289 = VECTOR('',#16290,1.);
#16290 = DIRECTION('',(0.,0.,1.));
#16291 = ORIENTED_EDGE('',*,*,#8174,.T.);
#16292 = ORIENTED_EDGE('',*,*,#16252,.F.);
#16293 = ORIENTED_EDGE('',*,*,#3783,.F.);
#16294 = PLANE('',#16295);
#16295 = AXIS2_PLACEMENT_3D('',#16296,#16297,#16298);
#16296 = CARTESIAN_POINT('',(222.00997,-73.078734,0.));
#16297 = DIRECTION('',(-1.,0.,0.));
#16298 = DIRECTION('',(0.,1.,0.));
#16299 = ADVANCED_FACE('',(#16300),#16311,.F.);
#16300 = FACE_BOUND('',#16301,.T.);
#16301 = EDGE_LOOP('',(#16302,#16303,#16304,#16310));
#16302 = ORIENTED_EDGE('',*,*,#16271,.T.);
#16303 = ORIENTED_EDGE('',*,*,#8215,.T.);
#16304 = ORIENTED_EDGE('',*,*,#16305,.F.);
#16305 = EDGE_CURVE('',#3817,#8208,#16306,.T.);
#16306 = LINE('',#16307,#16308);
#16307 = CARTESIAN_POINT('',(208.44716,-73.575675,0.));
#16308 = VECTOR('',#16309,1.);
#16309 = DIRECTION('',(0.,0.,1.));
#16310 = ORIENTED_EDGE('',*,*,#3824,.F.);
#16311 = CYLINDRICAL_SURFACE('',#16312,0.497565516144);
#16312 = AXIS2_PLACEMENT_3D('',#16313,#16314,#16315);
#16313 = CARTESIAN_POINT('',(208.51027906494,-73.08212923059,0.));
#16314 = DIRECTION('',(-0.,-0.,-1.));
#16315 = DIRECTION('',(-0.999958897481,9.066606206975E-03,0.));
#16316 = ADVANCED_FACE('',(#16317),#16328,.T.);
#16317 = FACE_BOUND('',#16318,.T.);
#16318 = EDGE_LOOP('',(#16319,#16325,#16326,#16327));
#16319 = ORIENTED_EDGE('',*,*,#16320,.T.);
#16320 = EDGE_CURVE('',#3792,#8183,#16321,.T.);
#16321 = LINE('',#16322,#16323);
#16322 = CARTESIAN_POINT('',(222.007827,-73.144274,0.));
#16323 = VECTOR('',#16324,1.);
#16324 = DIRECTION('',(0.,0.,1.));
#16325 = ORIENTED_EDGE('',*,*,#8182,.T.);
#16326 = ORIENTED_EDGE('',*,*,#16286,.F.);
#16327 = ORIENTED_EDGE('',*,*,#3791,.F.);
#16328 = PLANE('',#16329);
#16329 = AXIS2_PLACEMENT_3D('',#16330,#16331,#16332);
#16330 = CARTESIAN_POINT('',(222.007827,-73.144274,0.));
#16331 = DIRECTION('',(-0.999465862088,3.26801242367E-02,0.));
#16332 = DIRECTION('',(3.26801242367E-02,0.999465862088,0.));
#16333 = ADVANCED_FACE('',(#16334),#16345,.T.);
#16334 = FACE_BOUND('',#16335,.T.);
#16335 = EDGE_LOOP('',(#16336,#16337,#16338,#16344));
#16336 = ORIENTED_EDGE('',*,*,#16305,.T.);
#16337 = ORIENTED_EDGE('',*,*,#8207,.T.);
#16338 = ORIENTED_EDGE('',*,*,#16339,.F.);
#16339 = EDGE_CURVE('',#3809,#8200,#16340,.T.);
#16340 = LINE('',#16341,#16342);
#16341 = CARTESIAN_POINT('',(208.50997,-73.578734,0.));
#16342 = VECTOR('',#16343,1.);
#16343 = DIRECTION('',(0.,0.,1.));
#16344 = ORIENTED_EDGE('',*,*,#3816,.F.);
#16345 = PLANE('',#16346);
#16346 = AXIS2_PLACEMENT_3D('',#16347,#16348,#16349);
#16347 = CARTESIAN_POINT('',(208.44716,-73.575675,0.));
#16348 = DIRECTION('',(4.864477914793E-02,0.998816141971,-0.));
#16349 = DIRECTION('',(0.998816141971,-4.864477914793E-02,0.));
#16350 = ADVANCED_FACE('',(#16351),#16362,.F.);
#16351 = FACE_BOUND('',#16352,.T.);
#16352 = EDGE_LOOP('',(#16353,#16359,#16360,#16361));
#16353 = ORIENTED_EDGE('',*,*,#16354,.T.);
#16354 = EDGE_CURVE('',#3800,#8191,#16355,.T.);
#16355 = LINE('',#16356,#16357);
#16356 = CARTESIAN_POINT('',(221.50997,-73.578734,0.));
#16357 = VECTOR('',#16358,1.);
#16358 = DIRECTION('',(0.,0.,1.));
#16359 = ORIENTED_EDGE('',*,*,#8190,.T.);
#16360 = ORIENTED_EDGE('',*,*,#16320,.F.);
#16361 = ORIENTED_EDGE('',*,*,#3799,.F.);
#16362 = CYLINDRICAL_SURFACE('',#16363,0.497940142437);
#16363 = AXIS2_PLACEMENT_3D('',#16364,#16365,#16366);
#16364 = CARTESIAN_POINT('',(221.51394779014,-73.08080974608,0.));
#16365 = DIRECTION('',(-0.,-0.,-1.));
#16366 = DIRECTION('',(-7.988490599025E-03,-0.9999680915,0.));
#16367 = ADVANCED_FACE('',(#16368),#16374,.T.);
#16368 = FACE_BOUND('',#16369,.T.);
#16369 = EDGE_LOOP('',(#16370,#16371,#16372,#16373));
#16370 = ORIENTED_EDGE('',*,*,#16339,.T.);
#16371 = ORIENTED_EDGE('',*,*,#8199,.T.);
#16372 = ORIENTED_EDGE('',*,*,#16354,.F.);
#16373 = ORIENTED_EDGE('',*,*,#3808,.F.);
#16374 = PLANE('',#16375);
#16375 = AXIS2_PLACEMENT_3D('',#16376,#16377,#16378);
#16376 = CARTESIAN_POINT('',(208.50997,-73.578734,0.));
#16377 = DIRECTION('',(0.,1.,0.));
#16378 = DIRECTION('',(1.,0.,0.));
#16379 = ADVANCED_FACE('',(#16380),#16396,.F.);
#16380 = FACE_BOUND('',#16381,.T.);
#16381 = EDGE_LOOP('',(#16382,#16388,#16389,#16395));
#16382 = ORIENTED_EDGE('',*,*,#16383,.T.);
#16383 = EDGE_CURVE('',#3858,#8249,#16384,.T.);
#16384 = LINE('',#16385,#16386);
#16385 = CARTESIAN_POINT('',(227.55997,-59.578734,0.));
#16386 = VECTOR('',#16387,1.);
#16387 = DIRECTION('',(0.,0.,1.));
#16388 = ORIENTED_EDGE('',*,*,#8248,.T.);
#16389 = ORIENTED_EDGE('',*,*,#16390,.F.);
#16390 = EDGE_CURVE('',#3860,#8251,#16391,.T.);
#16391 = LINE('',#16392,#16393);
#16392 = CARTESIAN_POINT('',(227.061913,-60.01316,0.));
#16393 = VECTOR('',#16394,1.);
#16394 = DIRECTION('',(0.,0.,1.));
#16395 = ORIENTED_EDGE('',*,*,#3857,.F.);
#16396 = CYLINDRICAL_SURFACE('',#16397,0.497554635006);
#16397 = AXIS2_PLACEMENT_3D('',#16398,#16399,#16400);
#16398 = CARTESIAN_POINT('',(227.55544920228,-60.07626809652,0.));
#16399 = DIRECTION('',(-0.,-0.,-1.));
#16400 = DIRECTION('',(9.086032757207E-03,0.999958721152,-0.));
#16401 = ADVANCED_FACE('',(#16402),#16413,.T.);
#16402 = FACE_BOUND('',#16403,.T.);
#16403 = EDGE_LOOP('',(#16404,#16410,#16411,#16412));
#16404 = ORIENTED_EDGE('',*,*,#16405,.T.);
#16405 = EDGE_CURVE('',#3869,#8260,#16406,.T.);
#16406 = LINE('',#16407,#16408);
#16407 = CARTESIAN_POINT('',(240.55997,-59.578734,0.));
#16408 = VECTOR('',#16409,1.);
#16409 = DIRECTION('',(0.,0.,1.));
#16410 = ORIENTED_EDGE('',*,*,#8259,.T.);
#16411 = ORIENTED_EDGE('',*,*,#16383,.F.);
#16412 = ORIENTED_EDGE('',*,*,#3868,.F.);
#16413 = PLANE('',#16414);
#16414 = AXIS2_PLACEMENT_3D('',#16415,#16416,#16417);
#16415 = CARTESIAN_POINT('',(240.55997,-59.578734,0.));
#16416 = DIRECTION('',(0.,-1.,0.));
#16417 = DIRECTION('',(-1.,0.,0.));
#16418 = ADVANCED_FACE('',(#16419),#16430,.T.);
#16419 = FACE_BOUND('',#16420,.T.);
#16420 = EDGE_LOOP('',(#16421,#16422,#16423,#16429));
#16421 = ORIENTED_EDGE('',*,*,#16390,.T.);
#16422 = ORIENTED_EDGE('',*,*,#8350,.T.);
#16423 = ORIENTED_EDGE('',*,*,#16424,.F.);
#16424 = EDGE_CURVE('',#3952,#8343,#16425,.T.);
#16425 = LINE('',#16426,#16427);
#16426 = CARTESIAN_POINT('',(227.05997,-60.078734,0.));
#16427 = VECTOR('',#16428,1.);
#16428 = DIRECTION('',(0.,0.,1.));
#16429 = ORIENTED_EDGE('',*,*,#3959,.F.);
#16430 = PLANE('',#16431);
#16431 = AXIS2_PLACEMENT_3D('',#16432,#16433,#16434);
#16432 = CARTESIAN_POINT('',(227.061913,-60.01316,0.));
#16433 = DIRECTION('',(0.999561301254,-2.961764736554E-02,0.));
#16434 = DIRECTION('',(-2.961764736554E-02,-0.999561301254,0.));
#16435 = ADVANCED_FACE('',(#16436),#16447,.T.);
#16436 = FACE_BOUND('',#16437,.T.);
#16437 = EDGE_LOOP('',(#16438,#16444,#16445,#16446));
#16438 = ORIENTED_EDGE('',*,*,#16439,.T.);
#16439 = EDGE_CURVE('',#3877,#8268,#16440,.T.);
#16440 = LINE('',#16441,#16442);
#16441 = CARTESIAN_POINT('',(240.625541,-59.580678,0.));
#16442 = VECTOR('',#16443,1.);
#16443 = DIRECTION('',(0.,0.,1.));
#16444 = ORIENTED_EDGE('',*,*,#8267,.T.);
#16445 = ORIENTED_EDGE('',*,*,#16405,.F.);
#16446 = ORIENTED_EDGE('',*,*,#3876,.F.);
#16447 = PLANE('',#16448);
#16448 = AXIS2_PLACEMENT_3D('',#16449,#16450,#16451);
#16449 = CARTESIAN_POINT('',(240.625541,-59.580678,0.));
#16450 = DIRECTION('',(-2.963423181093E-02,-0.999560809708,0.));
#16451 = DIRECTION('',(-0.999560809708,2.963423181093E-02,0.));
#16452 = ADVANCED_FACE('',(#16453),#16464,.T.);
#16453 = FACE_BOUND('',#16454,.T.);
#16454 = EDGE_LOOP('',(#16455,#16456,#16457,#16463));
#16455 = ORIENTED_EDGE('',*,*,#16424,.T.);
#16456 = ORIENTED_EDGE('',*,*,#8342,.T.);
#16457 = ORIENTED_EDGE('',*,*,#16458,.F.);
#16458 = EDGE_CURVE('',#3944,#8335,#16459,.T.);
#16459 = LINE('',#16460,#16461);
#16460 = CARTESIAN_POINT('',(227.05997,-73.078734,0.));
#16461 = VECTOR('',#16462,1.);
#16462 = DIRECTION('',(0.,0.,1.));
#16463 = ORIENTED_EDGE('',*,*,#3951,.F.);
#16464 = PLANE('',#16465);
#16465 = AXIS2_PLACEMENT_3D('',#16466,#16467,#16468);
#16466 = CARTESIAN_POINT('',(227.05997,-60.078734,0.));
#16467 = DIRECTION('',(1.,0.,-0.));
#16468 = DIRECTION('',(0.,-1.,0.));
#16469 = ADVANCED_FACE('',(#16470),#16481,.F.);
#16470 = FACE_BOUND('',#16471,.T.);
#16471 = EDGE_LOOP('',(#16472,#16478,#16479,#16480));
#16472 = ORIENTED_EDGE('',*,*,#16473,.T.);
#16473 = EDGE_CURVE('',#3885,#8276,#16474,.T.);
#16474 = LINE('',#16475,#16476);
#16475 = CARTESIAN_POINT('',(241.05997,-60.078734,0.));
#16476 = VECTOR('',#16477,1.);
#16477 = DIRECTION('',(0.,0.,1.));
#16478 = ORIENTED_EDGE('',*,*,#8275,.T.);
#16479 = ORIENTED_EDGE('',*,*,#16439,.F.);
#16480 = ORIENTED_EDGE('',*,*,#3884,.F.);
#16481 = CYLINDRICAL_SURFACE('',#16482,0.49762810037);
#16482 = AXIS2_PLACEMENT_3D('',#16483,#16484,#16485);
#16483 = CARTESIAN_POINT('',(240.56236184008,-60.07427917507,0.));
#16484 = DIRECTION('',(-0.,-0.,-1.));
#16485 = DIRECTION('',(0.999959928999,-8.952116905928E-03,0.));
#16486 = ADVANCED_FACE('',(#16487),#16498,.T.);
#16487 = FACE_BOUND('',#16488,.T.);
#16488 = EDGE_LOOP('',(#16489,#16490,#16491,#16497));
#16489 = ORIENTED_EDGE('',*,*,#16458,.T.);
#16490 = ORIENTED_EDGE('',*,*,#8334,.T.);
#16491 = ORIENTED_EDGE('',*,*,#16492,.F.);
#16492 = EDGE_CURVE('',#3935,#8326,#16493,.T.);
#16493 = LINE('',#16494,#16495);
#16494 = CARTESIAN_POINT('',(227.062734,-73.077618,0.));
#16495 = VECTOR('',#16496,1.);
#16496 = DIRECTION('',(0.,0.,1.));
#16497 = ORIENTED_EDGE('',*,*,#3943,.F.);
#16498 = PLANE('',#16499);
#16499 = AXIS2_PLACEMENT_3D('',#16500,#16501,#16502);
#16500 = CARTESIAN_POINT('',(227.05997,-73.078734,0.));
#16501 = DIRECTION('',(-0.374396485845,0.927268715846,0.));
#16502 = DIRECTION('',(0.927268715846,0.374396485845,0.));
#16503 = ADVANCED_FACE('',(#16504),#16515,.T.);
#16504 = FACE_BOUND('',#16505,.T.);
#16505 = EDGE_LOOP('',(#16506,#16512,#16513,#16514));
#16506 = ORIENTED_EDGE('',*,*,#16507,.T.);
#16507 = EDGE_CURVE('',#3894,#8285,#16508,.T.);
#16508 = LINE('',#16509,#16510);
#16509 = CARTESIAN_POINT('',(241.05997,-73.078734,0.));
#16510 = VECTOR('',#16511,1.);
#16511 = DIRECTION('',(0.,0.,1.));
#16512 = ORIENTED_EDGE('',*,*,#8284,.T.);
#16513 = ORIENTED_EDGE('',*,*,#16473,.F.);
#16514 = ORIENTED_EDGE('',*,*,#3893,.F.);
#16515 = PLANE('',#16516);
#16516 = AXIS2_PLACEMENT_3D('',#16517,#16518,#16519);
#16517 = CARTESIAN_POINT('',(241.05997,-73.078734,0.));
#16518 = DIRECTION('',(-1.,0.,0.));
#16519 = DIRECTION('',(0.,1.,0.));
#16520 = ADVANCED_FACE('',(#16521),#16532,.F.);
#16521 = FACE_BOUND('',#16522,.T.);
#16522 = EDGE_LOOP('',(#16523,#16524,#16525,#16531));
#16523 = ORIENTED_EDGE('',*,*,#16492,.T.);
#16524 = ORIENTED_EDGE('',*,*,#8325,.T.);
#16525 = ORIENTED_EDGE('',*,*,#16526,.F.);
#16526 = EDGE_CURVE('',#3927,#8318,#16527,.T.);
#16527 = LINE('',#16528,#16529);
#16528 = CARTESIAN_POINT('',(227.49716,-73.575675,0.));
#16529 = VECTOR('',#16530,1.);
#16530 = DIRECTION('',(0.,0.,1.));
#16531 = ORIENTED_EDGE('',*,*,#3934,.F.);
#16532 = CYLINDRICAL_SURFACE('',#16533,0.497565516144);
#16533 = AXIS2_PLACEMENT_3D('',#16534,#16535,#16536);
#16534 = CARTESIAN_POINT('',(227.56027906494,-73.08212923059,0.));
#16535 = DIRECTION('',(-0.,-0.,-1.));
#16536 = DIRECTION('',(-0.999958897481,9.066606207091E-03,0.));
#16537 = ADVANCED_FACE('',(#16538),#16549,.T.);
#16538 = FACE_BOUND('',#16539,.T.);
#16539 = EDGE_LOOP('',(#16540,#16546,#16547,#16548));
#16540 = ORIENTED_EDGE('',*,*,#16541,.T.);
#16541 = EDGE_CURVE('',#3902,#8293,#16542,.T.);
#16542 = LINE('',#16543,#16544);
#16543 = CARTESIAN_POINT('',(241.057827,-73.144274,0.));
#16544 = VECTOR('',#16545,1.);
#16545 = DIRECTION('',(0.,0.,1.));
#16546 = ORIENTED_EDGE('',*,*,#8292,.T.);
#16547 = ORIENTED_EDGE('',*,*,#16507,.F.);
#16548 = ORIENTED_EDGE('',*,*,#3901,.F.);
#16549 = PLANE('',#16550);
#16550 = AXIS2_PLACEMENT_3D('',#16551,#16552,#16553);
#16551 = CARTESIAN_POINT('',(241.057827,-73.144274,0.));
#16552 = DIRECTION('',(-0.999465862088,3.268012423627E-02,0.));
#16553 = DIRECTION('',(3.268012423627E-02,0.999465862088,0.));
#16554 = ADVANCED_FACE('',(#16555),#16566,.T.);
#16555 = FACE_BOUND('',#16556,.T.);
#16556 = EDGE_LOOP('',(#16557,#16558,#16559,#16565));
#16557 = ORIENTED_EDGE('',*,*,#16526,.T.);
#16558 = ORIENTED_EDGE('',*,*,#8317,.T.);
#16559 = ORIENTED_EDGE('',*,*,#16560,.F.);
#16560 = EDGE_CURVE('',#3919,#8310,#16561,.T.);
#16561 = LINE('',#16562,#16563);
#16562 = CARTESIAN_POINT('',(227.55997,-73.578734,0.));
#16563 = VECTOR('',#16564,1.);
#16564 = DIRECTION('',(0.,0.,1.));
#16565 = ORIENTED_EDGE('',*,*,#3926,.F.);
#16566 = PLANE('',#16567);
#16567 = AXIS2_PLACEMENT_3D('',#16568,#16569,#16570);
#16568 = CARTESIAN_POINT('',(227.49716,-73.575675,0.));
#16569 = DIRECTION('',(4.864477914795E-02,0.998816141971,-0.));
#16570 = DIRECTION('',(0.998816141971,-4.864477914795E-02,0.));
#16571 = ADVANCED_FACE('',(#16572),#16583,.F.);
#16572 = FACE_BOUND('',#16573,.T.);
#16573 = EDGE_LOOP('',(#16574,#16580,#16581,#16582));
#16574 = ORIENTED_EDGE('',*,*,#16575,.T.);
#16575 = EDGE_CURVE('',#3910,#8301,#16576,.T.);
#16576 = LINE('',#16577,#16578);
#16577 = CARTESIAN_POINT('',(240.55997,-73.578734,0.));
#16578 = VECTOR('',#16579,1.);
#16579 = DIRECTION('',(0.,0.,1.));
#16580 = ORIENTED_EDGE('',*,*,#8300,.T.);
#16581 = ORIENTED_EDGE('',*,*,#16541,.F.);
#16582 = ORIENTED_EDGE('',*,*,#3909,.F.);
#16583 = CYLINDRICAL_SURFACE('',#16584,0.497940142437);
#16584 = AXIS2_PLACEMENT_3D('',#16585,#16586,#16587);
#16585 = CARTESIAN_POINT('',(240.56394779014,-73.08080974608,0.));
#16586 = DIRECTION('',(-0.,-0.,-1.));
#16587 = DIRECTION('',(-7.988490599025E-03,-0.9999680915,0.));
#16588 = ADVANCED_FACE('',(#16589),#16595,.T.);
#16589 = FACE_BOUND('',#16590,.T.);
#16590 = EDGE_LOOP('',(#16591,#16592,#16593,#16594));
#16591 = ORIENTED_EDGE('',*,*,#16560,.T.);
#16592 = ORIENTED_EDGE('',*,*,#8309,.T.);
#16593 = ORIENTED_EDGE('',*,*,#16575,.F.);
#16594 = ORIENTED_EDGE('',*,*,#3918,.F.);
#16595 = PLANE('',#16596);
#16596 = AXIS2_PLACEMENT_3D('',#16597,#16598,#16599);
#16597 = CARTESIAN_POINT('',(227.55997,-73.578734,0.));
#16598 = DIRECTION('',(0.,1.,0.));
#16599 = DIRECTION('',(1.,0.,0.));
#16600 = ADVANCED_FACE('',(#16601),#16617,.F.);
#16601 = FACE_BOUND('',#16602,.T.);
#16602 = EDGE_LOOP('',(#16603,#16609,#16610,#16616));
#16603 = ORIENTED_EDGE('',*,*,#16604,.T.);
#16604 = EDGE_CURVE('',#3968,#8359,#16605,.T.);
#16605 = LINE('',#16606,#16607);
#16606 = CARTESIAN_POINT('',(146.59747,-40.528734,0.));
#16607 = VECTOR('',#16608,1.);
#16608 = DIRECTION('',(0.,0.,1.));
#16609 = ORIENTED_EDGE('',*,*,#8358,.T.);
#16610 = ORIENTED_EDGE('',*,*,#16611,.F.);
#16611 = EDGE_CURVE('',#3970,#8361,#16612,.T.);
#16612 = LINE('',#16613,#16614);
#16613 = CARTESIAN_POINT('',(146.099413,-40.96316,0.));
#16614 = VECTOR('',#16615,1.);
#16615 = DIRECTION('',(0.,0.,1.));
#16616 = ORIENTED_EDGE('',*,*,#3967,.F.);
#16617 = CYLINDRICAL_SURFACE('',#16618,0.497554635006);
#16618 = AXIS2_PLACEMENT_3D('',#16619,#16620,#16621);
#16619 = CARTESIAN_POINT('',(146.59294920228,-41.02626809652,0.));
#16620 = DIRECTION('',(-0.,-0.,-1.));
#16621 = DIRECTION('',(9.086032757149E-03,0.999958721152,-0.));
#16622 = ADVANCED_FACE('',(#16623),#16634,.T.);
#16623 = FACE_BOUND('',#16624,.T.);
#16624 = EDGE_LOOP('',(#16625,#16631,#16632,#16633));
#16625 = ORIENTED_EDGE('',*,*,#16626,.T.);
#16626 = EDGE_CURVE('',#3979,#8370,#16627,.T.);
#16627 = LINE('',#16628,#16629);
#16628 = CARTESIAN_POINT('',(159.59747,-40.528734,0.));
#16629 = VECTOR('',#16630,1.);
#16630 = DIRECTION('',(0.,0.,1.));
#16631 = ORIENTED_EDGE('',*,*,#8369,.T.);
#16632 = ORIENTED_EDGE('',*,*,#16604,.F.);
#16633 = ORIENTED_EDGE('',*,*,#3978,.F.);
#16634 = PLANE('',#16635);
#16635 = AXIS2_PLACEMENT_3D('',#16636,#16637,#16638);
#16636 = CARTESIAN_POINT('',(159.59747,-40.528734,0.));
#16637 = DIRECTION('',(0.,-1.,0.));
#16638 = DIRECTION('',(-1.,0.,0.));
#16639 = ADVANCED_FACE('',(#16640),#16651,.T.);
#16640 = FACE_BOUND('',#16641,.T.);
#16641 = EDGE_LOOP('',(#16642,#16643,#16644,#16650));
#16642 = ORIENTED_EDGE('',*,*,#16611,.T.);
#16643 = ORIENTED_EDGE('',*,*,#8460,.T.);
#16644 = ORIENTED_EDGE('',*,*,#16645,.F.);
#16645 = EDGE_CURVE('',#4062,#8453,#16646,.T.);
#16646 = LINE('',#16647,#16648);
#16647 = CARTESIAN_POINT('',(146.09747,-41.028734,0.));
#16648 = VECTOR('',#16649,1.);
#16649 = DIRECTION('',(0.,0.,1.));
#16650 = ORIENTED_EDGE('',*,*,#4069,.F.);
#16651 = PLANE('',#16652);
#16652 = AXIS2_PLACEMENT_3D('',#16653,#16654,#16655);
#16653 = CARTESIAN_POINT('',(146.099413,-40.96316,0.));
#16654 = DIRECTION('',(0.999561301254,-2.961764736554E-02,0.));
#16655 = DIRECTION('',(-2.961764736554E-02,-0.999561301254,0.));
#16656 = ADVANCED_FACE('',(#16657),#16668,.T.);
#16657 = FACE_BOUND('',#16658,.T.);
#16658 = EDGE_LOOP('',(#16659,#16665,#16666,#16667));
#16659 = ORIENTED_EDGE('',*,*,#16660,.T.);
#16660 = EDGE_CURVE('',#3987,#8378,#16661,.T.);
#16661 = LINE('',#16662,#16663);
#16662 = CARTESIAN_POINT('',(159.663041,-40.530678,0.));
#16663 = VECTOR('',#16664,1.);
#16664 = DIRECTION('',(0.,0.,1.));
#16665 = ORIENTED_EDGE('',*,*,#8377,.T.);
#16666 = ORIENTED_EDGE('',*,*,#16626,.F.);
#16667 = ORIENTED_EDGE('',*,*,#3986,.F.);
#16668 = PLANE('',#16669);
#16669 = AXIS2_PLACEMENT_3D('',#16670,#16671,#16672);
#16670 = CARTESIAN_POINT('',(159.663041,-40.530678,0.));
#16671 = DIRECTION('',(-2.963423181093E-02,-0.999560809708,0.));
#16672 = DIRECTION('',(-0.999560809708,2.963423181093E-02,0.));
#16673 = ADVANCED_FACE('',(#16674),#16685,.T.);
#16674 = FACE_BOUND('',#16675,.T.);
#16675 = EDGE_LOOP('',(#16676,#16677,#16678,#16684));
#16676 = ORIENTED_EDGE('',*,*,#16645,.T.);
#16677 = ORIENTED_EDGE('',*,*,#8452,.T.);
#16678 = ORIENTED_EDGE('',*,*,#16679,.F.);
#16679 = EDGE_CURVE('',#4054,#8445,#16680,.T.);
#16680 = LINE('',#16681,#16682);
#16681 = CARTESIAN_POINT('',(146.09747,-54.028734,0.));
#16682 = VECTOR('',#16683,1.);
#16683 = DIRECTION('',(0.,0.,1.));
#16684 = ORIENTED_EDGE('',*,*,#4061,.F.);
#16685 = PLANE('',#16686);
#16686 = AXIS2_PLACEMENT_3D('',#16687,#16688,#16689);
#16687 = CARTESIAN_POINT('',(146.09747,-41.028734,0.));
#16688 = DIRECTION('',(1.,0.,-0.));
#16689 = DIRECTION('',(0.,-1.,0.));
#16690 = ADVANCED_FACE('',(#16691),#16702,.F.);
#16691 = FACE_BOUND('',#16692,.T.);
#16692 = EDGE_LOOP('',(#16693,#16699,#16700,#16701));
#16693 = ORIENTED_EDGE('',*,*,#16694,.T.);
#16694 = EDGE_CURVE('',#3995,#8386,#16695,.T.);
#16695 = LINE('',#16696,#16697);
#16696 = CARTESIAN_POINT('',(160.09747,-41.028734,0.));
#16697 = VECTOR('',#16698,1.);
#16698 = DIRECTION('',(0.,0.,1.));
#16699 = ORIENTED_EDGE('',*,*,#8385,.T.);
#16700 = ORIENTED_EDGE('',*,*,#16660,.F.);
#16701 = ORIENTED_EDGE('',*,*,#3994,.F.);
#16702 = CYLINDRICAL_SURFACE('',#16703,0.49762810037);
#16703 = AXIS2_PLACEMENT_3D('',#16704,#16705,#16706);
#16704 = CARTESIAN_POINT('',(159.59986184008,-41.02427917507,0.));
#16705 = DIRECTION('',(-0.,-0.,-1.));
#16706 = DIRECTION('',(0.999959928999,-8.952116905899E-03,0.));
#16707 = ADVANCED_FACE('',(#16708),#16719,.T.);
#16708 = FACE_BOUND('',#16709,.T.);
#16709 = EDGE_LOOP('',(#16710,#16711,#16712,#16718));
#16710 = ORIENTED_EDGE('',*,*,#16679,.T.);
#16711 = ORIENTED_EDGE('',*,*,#8444,.T.);
#16712 = ORIENTED_EDGE('',*,*,#16713,.F.);
#16713 = EDGE_CURVE('',#4045,#8436,#16714,.T.);
#16714 = LINE('',#16715,#16716);
#16715 = CARTESIAN_POINT('',(146.100234,-54.027618,0.));
#16716 = VECTOR('',#16717,1.);
#16717 = DIRECTION('',(0.,0.,1.));
#16718 = ORIENTED_EDGE('',*,*,#4053,.F.);
#16719 = PLANE('',#16720);
#16720 = AXIS2_PLACEMENT_3D('',#16721,#16722,#16723);
#16721 = CARTESIAN_POINT('',(146.09747,-54.028734,0.));
#16722 = DIRECTION('',(-0.374396485847,0.927268715845,0.));
#16723 = DIRECTION('',(0.927268715845,0.374396485847,0.));
#16724 = ADVANCED_FACE('',(#16725),#16736,.T.);
#16725 = FACE_BOUND('',#16726,.T.);
#16726 = EDGE_LOOP('',(#16727,#16733,#16734,#16735));
#16727 = ORIENTED_EDGE('',*,*,#16728,.T.);
#16728 = EDGE_CURVE('',#4004,#8395,#16729,.T.);
#16729 = LINE('',#16730,#16731);
#16730 = CARTESIAN_POINT('',(160.09747,-54.028734,0.));
#16731 = VECTOR('',#16732,1.);
#16732 = DIRECTION('',(0.,0.,1.));
#16733 = ORIENTED_EDGE('',*,*,#8394,.T.);
#16734 = ORIENTED_EDGE('',*,*,#16694,.F.);
#16735 = ORIENTED_EDGE('',*,*,#4003,.F.);
#16736 = PLANE('',#16737);
#16737 = AXIS2_PLACEMENT_3D('',#16738,#16739,#16740);
#16738 = CARTESIAN_POINT('',(160.09747,-54.028734,0.));
#16739 = DIRECTION('',(-1.,0.,0.));
#16740 = DIRECTION('',(0.,1.,0.));
#16741 = ADVANCED_FACE('',(#16742),#16753,.F.);
#16742 = FACE_BOUND('',#16743,.T.);
#16743 = EDGE_LOOP('',(#16744,#16745,#16746,#16752));
#16744 = ORIENTED_EDGE('',*,*,#16713,.T.);
#16745 = ORIENTED_EDGE('',*,*,#8435,.T.);
#16746 = ORIENTED_EDGE('',*,*,#16747,.F.);
#16747 = EDGE_CURVE('',#4037,#8428,#16748,.T.);
#16748 = LINE('',#16749,#16750);
#16749 = CARTESIAN_POINT('',(146.53466,-54.525675,0.));
#16750 = VECTOR('',#16751,1.);
#16751 = DIRECTION('',(0.,0.,1.));
#16752 = ORIENTED_EDGE('',*,*,#4044,.F.);
#16753 = CYLINDRICAL_SURFACE('',#16754,0.497565516144);
#16754 = AXIS2_PLACEMENT_3D('',#16755,#16756,#16757);
#16755 = CARTESIAN_POINT('',(146.59777906494,-54.03212923059,0.));
#16756 = DIRECTION('',(-0.,-0.,-1.));
#16757 = DIRECTION('',(-0.999958897481,9.066606207019E-03,0.));
#16758 = ADVANCED_FACE('',(#16759),#16770,.T.);
#16759 = FACE_BOUND('',#16760,.T.);
#16760 = EDGE_LOOP('',(#16761,#16767,#16768,#16769));
#16761 = ORIENTED_EDGE('',*,*,#16762,.T.);
#16762 = EDGE_CURVE('',#4012,#8403,#16763,.T.);
#16763 = LINE('',#16764,#16765);
#16764 = CARTESIAN_POINT('',(160.095327,-54.094274,0.));
#16765 = VECTOR('',#16766,1.);
#16766 = DIRECTION('',(0.,0.,1.));
#16767 = ORIENTED_EDGE('',*,*,#8402,.T.);
#16768 = ORIENTED_EDGE('',*,*,#16728,.F.);
#16769 = ORIENTED_EDGE('',*,*,#4011,.F.);
#16770 = PLANE('',#16771);
#16771 = AXIS2_PLACEMENT_3D('',#16772,#16773,#16774);
#16772 = CARTESIAN_POINT('',(160.095327,-54.094274,0.));
#16773 = DIRECTION('',(-0.999465862088,3.268012423627E-02,0.));
#16774 = DIRECTION('',(3.268012423627E-02,0.999465862088,0.));
#16775 = ADVANCED_FACE('',(#16776),#16787,.T.);
#16776 = FACE_BOUND('',#16777,.T.);
#16777 = EDGE_LOOP('',(#16778,#16779,#16780,#16786));
#16778 = ORIENTED_EDGE('',*,*,#16747,.T.);
#16779 = ORIENTED_EDGE('',*,*,#8427,.T.);
#16780 = ORIENTED_EDGE('',*,*,#16781,.F.);
#16781 = EDGE_CURVE('',#4029,#8420,#16782,.T.);
#16782 = LINE('',#16783,#16784);
#16783 = CARTESIAN_POINT('',(146.59747,-54.528734,0.));
#16784 = VECTOR('',#16785,1.);
#16785 = DIRECTION('',(0.,0.,1.));
#16786 = ORIENTED_EDGE('',*,*,#4036,.F.);
#16787 = PLANE('',#16788);
#16788 = AXIS2_PLACEMENT_3D('',#16789,#16790,#16791);
#16789 = CARTESIAN_POINT('',(146.53466,-54.525675,0.));
#16790 = DIRECTION('',(4.864477914807E-02,0.998816141971,-0.));
#16791 = DIRECTION('',(0.998816141971,-4.864477914807E-02,0.));
#16792 = ADVANCED_FACE('',(#16793),#16804,.F.);
#16793 = FACE_BOUND('',#16794,.T.);
#16794 = EDGE_LOOP('',(#16795,#16801,#16802,#16803));
#16795 = ORIENTED_EDGE('',*,*,#16796,.T.);
#16796 = EDGE_CURVE('',#4020,#8411,#16797,.T.);
#16797 = LINE('',#16798,#16799);
#16798 = CARTESIAN_POINT('',(159.59747,-54.528734,0.));
#16799 = VECTOR('',#16800,1.);
#16800 = DIRECTION('',(0.,0.,1.));
#16801 = ORIENTED_EDGE('',*,*,#8410,.T.);
#16802 = ORIENTED_EDGE('',*,*,#16762,.F.);
#16803 = ORIENTED_EDGE('',*,*,#4019,.F.);
#16804 = CYLINDRICAL_SURFACE('',#16805,0.497940142437);
#16805 = AXIS2_PLACEMENT_3D('',#16806,#16807,#16808);
#16806 = CARTESIAN_POINT('',(159.60144779014,-54.03080974608,0.));
#16807 = DIRECTION('',(-0.,-0.,-1.));
#16808 = DIRECTION('',(-7.98849059914E-03,-0.9999680915,0.));
#16809 = ADVANCED_FACE('',(#16810),#16816,.T.);
#16810 = FACE_BOUND('',#16811,.T.);
#16811 = EDGE_LOOP('',(#16812,#16813,#16814,#16815));
#16812 = ORIENTED_EDGE('',*,*,#16781,.T.);
#16813 = ORIENTED_EDGE('',*,*,#8419,.T.);
#16814 = ORIENTED_EDGE('',*,*,#16796,.F.);
#16815 = ORIENTED_EDGE('',*,*,#4028,.F.);
#16816 = PLANE('',#16817);
#16817 = AXIS2_PLACEMENT_3D('',#16818,#16819,#16820);
#16818 = CARTESIAN_POINT('',(146.59747,-54.528734,0.));
#16819 = DIRECTION('',(0.,1.,0.));
#16820 = DIRECTION('',(1.,0.,0.));
#16821 = ADVANCED_FACE('',(#16822),#16838,.F.);
#16822 = FACE_BOUND('',#16823,.T.);
#16823 = EDGE_LOOP('',(#16824,#16830,#16831,#16837));
#16824 = ORIENTED_EDGE('',*,*,#16825,.T.);
#16825 = EDGE_CURVE('',#4078,#8469,#16826,.T.);
#16826 = LINE('',#16827,#16828);
#16827 = CARTESIAN_POINT('',(165.64747,-40.528734,0.));
#16828 = VECTOR('',#16829,1.);
#16829 = DIRECTION('',(0.,0.,1.));
#16830 = ORIENTED_EDGE('',*,*,#8468,.T.);
#16831 = ORIENTED_EDGE('',*,*,#16832,.F.);
#16832 = EDGE_CURVE('',#4080,#8471,#16833,.T.);
#16833 = LINE('',#16834,#16835);
#16834 = CARTESIAN_POINT('',(165.149413,-40.96316,0.));
#16835 = VECTOR('',#16836,1.);
#16836 = DIRECTION('',(0.,0.,1.));
#16837 = ORIENTED_EDGE('',*,*,#4077,.F.);
#16838 = CYLINDRICAL_SURFACE('',#16839,0.497554635006);
#16839 = AXIS2_PLACEMENT_3D('',#16840,#16841,#16842);
#16840 = CARTESIAN_POINT('',(165.64294920228,-41.02626809652,0.));
#16841 = DIRECTION('',(-0.,-0.,-1.));
#16842 = DIRECTION('',(9.086032757149E-03,0.999958721152,-0.));
#16843 = ADVANCED_FACE('',(#16844),#16855,.T.);
#16844 = FACE_BOUND('',#16845,.T.);
#16845 = EDGE_LOOP('',(#16846,#16852,#16853,#16854));
#16846 = ORIENTED_EDGE('',*,*,#16847,.T.);
#16847 = EDGE_CURVE('',#4089,#8480,#16848,.T.);
#16848 = LINE('',#16849,#16850);
#16849 = CARTESIAN_POINT('',(178.64747,-40.528734,0.));
#16850 = VECTOR('',#16851,1.);
#16851 = DIRECTION('',(0.,0.,1.));
#16852 = ORIENTED_EDGE('',*,*,#8479,.T.);
#16853 = ORIENTED_EDGE('',*,*,#16825,.F.);
#16854 = ORIENTED_EDGE('',*,*,#4088,.F.);
#16855 = PLANE('',#16856);
#16856 = AXIS2_PLACEMENT_3D('',#16857,#16858,#16859);
#16857 = CARTESIAN_POINT('',(178.64747,-40.528734,0.));
#16858 = DIRECTION('',(0.,-1.,0.));
#16859 = DIRECTION('',(-1.,0.,0.));
#16860 = ADVANCED_FACE('',(#16861),#16872,.T.);
#16861 = FACE_BOUND('',#16862,.T.);
#16862 = EDGE_LOOP('',(#16863,#16864,#16865,#16871));
#16863 = ORIENTED_EDGE('',*,*,#16832,.T.);
#16864 = ORIENTED_EDGE('',*,*,#8570,.T.);
#16865 = ORIENTED_EDGE('',*,*,#16866,.F.);
#16866 = EDGE_CURVE('',#4172,#8563,#16867,.T.);
#16867 = LINE('',#16868,#16869);
#16868 = CARTESIAN_POINT('',(165.14747,-41.028734,0.));
#16869 = VECTOR('',#16870,1.);
#16870 = DIRECTION('',(0.,0.,1.));
#16871 = ORIENTED_EDGE('',*,*,#4179,.F.);
#16872 = PLANE('',#16873);
#16873 = AXIS2_PLACEMENT_3D('',#16874,#16875,#16876);
#16874 = CARTESIAN_POINT('',(165.149413,-40.96316,0.));
#16875 = DIRECTION('',(0.999561301254,-2.961764736554E-02,0.));
#16876 = DIRECTION('',(-2.961764736554E-02,-0.999561301254,0.));
#16877 = ADVANCED_FACE('',(#16878),#16889,.T.);
#16878 = FACE_BOUND('',#16879,.T.);
#16879 = EDGE_LOOP('',(#16880,#16886,#16887,#16888));
#16880 = ORIENTED_EDGE('',*,*,#16881,.T.);
#16881 = EDGE_CURVE('',#4097,#8488,#16882,.T.);
#16882 = LINE('',#16883,#16884);
#16883 = CARTESIAN_POINT('',(178.713041,-40.530678,0.));
#16884 = VECTOR('',#16885,1.);
#16885 = DIRECTION('',(0.,0.,1.));
#16886 = ORIENTED_EDGE('',*,*,#8487,.T.);
#16887 = ORIENTED_EDGE('',*,*,#16847,.F.);
#16888 = ORIENTED_EDGE('',*,*,#4096,.F.);
#16889 = PLANE('',#16890);
#16890 = AXIS2_PLACEMENT_3D('',#16891,#16892,#16893);
#16891 = CARTESIAN_POINT('',(178.713041,-40.530678,0.));
#16892 = DIRECTION('',(-2.963423181093E-02,-0.999560809708,0.));
#16893 = DIRECTION('',(-0.999560809708,2.963423181093E-02,0.));
#16894 = ADVANCED_FACE('',(#16895),#16906,.T.);
#16895 = FACE_BOUND('',#16896,.T.);
#16896 = EDGE_LOOP('',(#16897,#16898,#16899,#16905));
#16897 = ORIENTED_EDGE('',*,*,#16866,.T.);
#16898 = ORIENTED_EDGE('',*,*,#8562,.T.);
#16899 = ORIENTED_EDGE('',*,*,#16900,.F.);
#16900 = EDGE_CURVE('',#4164,#8555,#16901,.T.);
#16901 = LINE('',#16902,#16903);
#16902 = CARTESIAN_POINT('',(165.14747,-54.028734,0.));
#16903 = VECTOR('',#16904,1.);
#16904 = DIRECTION('',(0.,0.,1.));
#16905 = ORIENTED_EDGE('',*,*,#4171,.F.);
#16906 = PLANE('',#16907);
#16907 = AXIS2_PLACEMENT_3D('',#16908,#16909,#16910);
#16908 = CARTESIAN_POINT('',(165.14747,-41.028734,0.));
#16909 = DIRECTION('',(1.,0.,-0.));
#16910 = DIRECTION('',(0.,-1.,0.));
#16911 = ADVANCED_FACE('',(#16912),#16923,.F.);
#16912 = FACE_BOUND('',#16913,.T.);
#16913 = EDGE_LOOP('',(#16914,#16920,#16921,#16922));
#16914 = ORIENTED_EDGE('',*,*,#16915,.T.);
#16915 = EDGE_CURVE('',#4105,#8496,#16916,.T.);
#16916 = LINE('',#16917,#16918);
#16917 = CARTESIAN_POINT('',(179.14747,-41.028734,0.));
#16918 = VECTOR('',#16919,1.);
#16919 = DIRECTION('',(0.,0.,1.));
#16920 = ORIENTED_EDGE('',*,*,#8495,.T.);
#16921 = ORIENTED_EDGE('',*,*,#16881,.F.);
#16922 = ORIENTED_EDGE('',*,*,#4104,.F.);
#16923 = CYLINDRICAL_SURFACE('',#16924,0.49762810037);
#16924 = AXIS2_PLACEMENT_3D('',#16925,#16926,#16927);
#16925 = CARTESIAN_POINT('',(178.64986184008,-41.02427917507,0.));
#16926 = DIRECTION('',(-0.,-0.,-1.));
#16927 = DIRECTION('',(0.999959928999,-8.952116905798E-03,0.));
#16928 = ADVANCED_FACE('',(#16929),#16940,.T.);
#16929 = FACE_BOUND('',#16930,.T.);
#16930 = EDGE_LOOP('',(#16931,#16932,#16933,#16939));
#16931 = ORIENTED_EDGE('',*,*,#16900,.T.);
#16932 = ORIENTED_EDGE('',*,*,#8554,.T.);
#16933 = ORIENTED_EDGE('',*,*,#16934,.F.);
#16934 = EDGE_CURVE('',#4155,#8546,#16935,.T.);
#16935 = LINE('',#16936,#16937);
#16936 = CARTESIAN_POINT('',(165.150234,-54.027618,0.));
#16937 = VECTOR('',#16938,1.);
#16938 = DIRECTION('',(0.,0.,1.));
#16939 = ORIENTED_EDGE('',*,*,#4163,.F.);
#16940 = PLANE('',#16941);
#16941 = AXIS2_PLACEMENT_3D('',#16942,#16943,#16944);
#16942 = CARTESIAN_POINT('',(165.14747,-54.028734,0.));
#16943 = DIRECTION('',(-0.374396485847,0.927268715845,0.));
#16944 = DIRECTION('',(0.927268715845,0.374396485847,0.));
#16945 = ADVANCED_FACE('',(#16946),#16957,.T.);
#16946 = FACE_BOUND('',#16947,.T.);
#16947 = EDGE_LOOP('',(#16948,#16954,#16955,#16956));
#16948 = ORIENTED_EDGE('',*,*,#16949,.T.);
#16949 = EDGE_CURVE('',#4114,#8505,#16950,.T.);
#16950 = LINE('',#16951,#16952);
#16951 = CARTESIAN_POINT('',(179.14747,-54.028734,0.));
#16952 = VECTOR('',#16953,1.);
#16953 = DIRECTION('',(0.,0.,1.));
#16954 = ORIENTED_EDGE('',*,*,#8504,.T.);
#16955 = ORIENTED_EDGE('',*,*,#16915,.F.);
#16956 = ORIENTED_EDGE('',*,*,#4113,.F.);
#16957 = PLANE('',#16958);
#16958 = AXIS2_PLACEMENT_3D('',#16959,#16960,#16961);
#16959 = CARTESIAN_POINT('',(179.14747,-54.028734,0.));
#16960 = DIRECTION('',(-1.,0.,0.));
#16961 = DIRECTION('',(0.,1.,0.));
#16962 = ADVANCED_FACE('',(#16963),#16974,.F.);
#16963 = FACE_BOUND('',#16964,.T.);
#16964 = EDGE_LOOP('',(#16965,#16966,#16967,#16973));
#16965 = ORIENTED_EDGE('',*,*,#16934,.T.);
#16966 = ORIENTED_EDGE('',*,*,#8545,.T.);
#16967 = ORIENTED_EDGE('',*,*,#16968,.F.);
#16968 = EDGE_CURVE('',#4147,#8538,#16969,.T.);
#16969 = LINE('',#16970,#16971);
#16970 = CARTESIAN_POINT('',(165.58466,-54.525675,0.));
#16971 = VECTOR('',#16972,1.);
#16972 = DIRECTION('',(0.,0.,1.));
#16973 = ORIENTED_EDGE('',*,*,#4154,.F.);
#16974 = CYLINDRICAL_SURFACE('',#16975,0.497565516144);
#16975 = AXIS2_PLACEMENT_3D('',#16976,#16977,#16978);
#16976 = CARTESIAN_POINT('',(165.64777906494,-54.03212923059,0.));
#16977 = DIRECTION('',(-0.,-0.,-1.));
#16978 = DIRECTION('',(-0.999958897481,9.06660620712E-03,0.));
#16979 = ADVANCED_FACE('',(#16980),#16991,.T.);
#16980 = FACE_BOUND('',#16981,.T.);
#16981 = EDGE_LOOP('',(#16982,#16988,#16989,#16990));
#16982 = ORIENTED_EDGE('',*,*,#16983,.T.);
#16983 = EDGE_CURVE('',#4122,#8513,#16984,.T.);
#16984 = LINE('',#16985,#16986);
#16985 = CARTESIAN_POINT('',(179.145327,-54.094274,0.));
#16986 = VECTOR('',#16987,1.);
#16987 = DIRECTION('',(0.,0.,1.));
#16988 = ORIENTED_EDGE('',*,*,#8512,.T.);
#16989 = ORIENTED_EDGE('',*,*,#16949,.F.);
#16990 = ORIENTED_EDGE('',*,*,#4121,.F.);
#16991 = PLANE('',#16992);
#16992 = AXIS2_PLACEMENT_3D('',#16993,#16994,#16995);
#16993 = CARTESIAN_POINT('',(179.145327,-54.094274,0.));
#16994 = DIRECTION('',(-0.999465862088,3.268012423627E-02,0.));
#16995 = DIRECTION('',(3.268012423627E-02,0.999465862088,0.));
#16996 = ADVANCED_FACE('',(#16997),#17008,.T.);
#16997 = FACE_BOUND('',#16998,.T.);
#16998 = EDGE_LOOP('',(#16999,#17000,#17001,#17007));
#16999 = ORIENTED_EDGE('',*,*,#16968,.T.);
#17000 = ORIENTED_EDGE('',*,*,#8537,.T.);
#17001 = ORIENTED_EDGE('',*,*,#17002,.F.);
#17002 = EDGE_CURVE('',#4139,#8530,#17003,.T.);
#17003 = LINE('',#17004,#17005);
#17004 = CARTESIAN_POINT('',(165.64747,-54.528734,0.));
#17005 = VECTOR('',#17006,1.);
#17006 = DIRECTION('',(0.,0.,1.));
#17007 = ORIENTED_EDGE('',*,*,#4146,.F.);
#17008 = PLANE('',#17009);
#17009 = AXIS2_PLACEMENT_3D('',#17010,#17011,#17012);
#17010 = CARTESIAN_POINT('',(165.58466,-54.525675,0.));
#17011 = DIRECTION('',(4.864477914807E-02,0.998816141971,-0.));
#17012 = DIRECTION('',(0.998816141971,-4.864477914807E-02,0.));
#17013 = ADVANCED_FACE('',(#17014),#17025,.F.);
#17014 = FACE_BOUND('',#17015,.T.);
#17015 = EDGE_LOOP('',(#17016,#17022,#17023,#17024));
#17016 = ORIENTED_EDGE('',*,*,#17017,.T.);
#17017 = EDGE_CURVE('',#4130,#8521,#17018,.T.);
#17018 = LINE('',#17019,#17020);
#17019 = CARTESIAN_POINT('',(178.64747,-54.528734,0.));
#17020 = VECTOR('',#17021,1.);
#17021 = DIRECTION('',(0.,0.,1.));
#17022 = ORIENTED_EDGE('',*,*,#8520,.T.);
#17023 = ORIENTED_EDGE('',*,*,#16983,.F.);
#17024 = ORIENTED_EDGE('',*,*,#4129,.F.);
#17025 = CYLINDRICAL_SURFACE('',#17026,0.497940142437);
#17026 = AXIS2_PLACEMENT_3D('',#17027,#17028,#17029);
#17027 = CARTESIAN_POINT('',(178.65144779014,-54.03080974608,0.));
#17028 = DIRECTION('',(-0.,-0.,-1.));
#17029 = DIRECTION('',(-7.98849059914E-03,-0.9999680915,0.));
#17030 = ADVANCED_FACE('',(#17031),#17037,.T.);
#17031 = FACE_BOUND('',#17032,.T.);
#17032 = EDGE_LOOP('',(#17033,#17034,#17035,#17036));
#17033 = ORIENTED_EDGE('',*,*,#17002,.T.);
#17034 = ORIENTED_EDGE('',*,*,#8529,.T.);
#17035 = ORIENTED_EDGE('',*,*,#17017,.F.);
#17036 = ORIENTED_EDGE('',*,*,#4138,.F.);
#17037 = PLANE('',#17038);
#17038 = AXIS2_PLACEMENT_3D('',#17039,#17040,#17041);
#17039 = CARTESIAN_POINT('',(165.64747,-54.528734,0.));
#17040 = DIRECTION('',(0.,1.,0.));
#17041 = DIRECTION('',(1.,0.,0.));
#17042 = ADVANCED_FACE('',(#17043),#17059,.F.);
#17043 = FACE_BOUND('',#17044,.T.);
#17044 = EDGE_LOOP('',(#17045,#17051,#17052,#17058));
#17045 = ORIENTED_EDGE('',*,*,#17046,.T.);
#17046 = EDGE_CURVE('',#4188,#8579,#17047,.T.);
#17047 = LINE('',#17048,#17049);
#17048 = CARTESIAN_POINT('',(189.45997,-40.528734,0.));
#17049 = VECTOR('',#17050,1.);
#17050 = DIRECTION('',(0.,0.,1.));
#17051 = ORIENTED_EDGE('',*,*,#8578,.T.);
#17052 = ORIENTED_EDGE('',*,*,#17053,.F.);
#17053 = EDGE_CURVE('',#4190,#8581,#17054,.T.);
#17054 = LINE('',#17055,#17056);
#17055 = CARTESIAN_POINT('',(188.961913,-40.96316,0.));
#17056 = VECTOR('',#17057,1.);
#17057 = DIRECTION('',(0.,0.,1.));
#17058 = ORIENTED_EDGE('',*,*,#4187,.F.);
#17059 = CYLINDRICAL_SURFACE('',#17060,0.497554635006);
#17060 = AXIS2_PLACEMENT_3D('',#17061,#17062,#17063);
#17061 = CARTESIAN_POINT('',(189.45544920228,-41.02626809652,0.));
#17062 = DIRECTION('',(-0.,-0.,-1.));
#17063 = DIRECTION('',(9.086032757149E-03,0.999958721152,-0.));
#17064 = ADVANCED_FACE('',(#17065),#17076,.T.);
#17065 = FACE_BOUND('',#17066,.T.);
#17066 = EDGE_LOOP('',(#17067,#17073,#17074,#17075));
#17067 = ORIENTED_EDGE('',*,*,#17068,.T.);
#17068 = EDGE_CURVE('',#4199,#8590,#17069,.T.);
#17069 = LINE('',#17070,#17071);
#17070 = CARTESIAN_POINT('',(202.45997,-40.528734,0.));
#17071 = VECTOR('',#17072,1.);
#17072 = DIRECTION('',(0.,0.,1.));
#17073 = ORIENTED_EDGE('',*,*,#8589,.T.);
#17074 = ORIENTED_EDGE('',*,*,#17046,.F.);
#17075 = ORIENTED_EDGE('',*,*,#4198,.F.);
#17076 = PLANE('',#17077);
#17077 = AXIS2_PLACEMENT_3D('',#17078,#17079,#17080);
#17078 = CARTESIAN_POINT('',(202.45997,-40.528734,0.));
#17079 = DIRECTION('',(0.,-1.,0.));
#17080 = DIRECTION('',(-1.,0.,0.));
#17081 = ADVANCED_FACE('',(#17082),#17093,.T.);
#17082 = FACE_BOUND('',#17083,.T.);
#17083 = EDGE_LOOP('',(#17084,#17085,#17086,#17092));
#17084 = ORIENTED_EDGE('',*,*,#17053,.T.);
#17085 = ORIENTED_EDGE('',*,*,#8680,.T.);
#17086 = ORIENTED_EDGE('',*,*,#17087,.F.);
#17087 = EDGE_CURVE('',#4282,#8673,#17088,.T.);
#17088 = LINE('',#17089,#17090);
#17089 = CARTESIAN_POINT('',(188.95997,-41.028734,0.));
#17090 = VECTOR('',#17091,1.);
#17091 = DIRECTION('',(0.,0.,1.));
#17092 = ORIENTED_EDGE('',*,*,#4289,.F.);
#17093 = PLANE('',#17094);
#17094 = AXIS2_PLACEMENT_3D('',#17095,#17096,#17097);
#17095 = CARTESIAN_POINT('',(188.961913,-40.96316,0.));
#17096 = DIRECTION('',(0.999561301254,-2.961764736554E-02,0.));
#17097 = DIRECTION('',(-2.961764736554E-02,-0.999561301254,0.));
#17098 = ADVANCED_FACE('',(#17099),#17110,.T.);
#17099 = FACE_BOUND('',#17100,.T.);
#17100 = EDGE_LOOP('',(#17101,#17107,#17108,#17109));
#17101 = ORIENTED_EDGE('',*,*,#17102,.T.);
#17102 = EDGE_CURVE('',#4207,#8598,#17103,.T.);
#17103 = LINE('',#17104,#17105);
#17104 = CARTESIAN_POINT('',(202.525541,-40.530678,0.));
#17105 = VECTOR('',#17106,1.);
#17106 = DIRECTION('',(0.,0.,1.));
#17107 = ORIENTED_EDGE('',*,*,#8597,.T.);
#17108 = ORIENTED_EDGE('',*,*,#17068,.F.);
#17109 = ORIENTED_EDGE('',*,*,#4206,.F.);
#17110 = PLANE('',#17111);
#17111 = AXIS2_PLACEMENT_3D('',#17112,#17113,#17114);
#17112 = CARTESIAN_POINT('',(202.525541,-40.530678,0.));
#17113 = DIRECTION('',(-2.963423181093E-02,-0.999560809708,0.));
#17114 = DIRECTION('',(-0.999560809708,2.963423181093E-02,0.));
#17115 = ADVANCED_FACE('',(#17116),#17127,.T.);
#17116 = FACE_BOUND('',#17117,.T.);
#17117 = EDGE_LOOP('',(#17118,#17119,#17120,#17126));
#17118 = ORIENTED_EDGE('',*,*,#17087,.T.);
#17119 = ORIENTED_EDGE('',*,*,#8672,.T.);
#17120 = ORIENTED_EDGE('',*,*,#17121,.F.);
#17121 = EDGE_CURVE('',#4274,#8665,#17122,.T.);
#17122 = LINE('',#17123,#17124);
#17123 = CARTESIAN_POINT('',(188.95997,-54.028734,0.));
#17124 = VECTOR('',#17125,1.);
#17125 = DIRECTION('',(0.,0.,1.));
#17126 = ORIENTED_EDGE('',*,*,#4281,.F.);
#17127 = PLANE('',#17128);
#17128 = AXIS2_PLACEMENT_3D('',#17129,#17130,#17131);
#17129 = CARTESIAN_POINT('',(188.95997,-41.028734,0.));
#17130 = DIRECTION('',(1.,0.,-0.));
#17131 = DIRECTION('',(0.,-1.,0.));
#17132 = ADVANCED_FACE('',(#17133),#17144,.F.);
#17133 = FACE_BOUND('',#17134,.T.);
#17134 = EDGE_LOOP('',(#17135,#17141,#17142,#17143));
#17135 = ORIENTED_EDGE('',*,*,#17136,.T.);
#17136 = EDGE_CURVE('',#4215,#8606,#17137,.T.);
#17137 = LINE('',#17138,#17139);
#17138 = CARTESIAN_POINT('',(202.95997,-41.028734,0.));
#17139 = VECTOR('',#17140,1.);
#17140 = DIRECTION('',(0.,0.,1.));
#17141 = ORIENTED_EDGE('',*,*,#8605,.T.);
#17142 = ORIENTED_EDGE('',*,*,#17102,.F.);
#17143 = ORIENTED_EDGE('',*,*,#4214,.F.);
#17144 = CYLINDRICAL_SURFACE('',#17145,0.49762810037);
#17145 = AXIS2_PLACEMENT_3D('',#17146,#17147,#17148);
#17146 = CARTESIAN_POINT('',(202.46236184008,-41.02427917507,0.));
#17147 = DIRECTION('',(-0.,-0.,-1.));
#17148 = DIRECTION('',(0.999959928999,-8.952116905798E-03,0.));
#17149 = ADVANCED_FACE('',(#17150),#17161,.T.);
#17150 = FACE_BOUND('',#17151,.T.);
#17151 = EDGE_LOOP('',(#17152,#17153,#17154,#17160));
#17152 = ORIENTED_EDGE('',*,*,#17121,.T.);
#17153 = ORIENTED_EDGE('',*,*,#8664,.T.);
#17154 = ORIENTED_EDGE('',*,*,#17155,.F.);
#17155 = EDGE_CURVE('',#4265,#8656,#17156,.T.);
#17156 = LINE('',#17157,#17158);
#17157 = CARTESIAN_POINT('',(188.962734,-54.027618,0.));
#17158 = VECTOR('',#17159,1.);
#17159 = DIRECTION('',(0.,0.,1.));
#17160 = ORIENTED_EDGE('',*,*,#4273,.F.);
#17161 = PLANE('',#17162);
#17162 = AXIS2_PLACEMENT_3D('',#17163,#17164,#17165);
#17163 = CARTESIAN_POINT('',(188.95997,-54.028734,0.));
#17164 = DIRECTION('',(-0.374396485847,0.927268715845,0.));
#17165 = DIRECTION('',(0.927268715845,0.374396485847,0.));
#17166 = ADVANCED_FACE('',(#17167),#17178,.T.);
#17167 = FACE_BOUND('',#17168,.T.);
#17168 = EDGE_LOOP('',(#17169,#17175,#17176,#17177));
#17169 = ORIENTED_EDGE('',*,*,#17170,.T.);
#17170 = EDGE_CURVE('',#4224,#8615,#17171,.T.);
#17171 = LINE('',#17172,#17173);
#17172 = CARTESIAN_POINT('',(202.95997,-54.028734,0.));
#17173 = VECTOR('',#17174,1.);
#17174 = DIRECTION('',(0.,0.,1.));
#17175 = ORIENTED_EDGE('',*,*,#8614,.T.);
#17176 = ORIENTED_EDGE('',*,*,#17136,.F.);
#17177 = ORIENTED_EDGE('',*,*,#4223,.F.);
#17178 = PLANE('',#17179);
#17179 = AXIS2_PLACEMENT_3D('',#17180,#17181,#17182);
#17180 = CARTESIAN_POINT('',(202.95997,-54.028734,0.));
#17181 = DIRECTION('',(-1.,0.,0.));
#17182 = DIRECTION('',(0.,1.,0.));
#17183 = ADVANCED_FACE('',(#17184),#17195,.F.);
#17184 = FACE_BOUND('',#17185,.T.);
#17185 = EDGE_LOOP('',(#17186,#17187,#17188,#17194));
#17186 = ORIENTED_EDGE('',*,*,#17155,.T.);
#17187 = ORIENTED_EDGE('',*,*,#8655,.T.);
#17188 = ORIENTED_EDGE('',*,*,#17189,.F.);
#17189 = EDGE_CURVE('',#4257,#8648,#17190,.T.);
#17190 = LINE('',#17191,#17192);
#17191 = CARTESIAN_POINT('',(189.39716,-54.525675,0.));
#17192 = VECTOR('',#17193,1.);
#17193 = DIRECTION('',(0.,0.,1.));
#17194 = ORIENTED_EDGE('',*,*,#4264,.F.);
#17195 = CYLINDRICAL_SURFACE('',#17196,0.497565516144);
#17196 = AXIS2_PLACEMENT_3D('',#17197,#17198,#17199);
#17197 = CARTESIAN_POINT('',(189.46027906494,-54.03212923059,0.));
#17198 = DIRECTION('',(-0.,-0.,-1.));
#17199 = DIRECTION('',(-0.999958897481,9.06660620712E-03,0.));
#17200 = ADVANCED_FACE('',(#17201),#17212,.T.);
#17201 = FACE_BOUND('',#17202,.T.);
#17202 = EDGE_LOOP('',(#17203,#17209,#17210,#17211));
#17203 = ORIENTED_EDGE('',*,*,#17204,.T.);
#17204 = EDGE_CURVE('',#4232,#8623,#17205,.T.);
#17205 = LINE('',#17206,#17207);
#17206 = CARTESIAN_POINT('',(202.957827,-54.094274,0.));
#17207 = VECTOR('',#17208,1.);
#17208 = DIRECTION('',(0.,0.,1.));
#17209 = ORIENTED_EDGE('',*,*,#8622,.T.);
#17210 = ORIENTED_EDGE('',*,*,#17170,.F.);
#17211 = ORIENTED_EDGE('',*,*,#4231,.F.);
#17212 = PLANE('',#17213);
#17213 = AXIS2_PLACEMENT_3D('',#17214,#17215,#17216);
#17214 = CARTESIAN_POINT('',(202.957827,-54.094274,0.));
#17215 = DIRECTION('',(-0.999465862088,3.268012423627E-02,0.));
#17216 = DIRECTION('',(3.268012423627E-02,0.999465862088,0.));
#17217 = ADVANCED_FACE('',(#17218),#17229,.T.);
#17218 = FACE_BOUND('',#17219,.T.);
#17219 = EDGE_LOOP('',(#17220,#17221,#17222,#17228));
#17220 = ORIENTED_EDGE('',*,*,#17189,.T.);
#17221 = ORIENTED_EDGE('',*,*,#8647,.T.);
#17222 = ORIENTED_EDGE('',*,*,#17223,.F.);
#17223 = EDGE_CURVE('',#4249,#8640,#17224,.T.);
#17224 = LINE('',#17225,#17226);
#17225 = CARTESIAN_POINT('',(189.45997,-54.528734,0.));
#17226 = VECTOR('',#17227,1.);
#17227 = DIRECTION('',(0.,0.,1.));
#17228 = ORIENTED_EDGE('',*,*,#4256,.F.);
#17229 = PLANE('',#17230);
#17230 = AXIS2_PLACEMENT_3D('',#17231,#17232,#17233);
#17231 = CARTESIAN_POINT('',(189.39716,-54.525675,0.));
#17232 = DIRECTION('',(4.864477914807E-02,0.998816141971,-0.));
#17233 = DIRECTION('',(0.998816141971,-4.864477914807E-02,0.));
#17234 = ADVANCED_FACE('',(#17235),#17246,.F.);
#17235 = FACE_BOUND('',#17236,.T.);
#17236 = EDGE_LOOP('',(#17237,#17243,#17244,#17245));
#17237 = ORIENTED_EDGE('',*,*,#17238,.T.);
#17238 = EDGE_CURVE('',#4240,#8631,#17239,.T.);
#17239 = LINE('',#17240,#17241);
#17240 = CARTESIAN_POINT('',(202.45997,-54.528734,0.));
#17241 = VECTOR('',#17242,1.);
#17242 = DIRECTION('',(0.,0.,1.));
#17243 = ORIENTED_EDGE('',*,*,#8630,.T.);
#17244 = ORIENTED_EDGE('',*,*,#17204,.F.);
#17245 = ORIENTED_EDGE('',*,*,#4239,.F.);
#17246 = CYLINDRICAL_SURFACE('',#17247,0.497940142437);
#17247 = AXIS2_PLACEMENT_3D('',#17248,#17249,#17250);
#17248 = CARTESIAN_POINT('',(202.46394779014,-54.03080974608,0.));
#17249 = DIRECTION('',(-0.,-0.,-1.));
#17250 = DIRECTION('',(-7.98849059914E-03,-0.9999680915,0.));
#17251 = ADVANCED_FACE('',(#17252),#17258,.T.);
#17252 = FACE_BOUND('',#17253,.T.);
#17253 = EDGE_LOOP('',(#17254,#17255,#17256,#17257));
#17254 = ORIENTED_EDGE('',*,*,#17223,.T.);
#17255 = ORIENTED_EDGE('',*,*,#8639,.T.);
#17256 = ORIENTED_EDGE('',*,*,#17238,.F.);
#17257 = ORIENTED_EDGE('',*,*,#4248,.F.);
#17258 = PLANE('',#17259);
#17259 = AXIS2_PLACEMENT_3D('',#17260,#17261,#17262);
#17260 = CARTESIAN_POINT('',(189.45997,-54.528734,0.));
#17261 = DIRECTION('',(0.,1.,0.));
#17262 = DIRECTION('',(1.,0.,0.));
#17263 = ADVANCED_FACE('',(#17264),#17280,.F.);
#17264 = FACE_BOUND('',#17265,.T.);
#17265 = EDGE_LOOP('',(#17266,#17272,#17273,#17279));
#17266 = ORIENTED_EDGE('',*,*,#17267,.T.);
#17267 = EDGE_CURVE('',#4298,#8689,#17268,.T.);
#17268 = LINE('',#17269,#17270);
#17269 = CARTESIAN_POINT('',(208.50997,-40.528734,0.));
#17270 = VECTOR('',#17271,1.);
#17271 = DIRECTION('',(0.,0.,1.));
#17272 = ORIENTED_EDGE('',*,*,#8688,.T.);
#17273 = ORIENTED_EDGE('',*,*,#17274,.F.);
#17274 = EDGE_CURVE('',#4300,#8691,#17275,.T.);
#17275 = LINE('',#17276,#17277);
#17276 = CARTESIAN_POINT('',(208.011913,-40.96316,0.));
#17277 = VECTOR('',#17278,1.);
#17278 = DIRECTION('',(0.,0.,1.));
#17279 = ORIENTED_EDGE('',*,*,#4297,.F.);
#17280 = CYLINDRICAL_SURFACE('',#17281,0.497554635006);
#17281 = AXIS2_PLACEMENT_3D('',#17282,#17283,#17284);
#17282 = CARTESIAN_POINT('',(208.50544920228,-41.02626809652,0.));
#17283 = DIRECTION('',(-0.,-0.,-1.));
#17284 = DIRECTION('',(9.086032757206E-03,0.999958721152,-0.));
#17285 = ADVANCED_FACE('',(#17286),#17297,.T.);
#17286 = FACE_BOUND('',#17287,.T.);
#17287 = EDGE_LOOP('',(#17288,#17294,#17295,#17296));
#17288 = ORIENTED_EDGE('',*,*,#17289,.T.);
#17289 = EDGE_CURVE('',#4309,#8700,#17290,.T.);
#17290 = LINE('',#17291,#17292);
#17291 = CARTESIAN_POINT('',(221.50997,-40.528734,0.));
#17292 = VECTOR('',#17293,1.);
#17293 = DIRECTION('',(0.,0.,1.));
#17294 = ORIENTED_EDGE('',*,*,#8699,.T.);
#17295 = ORIENTED_EDGE('',*,*,#17267,.F.);
#17296 = ORIENTED_EDGE('',*,*,#4308,.F.);
#17297 = PLANE('',#17298);
#17298 = AXIS2_PLACEMENT_3D('',#17299,#17300,#17301);
#17299 = CARTESIAN_POINT('',(221.50997,-40.528734,0.));
#17300 = DIRECTION('',(0.,-1.,0.));
#17301 = DIRECTION('',(-1.,0.,0.));
#17302 = ADVANCED_FACE('',(#17303),#17314,.T.);
#17303 = FACE_BOUND('',#17304,.T.);
#17304 = EDGE_LOOP('',(#17305,#17306,#17307,#17313));
#17305 = ORIENTED_EDGE('',*,*,#17274,.T.);
#17306 = ORIENTED_EDGE('',*,*,#8790,.T.);
#17307 = ORIENTED_EDGE('',*,*,#17308,.F.);
#17308 = EDGE_CURVE('',#4392,#8783,#17309,.T.);
#17309 = LINE('',#17310,#17311);
#17310 = CARTESIAN_POINT('',(208.00997,-41.028734,0.));
#17311 = VECTOR('',#17312,1.);
#17312 = DIRECTION('',(0.,0.,1.));
#17313 = ORIENTED_EDGE('',*,*,#4399,.F.);
#17314 = PLANE('',#17315);
#17315 = AXIS2_PLACEMENT_3D('',#17316,#17317,#17318);
#17316 = CARTESIAN_POINT('',(208.011913,-40.96316,0.));
#17317 = DIRECTION('',(0.999561301254,-2.961764736511E-02,0.));
#17318 = DIRECTION('',(-2.961764736511E-02,-0.999561301254,0.));
#17319 = ADVANCED_FACE('',(#17320),#17331,.T.);
#17320 = FACE_BOUND('',#17321,.T.);
#17321 = EDGE_LOOP('',(#17322,#17328,#17329,#17330));
#17322 = ORIENTED_EDGE('',*,*,#17323,.T.);
#17323 = EDGE_CURVE('',#4317,#8708,#17324,.T.);
#17324 = LINE('',#17325,#17326);
#17325 = CARTESIAN_POINT('',(221.575541,-40.530678,0.));
#17326 = VECTOR('',#17327,1.);
#17327 = DIRECTION('',(0.,0.,1.));
#17328 = ORIENTED_EDGE('',*,*,#8707,.T.);
#17329 = ORIENTED_EDGE('',*,*,#17289,.F.);
#17330 = ORIENTED_EDGE('',*,*,#4316,.F.);
#17331 = PLANE('',#17332);
#17332 = AXIS2_PLACEMENT_3D('',#17333,#17334,#17335);
#17333 = CARTESIAN_POINT('',(221.575541,-40.530678,0.));
#17334 = DIRECTION('',(-2.963423181095E-02,-0.999560809708,0.));
#17335 = DIRECTION('',(-0.999560809708,2.963423181095E-02,0.));
#17336 = ADVANCED_FACE('',(#17337),#17348,.T.);
#17337 = FACE_BOUND('',#17338,.T.);
#17338 = EDGE_LOOP('',(#17339,#17340,#17341,#17347));
#17339 = ORIENTED_EDGE('',*,*,#17308,.T.);
#17340 = ORIENTED_EDGE('',*,*,#8782,.T.);
#17341 = ORIENTED_EDGE('',*,*,#17342,.F.);
#17342 = EDGE_CURVE('',#4384,#8775,#17343,.T.);
#17343 = LINE('',#17344,#17345);
#17344 = CARTESIAN_POINT('',(208.00997,-54.028734,0.));
#17345 = VECTOR('',#17346,1.);
#17346 = DIRECTION('',(0.,0.,1.));
#17347 = ORIENTED_EDGE('',*,*,#4391,.F.);
#17348 = PLANE('',#17349);
#17349 = AXIS2_PLACEMENT_3D('',#17350,#17351,#17352);
#17350 = CARTESIAN_POINT('',(208.00997,-41.028734,0.));
#17351 = DIRECTION('',(1.,0.,-0.));
#17352 = DIRECTION('',(0.,-1.,0.));
#17353 = ADVANCED_FACE('',(#17354),#17365,.F.);
#17354 = FACE_BOUND('',#17355,.T.);
#17355 = EDGE_LOOP('',(#17356,#17362,#17363,#17364));
#17356 = ORIENTED_EDGE('',*,*,#17357,.T.);
#17357 = EDGE_CURVE('',#4325,#8716,#17358,.T.);
#17358 = LINE('',#17359,#17360);
#17359 = CARTESIAN_POINT('',(222.00997,-41.028734,0.));
#17360 = VECTOR('',#17361,1.);
#17361 = DIRECTION('',(0.,0.,1.));
#17362 = ORIENTED_EDGE('',*,*,#8715,.T.);
#17363 = ORIENTED_EDGE('',*,*,#17323,.F.);
#17364 = ORIENTED_EDGE('',*,*,#4324,.F.);
#17365 = CYLINDRICAL_SURFACE('',#17366,0.49762810037);
#17366 = AXIS2_PLACEMENT_3D('',#17367,#17368,#17369);
#17367 = CARTESIAN_POINT('',(221.51236184008,-41.02427917507,0.));
#17368 = DIRECTION('',(-0.,-0.,-1.));
#17369 = DIRECTION('',(0.999959928999,-8.952116905813E-03,0.));
#17370 = ADVANCED_FACE('',(#17371),#17382,.T.);
#17371 = FACE_BOUND('',#17372,.T.);
#17372 = EDGE_LOOP('',(#17373,#17374,#17375,#17381));
#17373 = ORIENTED_EDGE('',*,*,#17342,.T.);
#17374 = ORIENTED_EDGE('',*,*,#8774,.T.);
#17375 = ORIENTED_EDGE('',*,*,#17376,.F.);
#17376 = EDGE_CURVE('',#4375,#8766,#17377,.T.);
#17377 = LINE('',#17378,#17379);
#17378 = CARTESIAN_POINT('',(208.012734,-54.027618,0.));
#17379 = VECTOR('',#17380,1.);
#17380 = DIRECTION('',(0.,0.,1.));
#17381 = ORIENTED_EDGE('',*,*,#4383,.F.);
#17382 = PLANE('',#17383);
#17383 = AXIS2_PLACEMENT_3D('',#17384,#17385,#17386);
#17384 = CARTESIAN_POINT('',(208.00997,-54.028734,0.));
#17385 = DIRECTION('',(-0.37439648585,0.927268715844,0.));
#17386 = DIRECTION('',(0.927268715844,0.37439648585,0.));
#17387 = ADVANCED_FACE('',(#17388),#17399,.T.);
#17388 = FACE_BOUND('',#17389,.T.);
#17389 = EDGE_LOOP('',(#17390,#17396,#17397,#17398));
#17390 = ORIENTED_EDGE('',*,*,#17391,.T.);
#17391 = EDGE_CURVE('',#4334,#8725,#17392,.T.);
#17392 = LINE('',#17393,#17394);
#17393 = CARTESIAN_POINT('',(222.00997,-54.028734,0.));
#17394 = VECTOR('',#17395,1.);
#17395 = DIRECTION('',(0.,0.,1.));
#17396 = ORIENTED_EDGE('',*,*,#8724,.T.);
#17397 = ORIENTED_EDGE('',*,*,#17357,.F.);
#17398 = ORIENTED_EDGE('',*,*,#4333,.F.);
#17399 = PLANE('',#17400);
#17400 = AXIS2_PLACEMENT_3D('',#17401,#17402,#17403);
#17401 = CARTESIAN_POINT('',(222.00997,-54.028734,0.));
#17402 = DIRECTION('',(-1.,0.,0.));
#17403 = DIRECTION('',(0.,1.,0.));
#17404 = ADVANCED_FACE('',(#17405),#17416,.F.);
#17405 = FACE_BOUND('',#17406,.T.);
#17406 = EDGE_LOOP('',(#17407,#17408,#17409,#17415));
#17407 = ORIENTED_EDGE('',*,*,#17376,.T.);
#17408 = ORIENTED_EDGE('',*,*,#8765,.T.);
#17409 = ORIENTED_EDGE('',*,*,#17410,.F.);
#17410 = EDGE_CURVE('',#4367,#8758,#17411,.T.);
#17411 = LINE('',#17412,#17413);
#17412 = CARTESIAN_POINT('',(208.44716,-54.525675,0.));
#17413 = VECTOR('',#17414,1.);
#17414 = DIRECTION('',(0.,0.,1.));
#17415 = ORIENTED_EDGE('',*,*,#4374,.F.);
#17416 = CYLINDRICAL_SURFACE('',#17417,0.497565516144);
#17417 = AXIS2_PLACEMENT_3D('',#17418,#17419,#17420);
#17418 = CARTESIAN_POINT('',(208.51027906494,-54.03212923059,0.));
#17419 = DIRECTION('',(-0.,-0.,-1.));
#17420 = DIRECTION('',(-0.999958897481,9.06660620699E-03,0.));
#17421 = ADVANCED_FACE('',(#17422),#17433,.T.);
#17422 = FACE_BOUND('',#17423,.T.);
#17423 = EDGE_LOOP('',(#17424,#17430,#17431,#17432));
#17424 = ORIENTED_EDGE('',*,*,#17425,.T.);
#17425 = EDGE_CURVE('',#4342,#8733,#17426,.T.);
#17426 = LINE('',#17427,#17428);
#17427 = CARTESIAN_POINT('',(222.007827,-54.094274,0.));
#17428 = VECTOR('',#17429,1.);
#17429 = DIRECTION('',(0.,0.,1.));
#17430 = ORIENTED_EDGE('',*,*,#8732,.T.);
#17431 = ORIENTED_EDGE('',*,*,#17391,.F.);
#17432 = ORIENTED_EDGE('',*,*,#4341,.F.);
#17433 = PLANE('',#17434);
#17434 = AXIS2_PLACEMENT_3D('',#17435,#17436,#17437);
#17435 = CARTESIAN_POINT('',(222.007827,-54.094274,0.));
#17436 = DIRECTION('',(-0.999465862088,3.26801242367E-02,0.));
#17437 = DIRECTION('',(3.26801242367E-02,0.999465862088,0.));
#17438 = ADVANCED_FACE('',(#17439),#17450,.T.);
#17439 = FACE_BOUND('',#17440,.T.);
#17440 = EDGE_LOOP('',(#17441,#17442,#17443,#17449));
#17441 = ORIENTED_EDGE('',*,*,#17410,.T.);
#17442 = ORIENTED_EDGE('',*,*,#8757,.T.);
#17443 = ORIENTED_EDGE('',*,*,#17444,.F.);
#17444 = EDGE_CURVE('',#4359,#8750,#17445,.T.);
#17445 = LINE('',#17446,#17447);
#17446 = CARTESIAN_POINT('',(208.50997,-54.528734,0.));
#17447 = VECTOR('',#17448,1.);
#17448 = DIRECTION('',(0.,0.,1.));
#17449 = ORIENTED_EDGE('',*,*,#4366,.F.);
#17450 = PLANE('',#17451);
#17451 = AXIS2_PLACEMENT_3D('',#17452,#17453,#17454);
#17452 = CARTESIAN_POINT('',(208.44716,-54.525675,0.));
#17453 = DIRECTION('',(4.864477914805E-02,0.998816141971,-0.));
#17454 = DIRECTION('',(0.998816141971,-4.864477914805E-02,0.));
#17455 = ADVANCED_FACE('',(#17456),#17467,.F.);
#17456 = FACE_BOUND('',#17457,.T.);
#17457 = EDGE_LOOP('',(#17458,#17464,#17465,#17466));
#17458 = ORIENTED_EDGE('',*,*,#17459,.T.);
#17459 = EDGE_CURVE('',#4350,#8741,#17460,.T.);
#17460 = LINE('',#17461,#17462);
#17461 = CARTESIAN_POINT('',(221.50997,-54.528734,0.));
#17462 = VECTOR('',#17463,1.);
#17463 = DIRECTION('',(0.,0.,1.));
#17464 = ORIENTED_EDGE('',*,*,#8740,.T.);
#17465 = ORIENTED_EDGE('',*,*,#17425,.F.);
#17466 = ORIENTED_EDGE('',*,*,#4349,.F.);
#17467 = CYLINDRICAL_SURFACE('',#17468,0.497940142437);
#17468 = AXIS2_PLACEMENT_3D('',#17469,#17470,#17471);
#17469 = CARTESIAN_POINT('',(221.51394779014,-54.03080974608,0.));
#17470 = DIRECTION('',(-0.,-0.,-1.));
#17471 = DIRECTION('',(-7.988490599025E-03,-0.9999680915,0.));
#17472 = ADVANCED_FACE('',(#17473),#17479,.T.);
#17473 = FACE_BOUND('',#17474,.T.);
#17474 = EDGE_LOOP('',(#17475,#17476,#17477,#17478));
#17475 = ORIENTED_EDGE('',*,*,#17444,.T.);
#17476 = ORIENTED_EDGE('',*,*,#8749,.T.);
#17477 = ORIENTED_EDGE('',*,*,#17459,.F.);
#17478 = ORIENTED_EDGE('',*,*,#4358,.F.);
#17479 = PLANE('',#17480);
#17480 = AXIS2_PLACEMENT_3D('',#17481,#17482,#17483);
#17481 = CARTESIAN_POINT('',(208.50997,-54.528734,0.));
#17482 = DIRECTION('',(0.,1.,0.));
#17483 = DIRECTION('',(1.,0.,0.));
#17484 = ADVANCED_FACE('',(#17485),#17501,.F.);
#17485 = FACE_BOUND('',#17486,.T.);
#17486 = EDGE_LOOP('',(#17487,#17493,#17494,#17500));
#17487 = ORIENTED_EDGE('',*,*,#17488,.T.);
#17488 = EDGE_CURVE('',#4408,#8799,#17489,.T.);
#17489 = LINE('',#17490,#17491);
#17490 = CARTESIAN_POINT('',(227.55997,-40.528734,0.));
#17491 = VECTOR('',#17492,1.);
#17492 = DIRECTION('',(0.,0.,1.));
#17493 = ORIENTED_EDGE('',*,*,#8798,.T.);
#17494 = ORIENTED_EDGE('',*,*,#17495,.F.);
#17495 = EDGE_CURVE('',#4410,#8801,#17496,.T.);
#17496 = LINE('',#17497,#17498);
#17497 = CARTESIAN_POINT('',(227.061913,-40.96316,0.));
#17498 = VECTOR('',#17499,1.);
#17499 = DIRECTION('',(0.,0.,1.));
#17500 = ORIENTED_EDGE('',*,*,#4407,.F.);
#17501 = CYLINDRICAL_SURFACE('',#17502,0.497554635006);
#17502 = AXIS2_PLACEMENT_3D('',#17503,#17504,#17505);
#17503 = CARTESIAN_POINT('',(227.55544920228,-41.02626809652,0.));
#17504 = DIRECTION('',(-0.,-0.,-1.));
#17505 = DIRECTION('',(9.086032757207E-03,0.999958721152,-0.));
#17506 = ADVANCED_FACE('',(#17507),#17518,.T.);
#17507 = FACE_BOUND('',#17508,.T.);
#17508 = EDGE_LOOP('',(#17509,#17515,#17516,#17517));
#17509 = ORIENTED_EDGE('',*,*,#17510,.T.);
#17510 = EDGE_CURVE('',#4419,#8810,#17511,.T.);
#17511 = LINE('',#17512,#17513);
#17512 = CARTESIAN_POINT('',(240.55997,-40.528734,0.));
#17513 = VECTOR('',#17514,1.);
#17514 = DIRECTION('',(0.,0.,1.));
#17515 = ORIENTED_EDGE('',*,*,#8809,.T.);
#17516 = ORIENTED_EDGE('',*,*,#17488,.F.);
#17517 = ORIENTED_EDGE('',*,*,#4418,.F.);
#17518 = PLANE('',#17519);
#17519 = AXIS2_PLACEMENT_3D('',#17520,#17521,#17522);
#17520 = CARTESIAN_POINT('',(240.55997,-40.528734,0.));
#17521 = DIRECTION('',(0.,-1.,0.));
#17522 = DIRECTION('',(-1.,0.,0.));
#17523 = ADVANCED_FACE('',(#17524),#17535,.T.);
#17524 = FACE_BOUND('',#17525,.T.);
#17525 = EDGE_LOOP('',(#17526,#17527,#17528,#17534));
#17526 = ORIENTED_EDGE('',*,*,#17495,.T.);
#17527 = ORIENTED_EDGE('',*,*,#8900,.T.);
#17528 = ORIENTED_EDGE('',*,*,#17529,.F.);
#17529 = EDGE_CURVE('',#4502,#8893,#17530,.T.);
#17530 = LINE('',#17531,#17532);
#17531 = CARTESIAN_POINT('',(227.05997,-41.028734,0.));
#17532 = VECTOR('',#17533,1.);
#17533 = DIRECTION('',(0.,0.,1.));
#17534 = ORIENTED_EDGE('',*,*,#4509,.F.);
#17535 = PLANE('',#17536);
#17536 = AXIS2_PLACEMENT_3D('',#17537,#17538,#17539);
#17537 = CARTESIAN_POINT('',(227.061913,-40.96316,0.));
#17538 = DIRECTION('',(0.999561301254,-2.961764736554E-02,0.));
#17539 = DIRECTION('',(-2.961764736554E-02,-0.999561301254,0.));
#17540 = ADVANCED_FACE('',(#17541),#17552,.T.);
#17541 = FACE_BOUND('',#17542,.T.);
#17542 = EDGE_LOOP('',(#17543,#17549,#17550,#17551));
#17543 = ORIENTED_EDGE('',*,*,#17544,.T.);
#17544 = EDGE_CURVE('',#4427,#8818,#17545,.T.);
#17545 = LINE('',#17546,#17547);
#17546 = CARTESIAN_POINT('',(240.625541,-40.530678,0.));
#17547 = VECTOR('',#17548,1.);
#17548 = DIRECTION('',(0.,0.,1.));
#17549 = ORIENTED_EDGE('',*,*,#8817,.T.);
#17550 = ORIENTED_EDGE('',*,*,#17510,.F.);
#17551 = ORIENTED_EDGE('',*,*,#4426,.F.);
#17552 = PLANE('',#17553);
#17553 = AXIS2_PLACEMENT_3D('',#17554,#17555,#17556);
#17554 = CARTESIAN_POINT('',(240.625541,-40.530678,0.));
#17555 = DIRECTION('',(-2.963423181093E-02,-0.999560809708,0.));
#17556 = DIRECTION('',(-0.999560809708,2.963423181093E-02,0.));
#17557 = ADVANCED_FACE('',(#17558),#17569,.T.);
#17558 = FACE_BOUND('',#17559,.T.);
#17559 = EDGE_LOOP('',(#17560,#17561,#17562,#17568));
#17560 = ORIENTED_EDGE('',*,*,#17529,.T.);
#17561 = ORIENTED_EDGE('',*,*,#8892,.T.);
#17562 = ORIENTED_EDGE('',*,*,#17563,.F.);
#17563 = EDGE_CURVE('',#4494,#8885,#17564,.T.);
#17564 = LINE('',#17565,#17566);
#17565 = CARTESIAN_POINT('',(227.05997,-54.028734,0.));
#17566 = VECTOR('',#17567,1.);
#17567 = DIRECTION('',(0.,0.,1.));
#17568 = ORIENTED_EDGE('',*,*,#4501,.F.);
#17569 = PLANE('',#17570);
#17570 = AXIS2_PLACEMENT_3D('',#17571,#17572,#17573);
#17571 = CARTESIAN_POINT('',(227.05997,-41.028734,0.));
#17572 = DIRECTION('',(1.,0.,-0.));
#17573 = DIRECTION('',(0.,-1.,0.));
#17574 = ADVANCED_FACE('',(#17575),#17586,.F.);
#17575 = FACE_BOUND('',#17576,.T.);
#17576 = EDGE_LOOP('',(#17577,#17583,#17584,#17585));
#17577 = ORIENTED_EDGE('',*,*,#17578,.T.);
#17578 = EDGE_CURVE('',#4435,#8826,#17579,.T.);
#17579 = LINE('',#17580,#17581);
#17580 = CARTESIAN_POINT('',(241.05997,-41.028734,0.));
#17581 = VECTOR('',#17582,1.);
#17582 = DIRECTION('',(0.,0.,1.));
#17583 = ORIENTED_EDGE('',*,*,#8825,.T.);
#17584 = ORIENTED_EDGE('',*,*,#17544,.F.);
#17585 = ORIENTED_EDGE('',*,*,#4434,.F.);
#17586 = CYLINDRICAL_SURFACE('',#17587,0.49762810037);
#17587 = AXIS2_PLACEMENT_3D('',#17588,#17589,#17590);
#17588 = CARTESIAN_POINT('',(240.56236184008,-41.02427917507,0.));
#17589 = DIRECTION('',(-0.,-0.,-1.));
#17590 = DIRECTION('',(0.999959928999,-8.952116905928E-03,0.));
#17591 = ADVANCED_FACE('',(#17592),#17603,.T.);
#17592 = FACE_BOUND('',#17593,.T.);
#17593 = EDGE_LOOP('',(#17594,#17595,#17596,#17602));
#17594 = ORIENTED_EDGE('',*,*,#17563,.T.);
#17595 = ORIENTED_EDGE('',*,*,#8884,.T.);
#17596 = ORIENTED_EDGE('',*,*,#17597,.F.);
#17597 = EDGE_CURVE('',#4485,#8876,#17598,.T.);
#17598 = LINE('',#17599,#17600);
#17599 = CARTESIAN_POINT('',(227.062734,-54.027618,0.));
#17600 = VECTOR('',#17601,1.);
#17601 = DIRECTION('',(0.,0.,1.));
#17602 = ORIENTED_EDGE('',*,*,#4493,.F.);
#17603 = PLANE('',#17604);
#17604 = AXIS2_PLACEMENT_3D('',#17605,#17606,#17607);
#17605 = CARTESIAN_POINT('',(227.05997,-54.028734,0.));
#17606 = DIRECTION('',(-0.374396485847,0.927268715845,0.));
#17607 = DIRECTION('',(0.927268715845,0.374396485847,0.));
#17608 = ADVANCED_FACE('',(#17609),#17620,.T.);
#17609 = FACE_BOUND('',#17610,.T.);
#17610 = EDGE_LOOP('',(#17611,#17617,#17618,#17619));
#17611 = ORIENTED_EDGE('',*,*,#17612,.T.);
#17612 = EDGE_CURVE('',#4444,#8835,#17613,.T.);
#17613 = LINE('',#17614,#17615);
#17614 = CARTESIAN_POINT('',(241.05997,-54.028734,0.));
#17615 = VECTOR('',#17616,1.);
#17616 = DIRECTION('',(0.,0.,1.));
#17617 = ORIENTED_EDGE('',*,*,#8834,.T.);
#17618 = ORIENTED_EDGE('',*,*,#17578,.F.);
#17619 = ORIENTED_EDGE('',*,*,#4443,.F.);
#17620 = PLANE('',#17621);
#17621 = AXIS2_PLACEMENT_3D('',#17622,#17623,#17624);
#17622 = CARTESIAN_POINT('',(241.05997,-54.028734,0.));
#17623 = DIRECTION('',(-1.,0.,0.));
#17624 = DIRECTION('',(0.,1.,0.));
#17625 = ADVANCED_FACE('',(#17626),#17637,.F.);
#17626 = FACE_BOUND('',#17627,.T.);
#17627 = EDGE_LOOP('',(#17628,#17629,#17630,#17636));
#17628 = ORIENTED_EDGE('',*,*,#17597,.T.);
#17629 = ORIENTED_EDGE('',*,*,#8875,.T.);
#17630 = ORIENTED_EDGE('',*,*,#17631,.F.);
#17631 = EDGE_CURVE('',#4477,#8868,#17632,.T.);
#17632 = LINE('',#17633,#17634);
#17633 = CARTESIAN_POINT('',(227.49716,-54.525675,0.));
#17634 = VECTOR('',#17635,1.);
#17635 = DIRECTION('',(0.,0.,1.));
#17636 = ORIENTED_EDGE('',*,*,#4484,.F.);
#17637 = CYLINDRICAL_SURFACE('',#17638,0.497565516144);
#17638 = AXIS2_PLACEMENT_3D('',#17639,#17640,#17641);
#17639 = CARTESIAN_POINT('',(227.56027906494,-54.03212923059,0.));
#17640 = DIRECTION('',(-0.,-0.,-1.));
#17641 = DIRECTION('',(-0.999958897481,9.066606207105E-03,0.));
#17642 = ADVANCED_FACE('',(#17643),#17654,.T.);
#17643 = FACE_BOUND('',#17644,.T.);
#17644 = EDGE_LOOP('',(#17645,#17651,#17652,#17653));
#17645 = ORIENTED_EDGE('',*,*,#17646,.T.);
#17646 = EDGE_CURVE('',#4452,#8843,#17647,.T.);
#17647 = LINE('',#17648,#17649);
#17648 = CARTESIAN_POINT('',(241.057827,-54.094274,0.));
#17649 = VECTOR('',#17650,1.);
#17650 = DIRECTION('',(0.,0.,1.));
#17651 = ORIENTED_EDGE('',*,*,#8842,.T.);
#17652 = ORIENTED_EDGE('',*,*,#17612,.F.);
#17653 = ORIENTED_EDGE('',*,*,#4451,.F.);
#17654 = PLANE('',#17655);
#17655 = AXIS2_PLACEMENT_3D('',#17656,#17657,#17658);
#17656 = CARTESIAN_POINT('',(241.057827,-54.094274,0.));
#17657 = DIRECTION('',(-0.999465862088,3.268012423627E-02,0.));
#17658 = DIRECTION('',(3.268012423627E-02,0.999465862088,0.));
#17659 = ADVANCED_FACE('',(#17660),#17671,.T.);
#17660 = FACE_BOUND('',#17661,.T.);
#17661 = EDGE_LOOP('',(#17662,#17663,#17664,#17670));
#17662 = ORIENTED_EDGE('',*,*,#17631,.T.);
#17663 = ORIENTED_EDGE('',*,*,#8867,.T.);
#17664 = ORIENTED_EDGE('',*,*,#17665,.F.);
#17665 = EDGE_CURVE('',#4469,#8860,#17666,.T.);
#17666 = LINE('',#17667,#17668);
#17667 = CARTESIAN_POINT('',(227.55997,-54.528734,0.));
#17668 = VECTOR('',#17669,1.);
#17669 = DIRECTION('',(0.,0.,1.));
#17670 = ORIENTED_EDGE('',*,*,#4476,.F.);
#17671 = PLANE('',#17672);
#17672 = AXIS2_PLACEMENT_3D('',#17673,#17674,#17675);
#17673 = CARTESIAN_POINT('',(227.49716,-54.525675,0.));
#17674 = DIRECTION('',(4.864477914807E-02,0.998816141971,-0.));
#17675 = DIRECTION('',(0.998816141971,-4.864477914807E-02,0.));
#17676 = ADVANCED_FACE('',(#17677),#17688,.F.);
#17677 = FACE_BOUND('',#17678,.T.);
#17678 = EDGE_LOOP('',(#17679,#17685,#17686,#17687));
#17679 = ORIENTED_EDGE('',*,*,#17680,.T.);
#17680 = EDGE_CURVE('',#4460,#8851,#17681,.T.);
#17681 = LINE('',#17682,#17683);
#17682 = CARTESIAN_POINT('',(240.55997,-54.528734,0.));
#17683 = VECTOR('',#17684,1.);
#17684 = DIRECTION('',(0.,0.,1.));
#17685 = ORIENTED_EDGE('',*,*,#8850,.T.);
#17686 = ORIENTED_EDGE('',*,*,#17646,.F.);
#17687 = ORIENTED_EDGE('',*,*,#4459,.F.);
#17688 = CYLINDRICAL_SURFACE('',#17689,0.497940142437);
#17689 = AXIS2_PLACEMENT_3D('',#17690,#17691,#17692);
#17690 = CARTESIAN_POINT('',(240.56394779014,-54.03080974608,0.));
#17691 = DIRECTION('',(-0.,-0.,-1.));
#17692 = DIRECTION('',(-7.988490599025E-03,-0.9999680915,0.));
#17693 = ADVANCED_FACE('',(#17694),#17700,.T.);
#17694 = FACE_BOUND('',#17695,.T.);
#17695 = EDGE_LOOP('',(#17696,#17697,#17698,#17699));
#17696 = ORIENTED_EDGE('',*,*,#17665,.T.);
#17697 = ORIENTED_EDGE('',*,*,#8859,.T.);
#17698 = ORIENTED_EDGE('',*,*,#17680,.F.);
#17699 = ORIENTED_EDGE('',*,*,#4468,.F.);
#17700 = PLANE('',#17701);
#17701 = AXIS2_PLACEMENT_3D('',#17702,#17703,#17704);
#17702 = CARTESIAN_POINT('',(227.55997,-54.528734,0.));
#17703 = DIRECTION('',(0.,1.,0.));
#17704 = DIRECTION('',(1.,0.,0.));
#17705 = ADVANCED_FACE('',(#17706),#17717,.F.);
#17706 = FACE_BOUND('',#17707,.T.);
#17707 = EDGE_LOOP('',(#17708,#17709,#17715,#17716));
#17708 = ORIENTED_EDGE('',*,*,#4517,.T.);
#17709 = ORIENTED_EDGE('',*,*,#17710,.T.);
#17710 = EDGE_CURVE('',#4518,#8909,#17711,.T.);
#17711 = LINE('',#17712,#17713);
#17712 = CARTESIAN_POINT('',(195.95997,-37.119359,-4.5E-02));
#17713 = VECTOR('',#17714,1.);
#17714 = DIRECTION('',(0.,0.,1.));
#17715 = ORIENTED_EDGE('',*,*,#8908,.F.);
#17716 = ORIENTED_EDGE('',*,*,#17710,.F.);
#17717 = CYLINDRICAL_SURFACE('',#17718,1.1);
#17718 = AXIS2_PLACEMENT_3D('',#17719,#17720,#17721);
#17719 = CARTESIAN_POINT('',(195.95997,-36.019359,-4.5E-02));
#17720 = DIRECTION('',(-0.,-0.,-1.));
#17721 = DIRECTION('',(-0.,-1.,0.));
#17722 = ( GEOMETRIC_REPRESENTATION_CONTEXT(3) 
GLOBAL_UNCERTAINTY_ASSIGNED_CONTEXT((#17726)) 
GLOBAL_UNIT_ASSIGNED_CONTEXT((#17723,#17724,#17725)) 
REPRESENTATION_CONTEXT('Context #1',
  '3D Context with UNIT and UNCERTAINTY') );
#17723 = ( LENGTH_UNIT() NAMED_UNIT(*) SI_UNIT(.MILLI.,.METRE.) );
#17724 = ( NAMED_UNIT(*) PLANE_ANGLE_UNIT() SI_UNIT($,.RADIAN.) );
#17725 = ( NAMED_UNIT(*) SI_UNIT($,.STERADIAN.) SOLID_ANGLE_UNIT() );
#17726 = UNCERTAINTY_MEASURE_WITH_UNIT(LENGTH_MEASURE(1.E-07),#17723,
  'distance_accuracy_value','confusion accuracy');
#17727 = CONTEXT_DEPENDENT_SHAPE_REPRESENTATION(#17728,#17730);
#17728 = ( REPRESENTATION_RELATIONSHIP('','',#32,#10) 
REPRESENTATION_RELATIONSHIP_WITH_TRANSFORMATION(#17729) 
SHAPE_REPRESENTATION_RELATIONSHIP() );
#17729 = ITEM_DEFINED_TRANSFORMATION('','',#11,#15);
#17730 = PRODUCT_DEFINITION_SHAPE('Placement','Placement of an item',
  #17731);
#17731 = NEXT_ASSEMBLY_USAGE_OCCURRENCE('1','=>[0:1:1:2]','',#5,#27,$);
#17732 = PRODUCT_RELATED_PRODUCT_CATEGORY('part',$,(#29));
#17733 = MECHANICAL_DESIGN_GEOMETRIC_PRESENTATION_REPRESENTATION('',(
    #17734),#17722);
#17734 = STYLED_ITEM('color',(#17735),#33);
#17735 = PRESENTATION_STYLE_ASSIGNMENT((#17736));
#17736 = SURFACE_STYLE_USAGE(.BOTH.,#17737);
#17737 = SURFACE_SIDE_STYLE('',(#17738));
#17738 = SURFACE_STYLE_FILL_AREA(#17739);
#17739 = FILL_AREA_STYLE('',(#17740));
#17740 = FILL_AREA_STYLE_COLOUR('',#17741);
#17741 = COLOUR_RGB('',0.313304153717,0.484529207832,0.410020903123);
ENDSEC;
END-ISO-10303-21;
